0 verbose cli /usr/local/bin/node /usr/local/bin/npm
1 info using npm@11.6.1
2 info using node@v24.11.0
3 silly config load:file:/usr/local/lib/node_modules/npm/npmrc
4 silly config load:file:/Users/asfanshanu/Desktop/hijamabyasfan/.npmrc
5 silly config load:file:/Users/asfanshanu/.npmrc
6 silly config load:file:/usr/local/etc/npmrc
7 verbose title npm install shadcn
8 verbose argv "install" "--save-dev" "shadcn" "--cache" ".npm_cache"
9 verbose logfile logs-max:10 dir:/Users/asfanshanu/Desktop/hijamabyasfan/.npm_cache/_logs/2026-07-11T23_10_50_004Z-
10 verbose logfile /Users/asfanshanu/Desktop/hijamabyasfan/.npm_cache/_logs/2026-07-11T23_10_50_004Z-debug-0.log
11 silly logfile done cleaning log files
12 silly packumentCache heap:2348810240 maxSize:587202560 maxEntrySize:293601280
13 silly idealTree buildDeps
14 silly fetch manifest shadcn@*
15 silly packumentCache full:https://registry.npmjs.org/shadcn cache-miss
16 http fetch GET 200 https://registry.npmjs.org/shadcn 378ms (cache miss)
17 silly packumentCache full:https://registry.npmjs.org/shadcn set size:undefined disposed:false
18 silly placeDep ROOT shadcn@4.13.0 OK for: hijamabyasfan@0.1.0 want: *
19 silly fetch manifest @babel/plugin-transform-typescript@^7.28.0
20 silly packumentCache full:https://registry.npmjs.org/@babel%2fplugin-transform-typescript cache-miss
21 silly fetch manifest @babel/preset-typescript@^7.27.1
22 silly packumentCache full:https://registry.npmjs.org/@babel%2fpreset-typescript cache-miss
23 silly fetch manifest @dotenvx/dotenvx@^1.48.4
24 silly packumentCache full:https://registry.npmjs.org/@dotenvx%2fdotenvx cache-miss
25 silly fetch manifest @modelcontextprotocol/sdk@^1.26.0
26 silly packumentCache full:https://registry.npmjs.org/@modelcontextprotocol%2fsdk cache-miss
27 silly fetch manifest @types/validate-npm-package-name@^4.0.2
28 silly packumentCache full:https://registry.npmjs.org/@types%2fvalidate-npm-package-name cache-miss
29 silly fetch manifest commander@^14.0.0
30 silly packumentCache full:https://registry.npmjs.org/commander cache-miss
31 silly fetch manifest cosmiconfig@^9.0.0
32 silly packumentCache full:https://registry.npmjs.org/cosmiconfig cache-miss
33 http fetch GET 200 https://registry.npmjs.org/@babel%2fplugin-transform-typescript 123ms (cache miss)
34 silly packumentCache full:https://registry.npmjs.org/@babel%2fplugin-transform-typescript set size:undefined disposed:false
35 silly fetch manifest dedent@^1.6.0
36 silly packumentCache full:https://registry.npmjs.org/dedent cache-miss
37 http fetch GET 200 https://registry.npmjs.org/dedent 96ms (cache miss)
38 silly packumentCache full:https://registry.npmjs.org/dedent set size:undefined disposed:false
39 silly fetch manifest deepmerge@^4.3.1
40 silly packumentCache full:https://registry.npmjs.org/deepmerge cache-miss
41 http fetch GET 200 https://registry.npmjs.org/@types%2fvalidate-npm-package-name 248ms (cache miss)
42 silly packumentCache full:https://registry.npmjs.org/@types%2fvalidate-npm-package-name set size:undefined disposed:false
43 silly fetch manifest diff@^8.0.2
44 silly packumentCache full:https://registry.npmjs.org/diff cache-miss
45 http fetch GET 200 https://registry.npmjs.org/cosmiconfig 268ms (cache miss)
46 silly packumentCache full:https://registry.npmjs.org/cosmiconfig set size:undefined disposed:false
47 silly fetch manifest execa@^9.6.0
48 silly packumentCache full:https://registry.npmjs.org/execa cache-miss
49 http fetch GET 200 https://registry.npmjs.org/@babel%2fpreset-typescript 274ms (cache miss)
50 silly packumentCache full:https://registry.npmjs.org/@babel%2fpreset-typescript set size:undefined disposed:false
51 silly fetch manifest fast-glob@^3.3.3
52 silly packumentCache full:https://registry.npmjs.org/fast-glob cache-miss
53 http fetch GET 200 https://registry.npmjs.org/@modelcontextprotocol%2fsdk 278ms (cache miss)
54 silly packumentCache full:https://registry.npmjs.org/@modelcontextprotocol%2fsdk set size:undefined disposed:false
55 silly fetch manifest fs-extra@^11.3.1
56 silly packumentCache full:https://registry.npmjs.org/fs-extra cache-miss
57 http cache https://registry.npmjs.org/fast-glob 8ms (cache hit)
58 silly packumentCache full:https://registry.npmjs.org/fast-glob set size:220556 disposed:false
59 silly fetch manifest fuzzysort@^3.1.0
60 silly packumentCache full:https://registry.npmjs.org/fuzzysort cache-miss
61 http fetch GET 200 https://registry.npmjs.org/commander 287ms (cache miss)
62 silly packumentCache full:https://registry.npmjs.org/commander set size:undefined disposed:false
63 silly fetch manifest kleur@^4.1.5
64 silly packumentCache full:https://registry.npmjs.org/kleur cache-miss
65 http fetch GET 200 https://registry.npmjs.org/diff 79ms (cache miss)
66 silly packumentCache full:https://registry.npmjs.org/diff set size:undefined disposed:false
67 silly fetch manifest open@^11.0.0
68 silly packumentCache full:https://registry.npmjs.org/open cache-miss
69 http fetch GET 200 https://registry.npmjs.org/@dotenvx%2fdotenvx 338ms (cache miss)
70 silly packumentCache full:https://registry.npmjs.org/@dotenvx%2fdotenvx set size:undefined disposed:false
71 silly fetch manifest ora@^8.2.0
72 silly packumentCache full:https://registry.npmjs.org/ora cache-miss
73 http fetch GET 200 https://registry.npmjs.org/execa 89ms (cache miss)
74 silly packumentCache full:https://registry.npmjs.org/execa set size:undefined disposed:false
75 silly fetch manifest postcss-selector-parser@^7.1.0
76 silly packumentCache full:https://registry.npmjs.org/postcss-selector-parser cache-miss
77 http fetch GET 200 https://registry.npmjs.org/fuzzysort 78ms (cache miss)
78 silly packumentCache full:https://registry.npmjs.org/fuzzysort set size:undefined disposed:false
79 silly fetch manifest prompts@^2.4.2
80 silly packumentCache full:https://registry.npmjs.org/prompts cache-miss
81 http fetch GET 200 https://registry.npmjs.org/fs-extra 84ms (cache miss)
82 silly packumentCache full:https://registry.npmjs.org/fs-extra set size:undefined disposed:false
83 silly fetch manifest recast@^0.23.11
84 silly packumentCache full:https://registry.npmjs.org/recast cache-miss
85 http fetch GET 200 https://registry.npmjs.org/open 77ms (cache miss)
86 silly packumentCache full:https://registry.npmjs.org/open set size:undefined disposed:false
87 silly fetch manifest stringify-object@^5.0.0
88 silly packumentCache full:https://registry.npmjs.org/stringify-object cache-miss
89 http fetch GET 200 https://registry.npmjs.org/ora 82ms (cache miss)
90 silly packumentCache full:https://registry.npmjs.org/ora set size:undefined disposed:false
91 silly fetch manifest ts-morph@^26.0.0
92 silly packumentCache full:https://registry.npmjs.org/ts-morph cache-miss
93 http fetch GET 200 https://registry.npmjs.org/prompts 74ms (cache miss)
94 silly packumentCache full:https://registry.npmjs.org/prompts set size:undefined disposed:false
95 silly fetch manifest tsconfig-paths@^4.2.0
96 silly packumentCache full:https://registry.npmjs.org/tsconfig-paths cache-miss
97 http fetch GET 200 https://registry.npmjs.org/postcss-selector-parser 79ms (cache miss)
98 silly packumentCache full:https://registry.npmjs.org/postcss-selector-parser set size:undefined disposed:false
99 silly fetch manifest undici@^7.27.2
100 silly packumentCache full:https://registry.npmjs.org/undici cache-miss
101 http cache https://registry.npmjs.org/tsconfig-paths 4ms (cache hit)
102 silly packumentCache full:https://registry.npmjs.org/tsconfig-paths set size:192565 disposed:false
103 silly fetch manifest validate-npm-package-name@^7.0.1
104 silly packumentCache full:https://registry.npmjs.org/validate-npm-package-name cache-miss
105 http fetch GET 200 https://registry.npmjs.org/recast 118ms (cache miss)
106 silly packumentCache full:https://registry.npmjs.org/recast set size:undefined disposed:false
107 silly fetch manifest zod@^3.24.1
108 silly packumentCache full:https://registry.npmjs.org/zod cache-miss
109 http fetch GET 200 https://registry.npmjs.org/stringify-object 81ms (cache miss)
110 silly packumentCache full:https://registry.npmjs.org/stringify-object set size:undefined disposed:false
111 silly fetch manifest zod-to-json-schema@^3.24.6
112 silly packumentCache full:https://registry.npmjs.org/zod-to-json-schema cache-miss
113 http cache https://registry.npmjs.org/zod 11ms (cache hit)
114 silly packumentCache full:https://registry.npmjs.org/zod set size:3552562 disposed:false
115 http fetch GET 200 https://registry.npmjs.org/validate-npm-package-name 69ms (cache miss)
116 silly packumentCache full:https://registry.npmjs.org/validate-npm-package-name set size:undefined disposed:false
117 http fetch GET 200 https://registry.npmjs.org/ts-morph 90ms (cache miss)
118 silly packumentCache full:https://registry.npmjs.org/ts-morph set size:undefined disposed:false
119 http fetch GET 200 https://registry.npmjs.org/deepmerge 350ms (cache miss)
120 silly packumentCache full:https://registry.npmjs.org/deepmerge set size:undefined disposed:false
121 http fetch GET 200 https://registry.npmjs.org/zod-to-json-schema 103ms (cache miss)
122 silly packumentCache full:https://registry.npmjs.org/zod-to-json-schema set size:undefined disposed:false
123 http fetch GET 200 https://registry.npmjs.org/kleur 307ms (cache miss)
124 silly packumentCache full:https://registry.npmjs.org/kleur set size:undefined disposed:false
125 http fetch GET 200 https://registry.npmjs.org/undici 167ms (cache miss)
126 silly packumentCache full:https://registry.npmjs.org/undici set size:undefined disposed:false
127 silly fetch manifest @emnapi/runtime@^1.7.0
128 silly packumentCache full:https://registry.npmjs.org/@emnapi%2fruntime cache-miss
129 http cache https://registry.npmjs.org/@emnapi%2fruntime 2ms (cache hit)
130 silly packumentCache full:https://registry.npmjs.org/@emnapi%2fruntime set size:118526 disposed:false
131 silly placeDep ROOT @emnapi/runtime@1.11.2 OK for: @img/sharp-wasm32@0.34.5 want: ^1.7.0
132 silly fetch manifest @emnapi/core@^1.7.1
133 silly packumentCache full:https://registry.npmjs.org/@emnapi%2fcore cache-miss
134 http cache https://registry.npmjs.org/@emnapi%2fcore 1ms (cache hit)
135 silly packumentCache full:https://registry.npmjs.org/@emnapi%2fcore set size:117071 disposed:false
136 silly placeDep ROOT @emnapi/core@1.11.2 OK for: @napi-rs/wasm-runtime@1.1.6 want: ^1.7.1
137 silly fetch manifest @emnapi/wasi-threads@1.2.2
138 silly packumentCache full:https://registry.npmjs.org/@emnapi%2fwasi-threads cache-miss
139 http cache https://registry.npmjs.org/@emnapi%2fwasi-threads 1ms (cache hit)
140 silly packumentCache full:https://registry.npmjs.org/@emnapi%2fwasi-threads set size:28580 disposed:false
141 silly placeDep ROOT @emnapi/wasi-threads@1.2.2 REPLACE for: @emnapi/core@1.11.2 want: 1.2.2
142 silly fetch manifest @emnapi/core@1.10.0
143 silly packumentCache full:https://registry.npmjs.org/@emnapi%2fcore cache-hit
144 silly placeDep node_modules/@unrs/resolver-binding-wasm32-wasi @emnapi/core@1.10.0 OK for: @unrs/resolver-binding-wasm32-wasi@1.12.2 want: 1.10.0
145 silly fetch manifest @emnapi/wasi-threads@1.2.1
146 silly packumentCache full:https://registry.npmjs.org/@emnapi%2fwasi-threads cache-hit
147 silly fetch manifest @babel/core@^7.28.0
148 silly packumentCache full:https://registry.npmjs.org/@babel%2fcore cache-miss
149 http cache https://registry.npmjs.org/@babel%2fcore 3ms (cache hit)
150 silly packumentCache full:https://registry.npmjs.org/@babel%2fcore set size:788258 disposed:false
151 silly fetch manifest @cfworker/json-schema@^4.1.1
152 silly packumentCache full:https://registry.npmjs.org/@cfworker%2fjson-schema cache-miss
153 http fetch GET 200 https://registry.npmjs.org/@cfworker%2fjson-schema 98ms (cache miss)
154 silly packumentCache full:https://registry.npmjs.org/@cfworker%2fjson-schema set size:undefined disposed:false
155 silly fetch manifest typescript@>=4.9.5
156 silly packumentCache full:https://registry.npmjs.org/typescript cache-miss
157 http cache https://registry.npmjs.org/typescript 26ms (cache hit)
158 silly packumentCache full:https://registry.npmjs.org/typescript set size:15427890 disposed:false
159 silly fetch manifest babel-plugin-macros@^3.1.0
160 silly packumentCache full:https://registry.npmjs.org/babel-plugin-macros cache-miss
161 http fetch GET 200 https://registry.npmjs.org/babel-plugin-macros 83ms (cache miss)
162 silly packumentCache full:https://registry.npmjs.org/babel-plugin-macros set size:undefined disposed:false
163 silly placeDep ROOT @babel/plugin-transform-typescript@7.29.7 OK for: shadcn@4.13.0 want: ^7.28.0
164 silly placeDep ROOT @babel/preset-typescript@7.29.7 OK for: shadcn@4.13.0 want: ^7.27.1
165 silly placeDep ROOT @dotenvx/dotenvx@1.75.1 OK for: shadcn@4.13.0 want: ^1.48.4
166 silly placeDep ROOT @modelcontextprotocol/sdk@1.29.0 OK for: shadcn@4.13.0 want: ^1.26.0
167 silly placeDep ROOT @types/validate-npm-package-name@4.0.2 OK for: shadcn@4.13.0 want: ^4.0.2
168 silly placeDep ROOT commander@14.0.3 OK for: shadcn@4.13.0 want: ^14.0.0
169 silly placeDep ROOT cosmiconfig@9.0.2 OK for: shadcn@4.13.0 want: ^9.0.0
170 silly placeDep ROOT dedent@1.7.2 OK for: shadcn@4.13.0 want: ^1.6.0
171 silly placeDep ROOT deepmerge@4.3.1 OK for: shadcn@4.13.0 want: ^4.3.1
172 silly placeDep ROOT diff@8.0.4 OK for: shadcn@4.13.0 want: ^8.0.2
173 silly placeDep ROOT execa@9.6.1 OK for: shadcn@4.13.0 want: ^9.6.0
174 silly placeDep node_modules/shadcn fast-glob@3.3.3 OK for: shadcn@4.13.0 want: ^3.3.3
175 silly placeDep ROOT fs-extra@11.3.6 OK for: shadcn@4.13.0 want: ^11.3.1
176 silly placeDep ROOT fuzzysort@3.1.0 OK for: shadcn@4.13.0 want: ^3.1.0
177 silly placeDep ROOT kleur@4.1.5 OK for: shadcn@4.13.0 want: ^4.1.5
178 silly placeDep ROOT open@11.0.0 OK for: shadcn@4.13.0 want: ^11.0.0
179 silly placeDep ROOT ora@8.2.0 OK for: shadcn@4.13.0 want: ^8.2.0
180 silly placeDep ROOT postcss-selector-parser@7.1.4 OK for: shadcn@4.13.0 want: ^7.1.0
181 silly placeDep ROOT prompts@2.4.2 OK for: shadcn@4.13.0 want: ^2.4.2
182 silly placeDep ROOT recast@0.23.12 OK for: shadcn@4.13.0 want: ^0.23.11
183 silly placeDep ROOT stringify-object@5.0.0 OK for: shadcn@4.13.0 want: ^5.0.0
184 silly placeDep ROOT ts-morph@26.0.0 OK for: shadcn@4.13.0 want: ^26.0.0
185 silly placeDep node_modules/shadcn tsconfig-paths@4.2.0 OK for: shadcn@4.13.0 want: ^4.2.0
186 silly placeDep ROOT undici@7.28.0 OK for: shadcn@4.13.0 want: ^7.27.2
187 silly placeDep ROOT validate-npm-package-name@7.0.2 OK for: shadcn@4.13.0 want: ^7.0.1
188 silly placeDep node_modules/shadcn zod@3.25.76 OK for: shadcn@4.13.0 want: ^3.24.1
189 silly placeDep ROOT zod-to-json-schema@3.25.2 OK for: shadcn@4.13.0 want: ^3.24.6
190 silly fetch manifest @babel/helper-plugin-utils@^7.29.7
191 silly packumentCache full:https://registry.npmjs.org/@babel%2fhelper-plugin-utils cache-miss
192 silly fetch manifest @babel/helper-annotate-as-pure@^7.29.7
193 silly packumentCache full:https://registry.npmjs.org/@babel%2fhelper-annotate-as-pure cache-miss
194 silly fetch manifest @babel/plugin-syntax-typescript@^7.29.7
195 silly packumentCache full:https://registry.npmjs.org/@babel%2fplugin-syntax-typescript cache-miss
196 silly fetch manifest @babel/helper-create-class-features-plugin@^7.29.7
197 silly packumentCache full:https://registry.npmjs.org/@babel%2fhelper-create-class-features-plugin cache-miss
198 silly fetch manifest @babel/helper-skip-transparent-expression-wrappers@^7.29.7
199 silly packumentCache full:https://registry.npmjs.org/@babel%2fhelper-skip-transparent-expression-wrappers cache-miss
200 silly fetch manifest @babel/plugin-syntax-jsx@^7.29.7
201 silly packumentCache full:https://registry.npmjs.org/@babel%2fplugin-syntax-jsx cache-miss
202 silly fetch manifest @babel/helper-plugin-utils@^7.29.7
203 silly packumentCache full:https://registry.npmjs.org/@babel%2fhelper-plugin-utils cache-miss
204 http fetch GET 200 https://registry.npmjs.org/@babel%2fhelper-skip-transparent-expression-wrappers 85ms (cache miss)
205 silly packumentCache full:https://registry.npmjs.org/@babel%2fhelper-skip-transparent-expression-wrappers set size:undefined disposed:false
206 silly fetch manifest @babel/plugin-transform-modules-commonjs@^7.29.7
207 silly packumentCache full:https://registry.npmjs.org/@babel%2fplugin-transform-modules-commonjs cache-miss
208 http fetch GET 200 https://registry.npmjs.org/@babel%2fplugin-syntax-jsx 120ms (cache miss)
209 silly packumentCache full:https://registry.npmjs.org/@babel%2fplugin-syntax-jsx set size:undefined disposed:false
210 silly fetch manifest conf@^10.2.0
211 silly packumentCache full:https://registry.npmjs.org/conf cache-miss
212 http fetch GET 200 https://registry.npmjs.org/@babel%2fhelper-plugin-utils 123ms (cache miss)
213 silly packumentCache full:https://registry.npmjs.org/@babel%2fhelper-plugin-utils set size:undefined disposed:false
214 silly fetch manifest fdir@^6.2.0
215 silly packumentCache full:https://registry.npmjs.org/fdir cache-miss
216 http fetch GET 200 https://registry.npmjs.org/@babel%2fhelper-plugin-utils 126ms (cache miss)
217 silly packumentCache full:https://registry.npmjs.org/@babel%2fhelper-plugin-utils set size:undefined disposed:false
218 silly fetch manifest open@^8.4.2
219 silly packumentCache full:https://registry.npmjs.org/open cache-miss
220 http cache https://registry.npmjs.org/open 1ms (cache hit)
221 silly packumentCache full:https://registry.npmjs.org/open set size:136392 disposed:false
222 silly fetch manifest execa@^5.1.1
223 silly packumentCache full:https://registry.npmjs.org/execa cache-miss
224 http cache https://registry.npmjs.org/fdir 5ms (cache hit)
225 silly packumentCache full:https://registry.npmjs.org/fdir set size:136182 disposed:false
226 silly fetch manifest which@^4.0.0
227 silly packumentCache full:https://registry.npmjs.org/which cache-miss
228 http cache https://registry.npmjs.org/execa 3ms (cache hit)
229 silly packumentCache full:https://registry.npmjs.org/execa set size:181234 disposed:false
230 silly fetch manifest dotenv@^17.2.1
231 silly packumentCache full:https://registry.npmjs.org/dotenv cache-miss
232 http cache https://registry.npmjs.org/which 3ms (cache hit)
233 silly packumentCache full:https://registry.npmjs.org/which set size:70087 disposed:false
234 silly fetch manifest undici@^7.11.0
235 silly packumentCache full:https://registry.npmjs.org/undici cache-miss
236 http cache https://registry.npmjs.org/undici 3ms (cache hit)
237 silly packumentCache full:https://registry.npmjs.org/undici set size:1497166 disposed:false
238 silly fetch manifest enquirer@^2.4.1
239 silly packumentCache full:https://registry.npmjs.org/enquirer cache-miss
240 http fetch GET 200 https://registry.npmjs.org/@babel%2fplugin-syntax-typescript 148ms (cache miss)
241 silly packumentCache full:https://registry.npmjs.org/@babel%2fplugin-syntax-typescript set size:undefined disposed:false
242 silly fetch manifest commander@^11.1.0
243 silly packumentCache full:https://registry.npmjs.org/commander cache-miss
244 http fetch GET 200 https://registry.npmjs.org/@babel%2fhelper-annotate-as-pure 149ms (cache miss)
245 silly packumentCache full:https://registry.npmjs.org/@babel%2fhelper-annotate-as-pure set size:undefined disposed:false
246 silly fetch manifest env-paths@^2.2.1
247 silly packumentCache full:https://registry.npmjs.org/env-paths cache-miss
248 http cache https://registry.npmjs.org/commander 3ms (cache hit)
249 silly packumentCache full:https://registry.npmjs.org/commander set size:353115 disposed:false
250 silly fetch manifest picomatch@^4.0.4
251 silly packumentCache full:https://registry.npmjs.org/picomatch cache-miss
252 http cache https://registry.npmjs.org/picomatch 2ms (cache hit)
253 silly packumentCache full:https://registry.npmjs.org/picomatch set size:128942 disposed:false
254 silly fetch manifest yocto-spinner@^1.1.0
255 silly packumentCache full:https://registry.npmjs.org/yocto-spinner cache-miss
256 http fetch GET 200 https://registry.npmjs.org/@babel%2fplugin-transform-modules-commonjs 95ms (cache miss)
257 silly packumentCache full:https://registry.npmjs.org/@babel%2fplugin-transform-modules-commonjs set size:undefined disposed:false
258 silly fetch manifest object-treeify@1.1.33
259 silly packumentCache full:https://registry.npmjs.org/object-treeify cache-miss
260 http fetch GET 200 https://registry.npmjs.org/conf 104ms (cache miss)
261 silly packumentCache full:https://registry.npmjs.org/conf set size:undefined disposed:false
262 silly fetch manifest systeminformation@^5.22.11
263 silly packumentCache full:https://registry.npmjs.org/systeminformation cache-miss
264 http fetch GET 200 https://registry.npmjs.org/dotenv 104ms (cache miss)
265 silly packumentCache full:https://registry.npmjs.org/dotenv set size:undefined disposed:false
266 silly fetch manifest @dotenvx/primitives@^0.8.0
267 silly packumentCache full:https://registry.npmjs.org/@dotenvx%2fprimitives cache-miss
268 http fetch GET 200 https://registry.npmjs.org/yocto-spinner 90ms (cache miss)
269 silly packumentCache full:https://registry.npmjs.org/yocto-spinner set size:undefined disposed:false
270 silly fetch manifest ajv@^8.17.1
271 silly packumentCache full:https://registry.npmjs.org/ajv cache-miss
272 http fetch GET 200 https://registry.npmjs.org/env-paths 96ms (cache miss)
273 silly packumentCache full:https://registry.npmjs.org/env-paths set size:undefined disposed:false
274 silly fetch manifest cors@^2.8.5
275 silly packumentCache full:https://registry.npmjs.org/cors cache-miss
276 http fetch GET 200 https://registry.npmjs.org/enquirer 103ms (cache miss)
277 silly packumentCache full:https://registry.npmjs.org/enquirer set size:undefined disposed:false
278 silly fetch manifest hono@^4.11.4
279 silly packumentCache full:https://registry.npmjs.org/hono cache-miss
280 http cache https://registry.npmjs.org/ajv 6ms (cache hit)
281 silly packumentCache full:https://registry.npmjs.org/ajv set size:1142658 disposed:false
282 silly fetch manifest jose@^6.1.3
283 silly packumentCache full:https://registry.npmjs.org/jose cache-miss
284 http fetch GET 200 https://registry.npmjs.org/cors 70ms (cache miss)
285 silly packumentCache full:https://registry.npmjs.org/cors set size:undefined disposed:false
286 silly fetch manifest express@^5.2.1
287 silly packumentCache full:https://registry.npmjs.org/express cache-miss
288 http fetch GET 200 https://registry.npmjs.org/@dotenvx%2fprimitives 82ms (cache miss)
289 silly packumentCache full:https://registry.npmjs.org/@dotenvx%2fprimitives set size:undefined disposed:false
290 silly fetch manifest raw-body@^3.0.0
291 silly packumentCache full:https://registry.npmjs.org/raw-body cache-miss
292 http fetch GET 200 https://registry.npmjs.org/@babel%2fhelper-create-class-features-plugin 425ms (cache miss)
293 silly packumentCache full:https://registry.npmjs.org/@babel%2fhelper-create-class-features-plugin set size:undefined disposed:false
294 silly fetch manifest ajv-formats@^3.0.1
295 silly packumentCache full:https://registry.npmjs.org/ajv-formats cache-miss
296 http fetch GET 200 https://registry.npmjs.org/raw-body 174ms (cache miss)
297 silly packumentCache full:https://registry.npmjs.org/raw-body set size:undefined disposed:false
298 silly fetch manifest eventsource@^3.0.2
299 silly packumentCache full:https://registry.npmjs.org/eventsource cache-miss
300 http fetch GET 200 https://registry.npmjs.org/jose 292ms (cache miss)
301 silly packumentCache full:https://registry.npmjs.org/jose set size:undefined disposed:false
302 silly fetch manifest content-type@^1.0.5
303 silly packumentCache full:https://registry.npmjs.org/content-type cache-miss
304 http fetch GET 200 https://registry.npmjs.org/hono 325ms (cache miss)
305 silly packumentCache full:https://registry.npmjs.org/hono set size:undefined disposed:false
306 silly fetch manifest pkce-challenge@^5.0.0
307 silly packumentCache full:https://registry.npmjs.org/pkce-challenge cache-miss
308 http fetch GET 200 https://registry.npmjs.org/ajv-formats 181ms (cache miss)
309 silly packumentCache full:https://registry.npmjs.org/ajv-formats set size:undefined disposed:false
310 silly fetch manifest @hono/node-server@^1.19.9
311 silly packumentCache full:https://registry.npmjs.org/@hono%2fnode-server cache-miss
312 http fetch GET 200 https://registry.npmjs.org/eventsource 110ms (cache miss)
313 silly packumentCache full:https://registry.npmjs.org/eventsource set size:undefined disposed:false
314 silly fetch manifest json-schema-typed@^8.0.2
315 silly packumentCache full:https://registry.npmjs.org/json-schema-typed cache-miss
316 http fetch GET 200 https://registry.npmjs.org/object-treeify 428ms (cache miss)
317 silly packumentCache full:https://registry.npmjs.org/object-treeify set size:undefined disposed:false
318 silly fetch manifest eventsource-parser@^3.0.0
319 silly packumentCache full:https://registry.npmjs.org/eventsource-parser cache-miss
320 http fetch GET 200 https://registry.npmjs.org/systeminformation 386ms (cache miss)
321 silly packumentCache full:https://registry.npmjs.org/systeminformation set size:undefined disposed:false
322 silly fetch manifest express-rate-limit@^8.2.1
323 silly packumentCache full:https://registry.npmjs.org/express-rate-limit cache-miss
324 http fetch GET 200 https://registry.npmjs.org/content-type 77ms (cache miss)
325 silly packumentCache full:https://registry.npmjs.org/content-type set size:undefined disposed:false
326 silly fetch manifest zod-to-json-schema@^3.25.1
327 silly packumentCache full:https://registry.npmjs.org/zod-to-json-schema cache-miss
328 http cache https://registry.npmjs.org/zod-to-json-schema 1ms (cache hit)
329 silly packumentCache full:https://registry.npmjs.org/zod-to-json-schema set size:309584 disposed:false
330 silly fetch manifest parse-json@^5.2.0
331 silly packumentCache full:https://registry.npmjs.org/parse-json cache-miss
332 http fetch GET 200 https://registry.npmjs.org/pkce-challenge 68ms (cache miss)
333 silly packumentCache full:https://registry.npmjs.org/pkce-challenge set size:undefined disposed:false
334 silly fetch manifest @sindresorhus/merge-streams@^4.0.0
335 silly packumentCache full:https://registry.npmjs.org/@sindresorhus%2fmerge-streams cache-miss
336 http fetch GET 200 https://registry.npmjs.org/eventsource-parser 65ms (cache miss)
337 silly packumentCache full:https://registry.npmjs.org/eventsource-parser set size:undefined disposed:false
338 silly fetch manifest figures@^6.1.0
339 silly packumentCache full:https://registry.npmjs.org/figures cache-miss
340 http fetch GET 200 https://registry.npmjs.org/json-schema-typed 91ms (cache miss)
341 silly packumentCache full:https://registry.npmjs.org/json-schema-typed set size:undefined disposed:false
342 silly fetch manifest get-stream@^9.0.0
343 silly packumentCache full:https://registry.npmjs.org/get-stream cache-miss
344 http fetch GET 200 https://registry.npmjs.org/parse-json 95ms (cache miss)
345 silly packumentCache full:https://registry.npmjs.org/parse-json set size:undefined disposed:false
346 silly fetch manifest human-signals@^8.0.1
347 silly packumentCache full:https://registry.npmjs.org/human-signals cache-miss
348 http fetch GET 200 https://registry.npmjs.org/@hono%2fnode-server 125ms (cache miss)
349 silly packumentCache full:https://registry.npmjs.org/@hono%2fnode-server set size:undefined disposed:false
350 silly fetch manifest is-plain-obj@^4.1.0
351 silly packumentCache full:https://registry.npmjs.org/is-plain-obj cache-miss
352 http fetch GET 200 https://registry.npmjs.org/express-rate-limit 118ms (cache miss)
353 silly packumentCache full:https://registry.npmjs.org/express-rate-limit set size:undefined disposed:false
354 silly fetch manifest is-stream@^4.0.1
355 silly packumentCache full:https://registry.npmjs.org/is-stream cache-miss
356 http fetch GET 200 https://registry.npmjs.org/express 424ms (cache miss)
357 silly packumentCache full:https://registry.npmjs.org/express set size:undefined disposed:false
358 silly fetch manifest npm-run-path@^6.0.0
359 silly packumentCache full:https://registry.npmjs.org/npm-run-path cache-miss
360 http fetch GET 200 https://registry.npmjs.org/@sindresorhus%2fmerge-streams 102ms (cache miss)
361 silly packumentCache full:https://registry.npmjs.org/@sindresorhus%2fmerge-streams set size:undefined disposed:false
362 silly fetch manifest pretty-ms@^9.2.0
363 silly packumentCache full:https://registry.npmjs.org/pretty-ms cache-miss
364 http fetch GET 200 https://registry.npmjs.org/get-stream 86ms (cache miss)
365 silly packumentCache full:https://registry.npmjs.org/get-stream set size:undefined disposed:false
366 silly fetch manifest signal-exit@^4.1.0
367 silly packumentCache full:https://registry.npmjs.org/signal-exit cache-miss
368 http fetch GET 200 https://registry.npmjs.org/is-stream 62ms (cache miss)
369 silly packumentCache full:https://registry.npmjs.org/is-stream set size:undefined disposed:false
370 silly fetch manifest strip-final-newline@^4.0.0
371 silly packumentCache full:https://registry.npmjs.org/strip-final-newline cache-miss
372 http fetch GET 200 https://registry.npmjs.org/human-signals 70ms (cache miss)
373 silly packumentCache full:https://registry.npmjs.org/human-signals set size:undefined disposed:false
374 silly fetch manifest yoctocolors@^2.1.1
375 silly packumentCache full:https://registry.npmjs.org/yoctocolors cache-miss
376 http fetch GET 200 https://registry.npmjs.org/is-plain-obj 71ms (cache miss)
377 silly packumentCache full:https://registry.npmjs.org/is-plain-obj set size:undefined disposed:false
378 silly fetch manifest glob-parent@^5.1.2
379 silly packumentCache full:https://registry.npmjs.org/glob-parent cache-miss
380 http cache https://registry.npmjs.org/glob-parent 2ms (cache hit)
381 silly packumentCache full:https://registry.npmjs.org/glob-parent set size:42445 disposed:false
382 silly fetch manifest jsonfile@^6.0.1
383 silly packumentCache full:https://registry.npmjs.org/jsonfile cache-miss
384 http fetch GET 200 https://registry.npmjs.org/npm-run-path 87ms (cache miss)
385 silly packumentCache full:https://registry.npmjs.org/npm-run-path set size:undefined disposed:false
386 silly fetch manifest universalify@^2.0.0
387 silly packumentCache full:https://registry.npmjs.org/universalify cache-miss
388 http fetch GET 200 https://registry.npmjs.org/pretty-ms 83ms (cache miss)
389 silly packumentCache full:https://registry.npmjs.org/pretty-ms set size:undefined disposed:false
390 silly fetch manifest default-browser@^5.4.0
391 silly packumentCache full:https://registry.npmjs.org/default-browser cache-miss
392 http fetch GET 200 https://registry.npmjs.org/strip-final-newline 57ms (cache miss)
393 silly packumentCache full:https://registry.npmjs.org/strip-final-newline set size:undefined disposed:false
394 silly fetch manifest define-lazy-prop@^3.0.0
395 silly packumentCache full:https://registry.npmjs.org/define-lazy-prop cache-miss
396 http fetch GET 200 https://registry.npmjs.org/signal-exit 83ms (cache miss)
397 silly packumentCache full:https://registry.npmjs.org/signal-exit set size:undefined disposed:false
398 silly fetch manifest is-in-ssh@^1.0.0
399 silly packumentCache full:https://registry.npmjs.org/is-in-ssh cache-miss
400 http fetch GET 200 https://registry.npmjs.org/jsonfile 64ms (cache miss)
401 silly packumentCache full:https://registry.npmjs.org/jsonfile set size:undefined disposed:false
402 silly fetch manifest is-inside-container@^1.0.0
403 silly packumentCache full:https://registry.npmjs.org/is-inside-container cache-miss
404 http fetch GET 200 https://registry.npmjs.org/yoctocolors 72ms (cache miss)
405 silly packumentCache full:https://registry.npmjs.org/yoctocolors set size:undefined disposed:false
406 silly fetch manifest powershell-utils@^0.1.0
407 silly packumentCache full:https://registry.npmjs.org/powershell-utils cache-miss
408 http fetch GET 200 https://registry.npmjs.org/universalify 84ms (cache miss)
409 silly packumentCache full:https://registry.npmjs.org/universalify set size:undefined disposed:false
410 silly fetch manifest wsl-utils@^0.3.0
411 silly packumentCache full:https://registry.npmjs.org/wsl-utils cache-miss
412 http fetch GET 200 https://registry.npmjs.org/define-lazy-prop 60ms (cache miss)
413 silly packumentCache full:https://registry.npmjs.org/define-lazy-prop set size:undefined disposed:false
414 silly fetch manifest chalk@^5.3.0
415 silly packumentCache full:https://registry.npmjs.org/chalk cache-miss
416 http cache https://registry.npmjs.org/chalk 2ms (cache hit)
417 silly packumentCache full:https://registry.npmjs.org/chalk set size:117861 disposed:false
418 silly fetch manifest cli-cursor@^5.0.0
419 silly packumentCache full:https://registry.npmjs.org/cli-cursor cache-miss
420 http fetch GET 200 https://registry.npmjs.org/default-browser 80ms (cache miss)
421 silly packumentCache full:https://registry.npmjs.org/default-browser set size:undefined disposed:false
422 silly fetch manifest strip-ansi@^7.1.0
423 silly packumentCache full:https://registry.npmjs.org/strip-ansi cache-miss
424 http fetch GET 200 https://registry.npmjs.org/is-in-ssh 66ms (cache miss)
425 silly packumentCache full:https://registry.npmjs.org/is-in-ssh set size:undefined disposed:false
426 silly fetch manifest log-symbols@^6.0.0
427 silly packumentCache full:https://registry.npmjs.org/log-symbols cache-miss
428 http fetch GET 200 https://registry.npmjs.org/powershell-utils 69ms (cache miss)
429 silly packumentCache full:https://registry.npmjs.org/powershell-utils set size:undefined disposed:false
430 silly fetch manifest cli-spinners@^2.9.2
431 silly packumentCache full:https://registry.npmjs.org/cli-spinners cache-miss
432 http fetch GET 200 https://registry.npmjs.org/cli-cursor 72ms (cache miss)
433 silly packumentCache full:https://registry.npmjs.org/cli-cursor set size:undefined disposed:false
434 silly fetch manifest string-width@^7.2.0
435 silly packumentCache full:https://registry.npmjs.org/string-width cache-miss
436 http fetch GET 200 https://registry.npmjs.org/wsl-utils 78ms (cache miss)
437 silly packumentCache full:https://registry.npmjs.org/wsl-utils set size:undefined disposed:false
438 silly fetch manifest is-interactive@^2.0.0
439 silly packumentCache full:https://registry.npmjs.org/is-interactive cache-miss
440 http fetch GET 200 https://registry.npmjs.org/log-symbols 83ms (cache miss)
441 silly packumentCache full:https://registry.npmjs.org/log-symbols set size:undefined disposed:false
442 silly fetch manifest stdin-discarder@^0.2.2
443 silly packumentCache full:https://registry.npmjs.org/stdin-discarder cache-miss
444 http fetch GET 200 https://registry.npmjs.org/strip-ansi 90ms (cache miss)
445 silly packumentCache full:https://registry.npmjs.org/strip-ansi set size:undefined disposed:false
446 silly fetch manifest is-unicode-supported@^2.0.0
447 silly packumentCache full:https://registry.npmjs.org/is-unicode-supported cache-miss
448 http fetch GET 200 https://registry.npmjs.org/cli-spinners 82ms (cache miss)
449 silly packumentCache full:https://registry.npmjs.org/cli-spinners set size:undefined disposed:false
450 silly fetch manifest cssesc@^3.0.0
451 silly packumentCache full:https://registry.npmjs.org/cssesc cache-miss
452 http fetch GET 200 https://registry.npmjs.org/figures 359ms (cache miss)
453 silly packumentCache full:https://registry.npmjs.org/figures set size:undefined disposed:false
454 silly fetch manifest util-deprecate@^1.0.2
455 silly packumentCache full:https://registry.npmjs.org/util-deprecate cache-miss
456 http fetch GET 200 https://registry.npmjs.org/is-interactive 68ms (cache miss)
457 silly packumentCache full:https://registry.npmjs.org/is-interactive set size:undefined disposed:false
458 silly fetch manifest kleur@^3.0.3
459 silly packumentCache full:https://registry.npmjs.org/kleur cache-miss
460 http cache https://registry.npmjs.org/kleur 1ms (cache hit)
461 silly packumentCache full:https://registry.npmjs.org/kleur set size:61853 disposed:false
462 silly fetch manifest sisteransi@^1.0.5
463 silly packumentCache full:https://registry.npmjs.org/sisteransi cache-miss
464 http fetch GET 200 https://registry.npmjs.org/string-width 75ms (cache miss)
465 silly packumentCache full:https://registry.npmjs.org/string-width set size:undefined disposed:false
466 silly fetch manifest ast-types@^0.16.1
467 silly packumentCache full:https://registry.npmjs.org/ast-types cache-miss
468 http fetch GET 200 https://registry.npmjs.org/stdin-discarder 65ms (cache miss)
469 silly packumentCache full:https://registry.npmjs.org/stdin-discarder set size:undefined disposed:false
470 silly fetch manifest esprima@~4.0.0
471 silly packumentCache full:https://registry.npmjs.org/esprima cache-miss
472 http fetch GET 200 https://registry.npmjs.org/cssesc 66ms (cache miss)
473 silly packumentCache full:https://registry.npmjs.org/cssesc set size:undefined disposed:false
474 silly fetch manifest source-map@~0.6.1
475 silly packumentCache full:https://registry.npmjs.org/source-map cache-miss
476 http fetch GET 200 https://registry.npmjs.org/util-deprecate 63ms (cache miss)
477 silly packumentCache full:https://registry.npmjs.org/util-deprecate set size:undefined disposed:false
478 silly fetch manifest tiny-invariant@^1.3.3
479 silly packumentCache full:https://registry.npmjs.org/tiny-invariant cache-miss
480 http fetch GET 200 https://registry.npmjs.org/is-unicode-supported 86ms (cache miss)
481 silly packumentCache full:https://registry.npmjs.org/is-unicode-supported set size:undefined disposed:false
482 silly fetch manifest is-obj@^3.0.0
483 silly packumentCache full:https://registry.npmjs.org/is-obj cache-miss
484 http fetch GET 200 https://registry.npmjs.org/sisteransi 73ms (cache miss)
485 silly packumentCache full:https://registry.npmjs.org/sisteransi set size:undefined disposed:false
486 silly fetch manifest is-regexp@^3.1.0
487 silly packumentCache full:https://registry.npmjs.org/is-regexp cache-miss
488 http fetch GET 200 https://registry.npmjs.org/ast-types 106ms (cache miss)
489 silly packumentCache full:https://registry.npmjs.org/ast-types set size:undefined disposed:false
490 silly fetch manifest get-own-enumerable-keys@^1.0.0
491 silly packumentCache full:https://registry.npmjs.org/get-own-enumerable-keys cache-miss
492 http fetch GET 200 https://registry.npmjs.org/esprima 93ms (cache miss)
493 silly packumentCache full:https://registry.npmjs.org/esprima set size:undefined disposed:false
494 silly fetch manifest @ts-morph/common@~0.27.0
495 silly packumentCache full:https://registry.npmjs.org/@ts-morph%2fcommon cache-miss
496 http fetch GET 200 https://registry.npmjs.org/tiny-invariant 85ms (cache miss)
497 silly packumentCache full:https://registry.npmjs.org/tiny-invariant set size:undefined disposed:false
498 silly fetch manifest code-block-writer@^13.0.3
499 silly packumentCache full:https://registry.npmjs.org/code-block-writer cache-miss
500 http fetch GET 200 https://registry.npmjs.org/is-inside-container 319ms (cache miss)
501 silly packumentCache full:https://registry.npmjs.org/is-inside-container set size:undefined disposed:false
502 http fetch GET 200 https://registry.npmjs.org/is-obj 82ms (cache miss)
503 silly packumentCache full:https://registry.npmjs.org/is-obj set size:undefined disposed:false
504 http fetch GET 200 https://registry.npmjs.org/is-regexp 86ms (cache miss)
505 silly packumentCache full:https://registry.npmjs.org/is-regexp set size:undefined disposed:false
506 http fetch GET 200 https://registry.npmjs.org/get-own-enumerable-keys 69ms (cache miss)
507 silly packumentCache full:https://registry.npmjs.org/get-own-enumerable-keys set size:undefined disposed:false
508 http fetch GET 200 https://registry.npmjs.org/code-block-writer 80ms (cache miss)
509 silly packumentCache full:https://registry.npmjs.org/code-block-writer set size:undefined disposed:false
510 http fetch GET 200 https://registry.npmjs.org/@ts-morph%2fcommon 99ms (cache miss)
511 silly packumentCache full:https://registry.npmjs.org/@ts-morph%2fcommon set size:undefined disposed:false
512 http fetch GET 200 https://registry.npmjs.org/source-map 335ms (cache miss)
513 silly packumentCache full:https://registry.npmjs.org/source-map set size:undefined disposed:false
514 silly fetch manifest @babel/core@^7.0.0-0
515 silly packumentCache full:https://registry.npmjs.org/@babel%2fcore cache-hit
516 silly placeDep ROOT @babel/helper-annotate-as-pure@7.29.7 OK for: @babel/plugin-transform-typescript@7.29.7 want: ^7.29.7
517 silly placeDep ROOT @babel/helper-create-class-features-plugin@7.29.7 OK for: @babel/plugin-transform-typescript@7.29.7 want: ^7.29.7
518 silly placeDep ROOT @babel/helper-plugin-utils@7.29.7 OK for: @babel/plugin-transform-typescript@7.29.7 want: ^7.29.7
519 silly placeDep ROOT @babel/helper-skip-transparent-expression-wrappers@7.29.7 OK for: @babel/plugin-transform-typescript@7.29.7 want: ^7.29.7
520 silly placeDep ROOT @babel/plugin-syntax-typescript@7.29.7 OK for: @babel/plugin-transform-typescript@7.29.7 want: ^7.29.7
521 silly fetch manifest @babel/helper-replace-supers@^7.29.7
522 silly packumentCache full:https://registry.npmjs.org/@babel%2fhelper-replace-supers cache-miss
523 silly fetch manifest @babel/helper-optimise-call-expression@^7.29.7
524 silly packumentCache full:https://registry.npmjs.org/@babel%2fhelper-optimise-call-expression cache-miss
525 silly fetch manifest @babel/helper-member-expression-to-functions@^7.29.7
526 silly packumentCache full:https://registry.npmjs.org/@babel%2fhelper-member-expression-to-functions cache-miss
527 http fetch GET 200 https://registry.npmjs.org/@babel%2fhelper-optimise-call-expression 183ms (cache miss)
528 silly packumentCache full:https://registry.npmjs.org/@babel%2fhelper-optimise-call-expression set size:undefined disposed:false
529 http fetch GET 200 https://registry.npmjs.org/@babel%2fhelper-replace-supers 186ms (cache miss)
530 silly packumentCache full:https://registry.npmjs.org/@babel%2fhelper-replace-supers set size:undefined disposed:false
531 http fetch GET 200 https://registry.npmjs.org/@babel%2fhelper-member-expression-to-functions 313ms (cache miss)
532 silly packumentCache full:https://registry.npmjs.org/@babel%2fhelper-member-expression-to-functions set size:undefined disposed:false
533 silly fetch manifest @babel/core@^7.0.0
534 silly packumentCache full:https://registry.npmjs.org/@babel%2fcore cache-hit
535 silly placeDep ROOT @babel/helper-member-expression-to-functions@7.29.7 OK for: @babel/helper-create-class-features-plugin@7.29.7 want: ^7.29.7
536 silly placeDep ROOT @babel/helper-optimise-call-expression@7.29.7 OK for: @babel/helper-create-class-features-plugin@7.29.7 want: ^7.29.7
537 silly placeDep ROOT @babel/helper-replace-supers@7.29.7 OK for: @babel/helper-create-class-features-plugin@7.29.7 want: ^7.29.7
538 silly placeDep ROOT @babel/plugin-syntax-jsx@7.29.7 OK for: @babel/preset-typescript@7.29.7 want: ^7.29.7
539 silly placeDep ROOT @babel/plugin-transform-modules-commonjs@7.29.7 OK for: @babel/preset-typescript@7.29.7 want: ^7.29.7
540 silly placeDep ROOT @dotenvx/primitives@0.8.0 OK for: @dotenvx/dotenvx@1.75.1 want: ^0.8.0
541 silly placeDep node_modules/@dotenvx/dotenvx commander@11.1.0 OK for: @dotenvx/dotenvx@1.75.1 want: ^11.1.0
542 silly placeDep ROOT conf@10.2.0 OK for: @dotenvx/dotenvx@1.75.1 want: ^10.2.0
543 silly placeDep ROOT dotenv@17.4.2 OK for: @dotenvx/dotenvx@1.75.1 want: ^17.2.1
544 silly placeDep ROOT enquirer@2.4.1 OK for: @dotenvx/dotenvx@1.75.1 want: ^2.4.1
545 silly placeDep ROOT env-paths@2.2.1 OK for: @dotenvx/dotenvx@1.75.1 want: ^2.2.1
546 silly placeDep node_modules/@dotenvx/dotenvx execa@5.1.1 OK for: @dotenvx/dotenvx@1.75.1 want: ^5.1.1
547 silly placeDep node_modules/@dotenvx/dotenvx fdir@6.5.0 OK for: @dotenvx/dotenvx@1.75.1 want: ^6.2.0
548 silly placeDep node_modules/@dotenvx/dotenvx picomatch@4.0.5 OK for: fdir@6.5.0 want: ^3 || ^4
549 silly placeDep ROOT object-treeify@1.1.33 OK for: @dotenvx/dotenvx@1.75.1 want: 1.1.33
550 silly placeDep node_modules/@dotenvx/dotenvx open@8.4.2 OK for: @dotenvx/dotenvx@1.75.1 want: ^8.4.2
551 silly placeDep ROOT systeminformation@5.31.16 OK for: @dotenvx/dotenvx@1.75.1 want: ^5.22.11
552 silly placeDep node_modules/@dotenvx/dotenvx which@4.0.0 OK for: @dotenvx/dotenvx@1.75.1 want: ^4.0.0
553 silly placeDep ROOT yocto-spinner@1.2.1 OK for: @dotenvx/dotenvx@1.75.1 want: ^1.1.0
554 silly fetch manifest ajv@^8.6.3
555 silly packumentCache full:https://registry.npmjs.org/ajv cache-miss
556 silly fetch manifest pkg-up@^3.1.0
557 silly packumentCache full:https://registry.npmjs.org/pkg-up cache-miss
558 silly fetch manifest semver@^7.3.5
559 silly packumentCache full:https://registry.npmjs.org/semver cache-miss
560 silly fetch manifest onetime@^5.1.2
561 silly packumentCache full:https://registry.npmjs.org/onetime cache-miss
562 silly fetch manifest dot-prop@^6.0.1
563 silly packumentCache full:https://registry.npmjs.org/dot-prop cache-miss
564 silly fetch manifest atomically@^1.7.0
565 silly packumentCache full:https://registry.npmjs.org/atomically cache-miss
566 silly fetch manifest ajv-formats@^2.1.1
567 silly packumentCache full:https://registry.npmjs.org/ajv-formats cache-miss
568 http cache https://registry.npmjs.org/ajv 5ms (cache hit)
569 silly packumentCache full:https://registry.npmjs.org/ajv set size:1142658 disposed:false
570 silly fetch manifest debounce-fn@^4.0.0
571 silly packumentCache full:https://registry.npmjs.org/debounce-fn cache-miss
572 http cache https://registry.npmjs.org/ajv-formats 10ms (cache hit)
573 silly packumentCache full:https://registry.npmjs.org/ajv-formats set size:141264 disposed:false
574 silly fetch manifest json-schema-typed@^7.0.3
575 silly packumentCache full:https://registry.npmjs.org/json-schema-typed cache-miss
576 http cache https://registry.npmjs.org/semver 11ms (cache hit)
577 silly packumentCache full:https://registry.npmjs.org/semver set size:246069 disposed:false
578 silly fetch manifest ansi-colors@^4.1.1
579 silly packumentCache full:https://registry.npmjs.org/ansi-colors cache-miss
580 http cache https://registry.npmjs.org/json-schema-typed 3ms (cache hit)
581 silly packumentCache full:https://registry.npmjs.org/json-schema-typed set size:26165 disposed:false
582 silly fetch manifest strip-ansi@^6.0.1
583 silly packumentCache full:https://registry.npmjs.org/strip-ansi cache-miss
584 http cache https://registry.npmjs.org/strip-ansi 0ms (cache hit)
585 silly packumentCache full:https://registry.npmjs.org/strip-ansi set size:44998 disposed:false
586 silly fetch manifest onetime@^5.1.2
587 silly packumentCache full:https://registry.npmjs.org/onetime cache-miss
588 http fetch GET 200 https://registry.npmjs.org/pkg-up 107ms (cache miss)
589 silly packumentCache full:https://registry.npmjs.org/pkg-up set size:undefined disposed:false
590 silly fetch manifest is-stream@^2.0.0
591 silly packumentCache full:https://registry.npmjs.org/is-stream cache-miss
592 http cache https://registry.npmjs.org/is-stream 1ms (cache hit)
593 silly packumentCache full:https://registry.npmjs.org/is-stream set size:18582 disposed:false
594 silly fetch manifest get-stream@^6.0.0
595 silly packumentCache full:https://registry.npmjs.org/get-stream cache-miss
596 http cache https://registry.npmjs.org/get-stream 2ms (cache hit)
597 silly packumentCache full:https://registry.npmjs.org/get-stream set size:57536 disposed:false
598 silly fetch manifest signal-exit@^3.0.3
599 silly packumentCache full:https://registry.npmjs.org/signal-exit cache-miss
600 http cache https://registry.npmjs.org/signal-exit 1ms (cache hit)
601 silly packumentCache full:https://registry.npmjs.org/signal-exit set size:53489 disposed:false
602 silly fetch manifest merge-stream@^2.0.0
603 silly packumentCache full:https://registry.npmjs.org/merge-stream cache-miss
604 http fetch GET 200 https://registry.npmjs.org/dot-prop 141ms (cache miss)
605 silly packumentCache full:https://registry.npmjs.org/dot-prop set size:undefined disposed:false
606 silly fetch manifest npm-run-path@^4.0.1
607 silly packumentCache full:https://registry.npmjs.org/npm-run-path cache-miss
608 http cache https://registry.npmjs.org/npm-run-path 2ms (cache hit)
609 silly packumentCache full:https://registry.npmjs.org/npm-run-path set size:33596 disposed:false
610 silly fetch manifest human-signals@^2.1.0
611 silly packumentCache full:https://registry.npmjs.org/human-signals cache-miss
612 http cache https://registry.npmjs.org/human-signals 1ms (cache hit)
613 silly packumentCache full:https://registry.npmjs.org/human-signals set size:47322 disposed:false
614 silly fetch manifest strip-final-newline@^2.0.0
615 silly packumentCache full:https://registry.npmjs.org/strip-final-newline cache-miss
616 http cache https://registry.npmjs.org/strip-final-newline 1ms (cache hit)
617 silly packumentCache full:https://registry.npmjs.org/strip-final-newline set size:9328 disposed:false
618 silly fetch manifest is-wsl@^2.2.0
619 silly packumentCache full:https://registry.npmjs.org/is-wsl cache-miss
620 http fetch GET 200 https://registry.npmjs.org/atomically 170ms (cache miss)
621 silly packumentCache full:https://registry.npmjs.org/atomically set size:undefined disposed:false
622 silly fetch manifest is-docker@^2.1.1
623 silly packumentCache full:https://registry.npmjs.org/is-docker cache-miss
624 http fetch GET 200 https://registry.npmjs.org/onetime 291ms (cache miss)
625 silly packumentCache full:https://registry.npmjs.org/onetime set size:undefined disposed:false
626 silly fetch manifest define-lazy-prop@^2.0.0
627 silly packumentCache full:https://registry.npmjs.org/define-lazy-prop cache-miss
628 http cache https://registry.npmjs.org/define-lazy-prop 4ms (cache hit)
629 silly packumentCache full:https://registry.npmjs.org/define-lazy-prop set size:9337 disposed:false
630 silly fetch manifest isexe@^3.1.1
631 silly packumentCache full:https://registry.npmjs.org/isexe cache-miss
632 http cache https://registry.npmjs.org/isexe 4ms (cache hit)
633 silly packumentCache full:https://registry.npmjs.org/isexe set size:31756 disposed:false
634 http fetch GET 200 https://registry.npmjs.org/debounce-fn 294ms (cache miss)
635 silly packumentCache full:https://registry.npmjs.org/debounce-fn set size:undefined disposed:false
636 http fetch GET 200 https://registry.npmjs.org/onetime 333ms (cache miss)
637 silly packumentCache full:https://registry.npmjs.org/onetime set size:undefined disposed:false
638 http fetch GET 200 https://registry.npmjs.org/ansi-colors 338ms (cache miss)
639 silly packumentCache full:https://registry.npmjs.org/ansi-colors set size:undefined disposed:false
640 http fetch GET 200 https://registry.npmjs.org/merge-stream 274ms (cache miss)
641 silly packumentCache full:https://registry.npmjs.org/merge-stream set size:undefined disposed:false
642 http fetch GET 200 https://registry.npmjs.org/is-wsl 258ms (cache miss)
643 silly packumentCache full:https://registry.npmjs.org/is-wsl set size:undefined disposed:false
644 http fetch GET 200 https://registry.npmjs.org/is-docker 579ms (cache miss)
645 silly packumentCache full:https://registry.npmjs.org/is-docker set size:undefined disposed:false
646 silly placeDep ROOT @hono/node-server@1.19.14 OK for: @modelcontextprotocol/sdk@1.29.0 want: ^1.19.9
647 silly placeDep ROOT hono@4.12.29 OK for: @hono/node-server@1.19.14 want: ^4
648 silly placeDep node_modules/@modelcontextprotocol/sdk ajv@8.20.0 OK for: @modelcontextprotocol/sdk@1.29.0 want: ^8.17.1
649 silly placeDep ROOT ajv-formats@3.0.1 OK for: @modelcontextprotocol/sdk@1.29.0 want: ^3.0.1
650 silly placeDep ROOT content-type@1.0.5 OK for: @modelcontextprotocol/sdk@1.29.0 want: ^1.0.5
651 silly placeDep ROOT cors@2.8.6 OK for: @modelcontextprotocol/sdk@1.29.0 want: ^2.8.5
652 silly placeDep ROOT eventsource@3.0.7 OK for: @modelcontextprotocol/sdk@1.29.0 want: ^3.0.2
653 silly placeDep ROOT eventsource-parser@3.1.0 OK for: @modelcontextprotocol/sdk@1.29.0 want: ^3.0.0
654 silly placeDep ROOT express@5.2.1 OK for: @modelcontextprotocol/sdk@1.29.0 want: ^5.2.1
655 silly placeDep ROOT express-rate-limit@8.5.2 OK for: @modelcontextprotocol/sdk@1.29.0 want: ^8.2.1
656 silly placeDep ROOT jose@6.2.3 OK for: @modelcontextprotocol/sdk@1.29.0 want: ^6.1.3
657 silly placeDep ROOT json-schema-typed@8.0.2 OK for: @modelcontextprotocol/sdk@1.29.0 want: ^8.0.2
658 silly placeDep ROOT pkce-challenge@5.0.1 OK for: @modelcontextprotocol/sdk@1.29.0 want: ^5.0.0
659 silly placeDep ROOT raw-body@3.0.2 OK for: @modelcontextprotocol/sdk@1.29.0 want: ^3.0.0
660 silly fetch manifest fast-uri@^3.0.1
661 silly packumentCache full:https://registry.npmjs.org/fast-uri cache-miss
662 silly fetch manifest json-schema-traverse@^1.0.0
663 silly packumentCache full:https://registry.npmjs.org/json-schema-traverse cache-miss
664 silly fetch manifest require-from-string@^2.0.2
665 silly packumentCache full:https://registry.npmjs.org/require-from-string cache-miss
666 silly fetch manifest ajv@^8.0.0
667 silly packumentCache full:https://registry.npmjs.org/ajv cache-miss
668 silly fetch manifest vary@^1
669 silly packumentCache full:https://registry.npmjs.org/vary cache-miss
670 silly fetch manifest eventsource-parser@^3.0.1
671 silly packumentCache full:https://registry.npmjs.org/eventsource-parser cache-miss
672 silly fetch manifest qs@^6.14.0
673 silly packumentCache full:https://registry.npmjs.org/qs cache-miss
674 http cache https://registry.npmjs.org/eventsource-parser 7ms (cache hit)
675 silly packumentCache full:https://registry.npmjs.org/eventsource-parser set size:78018 disposed:false
676 silly fetch manifest depd@^2.0.0
677 silly packumentCache full:https://registry.npmjs.org/depd cache-miss
678 http cache https://registry.npmjs.org/ajv 11ms (cache hit)
679 silly packumentCache full:https://registry.npmjs.org/ajv set size:1142658 disposed:false
680 silly fetch manifest etag@^1.8.1
681 silly packumentCache full:https://registry.npmjs.org/etag cache-miss
682 http cache https://registry.npmjs.org/json-schema-traverse 16ms (cache hit)
683 silly packumentCache full:https://registry.npmjs.org/json-schema-traverse set size:23537 disposed:false
684 silly fetch manifest once@^1.4.0
685 silly packumentCache full:https://registry.npmjs.org/once cache-miss
686 http fetch GET 200 https://registry.npmjs.org/fast-uri 97ms (cache miss)
687 silly packumentCache full:https://registry.npmjs.org/fast-uri set size:undefined disposed:false
688 silly fetch manifest send@^1.1.0
689 silly packumentCache full:https://registry.npmjs.org/send cache-miss
690 http fetch GET 200 https://registry.npmjs.org/require-from-string 110ms (cache miss)
691 silly packumentCache full:https://registry.npmjs.org/require-from-string set size:undefined disposed:false
692 silly fetch manifest vary@^1.1.2
693 silly packumentCache full:https://registry.npmjs.org/vary cache-miss
694 http fetch GET 200 https://registry.npmjs.org/vary 144ms (cache miss)
695 silly packumentCache full:https://registry.npmjs.org/vary set size:undefined disposed:false
696 silly fetch manifest fresh@^2.0.0
697 silly packumentCache full:https://registry.npmjs.org/fresh cache-miss
698 http fetch GET 200 https://registry.npmjs.org/depd 226ms (cache miss)
699 silly packumentCache full:https://registry.npmjs.org/depd set size:undefined disposed:false
700 silly fetch manifest cookie@^0.7.1
701 silly packumentCache full:https://registry.npmjs.org/cookie cache-miss
702 http cache https://registry.npmjs.org/cookie 3ms (cache hit)
703 silly packumentCache full:https://registry.npmjs.org/cookie set size:78274 disposed:false
704 silly fetch manifest router@^2.2.0
705 silly packumentCache full:https://registry.npmjs.org/router cache-miss
706 http fetch GET 200 https://registry.npmjs.org/etag 238ms (cache miss)
707 silly packumentCache full:https://registry.npmjs.org/etag set size:undefined disposed:false
708 silly fetch manifest accepts@^2.0.0
709 silly packumentCache full:https://registry.npmjs.org/accepts cache-miss
710 http fetch GET 200 https://registry.npmjs.org/once 257ms (cache miss)
711 silly packumentCache full:https://registry.npmjs.org/once set size:undefined disposed:false
712 silly fetch manifest type-is@^2.0.1
713 silly packumentCache full:https://registry.npmjs.org/type-is cache-miss
714 http fetch GET 200 https://registry.npmjs.org/send 218ms (cache miss)
715 silly packumentCache full:https://registry.npmjs.org/send set size:undefined disposed:false
716 silly fetch manifest parseurl@^1.3.3
717 silly packumentCache full:https://registry.npmjs.org/parseurl cache-miss
718 http fetch GET 200 https://registry.npmjs.org/vary 265ms (cache miss)
719 silly packumentCache full:https://registry.npmjs.org/vary set size:undefined disposed:false
720 silly fetch manifest statuses@^2.0.1
721 silly packumentCache full:https://registry.npmjs.org/statuses cache-miss
722 http fetch GET 200 https://registry.npmjs.org/fresh 281ms (cache miss)
723 silly packumentCache full:https://registry.npmjs.org/fresh set size:undefined disposed:false
724 silly fetch manifest encodeurl@^2.0.0
725 silly packumentCache full:https://registry.npmjs.org/encodeurl cache-miss
726 http fetch GET 200 https://registry.npmjs.org/router 222ms (cache miss)
727 silly packumentCache full:https://registry.npmjs.org/router set size:undefined disposed:false
728 silly fetch manifest mime-types@^3.0.0
729 silly packumentCache full:https://registry.npmjs.org/mime-types cache-miss
730 http fetch GET 200 https://registry.npmjs.org/accepts 241ms (cache miss)
731 silly packumentCache full:https://registry.npmjs.org/accepts set size:undefined disposed:false
732 silly fetch manifest proxy-addr@^2.0.7
733 silly packumentCache full:https://registry.npmjs.org/proxy-addr cache-miss
734 http fetch GET 200 https://registry.npmjs.org/type-is 269ms (cache miss)
735 silly packumentCache full:https://registry.npmjs.org/type-is set size:undefined disposed:false
736 silly fetch manifest body-parser@^2.2.1
737 silly packumentCache full:https://registry.npmjs.org/body-parser cache-miss
738 http fetch GET 200 https://registry.npmjs.org/parseurl 326ms (cache miss)
739 silly packumentCache full:https://registry.npmjs.org/parseurl set size:undefined disposed:false
740 silly fetch manifest escape-html@^1.0.3
741 silly packumentCache full:https://registry.npmjs.org/escape-html cache-miss
742 http fetch GET 200 https://registry.npmjs.org/statuses 287ms (cache miss)
743 silly packumentCache full:https://registry.npmjs.org/statuses set size:undefined disposed:false
744 silly fetch manifest http-errors@^2.0.0
745 silly packumentCache full:https://registry.npmjs.org/http-errors cache-miss
746 http fetch GET 200 https://registry.npmjs.org/qs 668ms (cache miss)
747 silly packumentCache full:https://registry.npmjs.org/qs set size:undefined disposed:false
748 silly fetch manifest on-finished@^2.4.1
749 silly packumentCache full:https://registry.npmjs.org/on-finished cache-miss
750 http fetch GET 200 https://registry.npmjs.org/encodeurl 255ms (cache miss)
751 silly packumentCache full:https://registry.npmjs.org/encodeurl set size:undefined disposed:false
752 silly fetch manifest finalhandler@^2.1.0
753 silly packumentCache full:https://registry.npmjs.org/finalhandler cache-miss
754 http fetch GET 200 https://registry.npmjs.org/mime-types 238ms (cache miss)
755 silly packumentCache full:https://registry.npmjs.org/mime-types set size:undefined disposed:false
756 silly fetch manifest range-parser@^1.2.1
757 silly packumentCache full:https://registry.npmjs.org/range-parser cache-miss
758 http fetch GET 200 https://registry.npmjs.org/proxy-addr 362ms (cache miss)
759 silly packumentCache full:https://registry.npmjs.org/proxy-addr set size:undefined disposed:false
760 silly fetch manifest serve-static@^2.2.0
761 silly packumentCache full:https://registry.npmjs.org/serve-static cache-miss
762 http fetch GET 200 https://registry.npmjs.org/body-parser 357ms (cache miss)
763 silly packumentCache full:https://registry.npmjs.org/body-parser set size:undefined disposed:false
764 silly fetch manifest cookie-signature@^1.2.1
765 silly packumentCache full:https://registry.npmjs.org/cookie-signature cache-miss
766 http fetch GET 200 https://registry.npmjs.org/escape-html 285ms (cache miss)
767 silly packumentCache full:https://registry.npmjs.org/escape-html set size:undefined disposed:false
768 silly fetch manifest merge-descriptors@^2.0.0
769 silly packumentCache full:https://registry.npmjs.org/merge-descriptors cache-miss
770 http fetch GET 200 https://registry.npmjs.org/on-finished 317ms (cache miss)
771 silly packumentCache full:https://registry.npmjs.org/on-finished set size:undefined disposed:false
772 silly fetch manifest content-disposition@^1.0.0
773 silly packumentCache full:https://registry.npmjs.org/content-disposition cache-miss
774 http fetch GET 200 https://registry.npmjs.org/finalhandler 342ms (cache miss)
775 silly packumentCache full:https://registry.npmjs.org/finalhandler set size:undefined disposed:false
776 silly fetch manifest ip-address@^10.2.0
777 silly packumentCache full:https://registry.npmjs.org/ip-address cache-miss
778 http fetch GET 200 https://registry.npmjs.org/range-parser 325ms (cache miss)
779 silly packumentCache full:https://registry.npmjs.org/range-parser set size:undefined disposed:false
780 silly fetch manifest bytes@~3.1.2
781 silly packumentCache full:https://registry.npmjs.org/bytes cache-miss
782 http fetch GET 200 https://registry.npmjs.org/serve-static 319ms (cache miss)
783 silly packumentCache full:https://registry.npmjs.org/serve-static set size:undefined disposed:false
784 silly fetch manifest unpipe@~1.0.0
785 silly packumentCache full:https://registry.npmjs.org/unpipe cache-miss
786 http fetch GET 200 https://registry.npmjs.org/cookie-signature 298ms (cache miss)
787 silly packumentCache full:https://registry.npmjs.org/cookie-signature set size:undefined disposed:false
788 silly fetch manifest iconv-lite@~0.7.0
789 silly packumentCache full:https://registry.npmjs.org/iconv-lite cache-miss
790 http fetch GET 200 https://registry.npmjs.org/merge-descriptors 272ms (cache miss)
791 silly packumentCache full:https://registry.npmjs.org/merge-descriptors set size:undefined disposed:false
792 silly fetch manifest http-errors@~2.0.1
793 silly packumentCache full:https://registry.npmjs.org/http-errors cache-miss
794 http fetch GET 200 https://registry.npmjs.org/http-errors 551ms (cache miss)
795 silly packumentCache full:https://registry.npmjs.org/http-errors set size:undefined disposed:false
796 http fetch GET 200 https://registry.npmjs.org/content-disposition 234ms (cache miss)
797 silly packumentCache full:https://registry.npmjs.org/content-disposition set size:undefined disposed:false
798 http fetch GET 200 https://registry.npmjs.org/ip-address 243ms (cache miss)
799 silly packumentCache full:https://registry.npmjs.org/ip-address set size:undefined disposed:false
800 http fetch GET 200 https://registry.npmjs.org/bytes 274ms (cache miss)
801 silly packumentCache full:https://registry.npmjs.org/bytes set size:undefined disposed:false
802 http fetch GET 200 https://registry.npmjs.org/unpipe 140ms (cache miss)
803 silly packumentCache full:https://registry.npmjs.org/unpipe set size:undefined disposed:false
804 http fetch GET 200 https://registry.npmjs.org/iconv-lite 216ms (cache miss)
805 silly packumentCache full:https://registry.npmjs.org/iconv-lite set size:undefined disposed:false
806 http fetch GET 200 https://registry.npmjs.org/http-errors 242ms (cache miss)
807 silly packumentCache full:https://registry.npmjs.org/http-errors set size:undefined disposed:false
808 silly placeDep node_modules/ajv-formats ajv@8.20.0 OK for: ajv-formats@3.0.1 want: ^8.0.0
809 silly placeDep node_modules/conf ajv@8.20.0 OK for: conf@10.2.0 want: ^8.6.3
810 silly placeDep node_modules/conf ajv-formats@2.1.1 OK for: conf@10.2.0 want: ^2.1.1
811 silly placeDep ROOT atomically@1.7.0 OK for: conf@10.2.0 want: ^1.7.0
812 silly placeDep ROOT debounce-fn@4.0.0 OK for: conf@10.2.0 want: ^4.0.0
813 silly placeDep ROOT dot-prop@6.0.1 OK for: conf@10.2.0 want: ^6.0.1
814 silly placeDep node_modules/conf json-schema-typed@7.0.3 OK for: conf@10.2.0 want: ^7.0.3
815 silly placeDep ROOT onetime@5.1.2 OK for: conf@10.2.0 want: ^5.1.2
816 silly placeDep ROOT pkg-up@3.1.0 OK for: conf@10.2.0 want: ^3.1.0
817 silly placeDep node_modules/conf semver@7.8.5 OK for: conf@10.2.0 want: ^7.3.5
818 silly fetch manifest mimic-fn@^3.0.0
819 silly packumentCache full:https://registry.npmjs.org/mimic-fn cache-miss
820 silly fetch manifest is-obj@^2.0.0
821 silly packumentCache full:https://registry.npmjs.org/is-obj cache-miss
822 silly fetch manifest mimic-fn@^2.1.0
823 silly packumentCache full:https://registry.npmjs.org/mimic-fn cache-miss
824 silly fetch manifest find-up@^3.0.0
825 silly packumentCache full:https://registry.npmjs.org/find-up cache-miss
826 http cache https://registry.npmjs.org/is-obj 3ms (cache hit)
827 silly packumentCache full:https://registry.npmjs.org/is-obj set size:9560 disposed:false
828 http cache https://registry.npmjs.org/find-up 4ms (cache hit)
829 silly packumentCache full:https://registry.npmjs.org/find-up set size:42620 disposed:false
830 http fetch GET 200 https://registry.npmjs.org/mimic-fn 106ms (cache miss)
831 silly packumentCache full:https://registry.npmjs.org/mimic-fn set size:undefined disposed:false
832 http fetch GET 200 https://registry.npmjs.org/mimic-fn 115ms (cache miss)
833 silly packumentCache full:https://registry.npmjs.org/mimic-fn set size:undefined disposed:false
834 silly placeDep ROOT vary@1.1.2 OK for: cors@2.8.6 want: ^1
835 silly placeDep ROOT parse-json@5.2.0 OK for: cosmiconfig@9.0.2 want: ^5.2.0
836 silly fetch manifest error-ex@^1.3.1
837 silly packumentCache full:https://registry.npmjs.org/error-ex cache-miss
838 silly fetch manifest lines-and-columns@^1.1.6
839 silly packumentCache full:https://registry.npmjs.org/lines-and-columns cache-miss
840 silly fetch manifest json-parse-even-better-errors@^2.3.0
841 silly packumentCache full:https://registry.npmjs.org/json-parse-even-better-errors cache-miss
842 http fetch GET 200 https://registry.npmjs.org/error-ex 95ms (cache miss)
843 silly packumentCache full:https://registry.npmjs.org/error-ex set size:undefined disposed:false
844 http fetch GET 200 https://registry.npmjs.org/lines-and-columns 131ms (cache miss)
845 silly packumentCache full:https://registry.npmjs.org/lines-and-columns set size:undefined disposed:false
846 http fetch GET 200 https://registry.npmjs.org/json-parse-even-better-errors 149ms (cache miss)
847 silly packumentCache full:https://registry.npmjs.org/json-parse-even-better-errors set size:undefined disposed:false
848 silly placeDep ROOT mimic-fn@3.1.0 OK for: debounce-fn@4.0.0 want: ^3.0.0
849 silly placeDep ROOT is-obj@2.0.0 OK for: dot-prop@6.0.1 want: ^2.0.0
850 silly placeDep ROOT ansi-colors@4.1.3 OK for: enquirer@2.4.1 want: ^4.1.1
851 silly placeDep ROOT strip-ansi@6.0.1 OK for: enquirer@2.4.1 want: ^6.0.1
852 silly fetch manifest ansi-regex@^5.0.1
853 silly packumentCache full:https://registry.npmjs.org/ansi-regex cache-miss
854 http fetch GET 200 https://registry.npmjs.org/ansi-regex 88ms (cache miss)
855 silly packumentCache full:https://registry.npmjs.org/ansi-regex set size:undefined disposed:false
856 silly placeDep ROOT @sindresorhus/merge-streams@4.0.0 OK for: execa@9.6.1 want: ^4.0.0
857 silly placeDep ROOT figures@6.1.0 OK for: execa@9.6.1 want: ^6.1.0
858 silly placeDep ROOT get-stream@9.0.1 OK for: execa@9.6.1 want: ^9.0.0
859 silly placeDep ROOT human-signals@8.0.1 OK for: execa@9.6.1 want: ^8.0.1
860 silly placeDep ROOT is-plain-obj@4.1.0 OK for: execa@9.6.1 want: ^4.1.0
861 silly placeDep ROOT is-stream@4.0.1 OK for: execa@9.6.1 want: ^4.0.1
862 silly placeDep ROOT npm-run-path@6.0.0 OK for: execa@9.6.1 want: ^6.0.0
863 silly placeDep ROOT pretty-ms@9.3.0 OK for: execa@9.6.1 want: ^9.2.0
864 silly placeDep ROOT signal-exit@4.1.0 OK for: execa@9.6.1 want: ^4.1.0
865 silly placeDep ROOT strip-final-newline@4.0.0 OK for: execa@9.6.1 want: ^4.0.0
866 silly placeDep ROOT yoctocolors@2.1.2 OK for: execa@9.6.1 want: ^2.1.1
867 silly fetch manifest @sec-ant/readable-stream@^0.4.1
868 silly packumentCache full:https://registry.npmjs.org/@sec-ant%2freadable-stream cache-miss
869 silly fetch manifest path-key@^4.0.0
870 silly packumentCache full:https://registry.npmjs.org/path-key cache-miss
871 silly fetch manifest unicorn-magic@^0.3.0
872 silly packumentCache full:https://registry.npmjs.org/unicorn-magic cache-miss
873 silly fetch manifest parse-ms@^4.0.0
874 silly packumentCache full:https://registry.npmjs.org/parse-ms cache-miss
875 http cache https://registry.npmjs.org/path-key 3ms (cache hit)
876 silly packumentCache full:https://registry.npmjs.org/path-key set size:16975 disposed:false
877 http fetch GET 200 https://registry.npmjs.org/@sec-ant%2freadable-stream 100ms (cache miss)
878 silly packumentCache full:https://registry.npmjs.org/@sec-ant%2freadable-stream set size:undefined disposed:false
879 http fetch GET 200 https://registry.npmjs.org/unicorn-magic 111ms (cache miss)
880 silly packumentCache full:https://registry.npmjs.org/unicorn-magic set size:undefined disposed:false
881 http fetch GET 200 https://registry.npmjs.org/parse-ms 146ms (cache miss)
882 silly packumentCache full:https://registry.npmjs.org/parse-ms set size:undefined disposed:false
883 silly placeDep ROOT accepts@2.0.0 OK for: express@5.2.1 want: ^2.0.0
884 silly placeDep ROOT body-parser@2.3.0 OK for: express@5.2.1 want: ^2.2.1
885 silly placeDep ROOT content-disposition@1.1.0 OK for: express@5.2.1 want: ^1.0.0
886 silly placeDep node_modules/express cookie@0.7.2 OK for: express@5.2.1 want: ^0.7.1
887 silly placeDep ROOT cookie-signature@1.2.2 OK for: express@5.2.1 want: ^1.2.1
888 silly placeDep ROOT depd@2.0.0 OK for: express@5.2.1 want: ^2.0.0
889 silly placeDep ROOT encodeurl@2.0.0 OK for: express@5.2.1 want: ^2.0.0
890 silly placeDep ROOT escape-html@1.0.3 OK for: express@5.2.1 want: ^1.0.3
891 silly placeDep ROOT etag@1.8.1 OK for: express@5.2.1 want: ^1.8.1
892 silly placeDep ROOT finalhandler@2.1.1 OK for: express@5.2.1 want: ^2.1.0
893 silly placeDep ROOT fresh@2.0.0 OK for: express@5.2.1 want: ^2.0.0
894 silly placeDep ROOT http-errors@2.0.1 OK for: express@5.2.1 want: ^2.0.0
895 silly placeDep ROOT merge-descriptors@2.0.0 OK for: express@5.2.1 want: ^2.0.0
896 silly placeDep ROOT mime-types@3.0.2 OK for: express@5.2.1 want: ^3.0.0
897 silly placeDep ROOT on-finished@2.4.1 OK for: express@5.2.1 want: ^2.4.1
898 silly placeDep ROOT once@1.4.0 OK for: express@5.2.1 want: ^1.4.0
899 silly placeDep ROOT parseurl@1.3.3 OK for: express@5.2.1 want: ^1.3.3
900 silly placeDep ROOT proxy-addr@2.0.7 OK for: express@5.2.1 want: ^2.0.7
901 silly placeDep ROOT qs@6.15.3 OK for: express@5.2.1 want: ^6.14.0
902 silly placeDep ROOT range-parser@1.3.0 OK for: express@5.2.1 want: ^1.2.1
903 silly placeDep ROOT router@2.2.0 OK for: express@5.2.1 want: ^2.2.0
904 silly placeDep ROOT send@1.2.1 OK for: express@5.2.1 want: ^1.1.0
905 silly placeDep ROOT serve-static@2.2.1 OK for: express@5.2.1 want: ^2.2.0
906 silly placeDep ROOT statuses@2.0.2 OK for: express@5.2.1 want: ^2.0.1
907 silly placeDep ROOT type-is@2.1.0 OK for: express@5.2.1 want: ^2.0.1
908 silly fetch manifest negotiator@^1.0.0
909 silly packumentCache full:https://registry.npmjs.org/negotiator cache-miss
910 silly fetch manifest qs@^6.15.2
911 silly packumentCache full:https://registry.npmjs.org/qs cache-miss
912 silly fetch manifest bytes@^3.1.2
913 silly packumentCache full:https://registry.npmjs.org/bytes cache-miss
914 silly fetch manifest type-is@^2.1.0
915 silly packumentCache full:https://registry.npmjs.org/type-is cache-miss
916 silly fetch manifest iconv-lite@^0.7.2
917 silly packumentCache full:https://registry.npmjs.org/iconv-lite cache-miss
918 silly fetch manifest http-errors@^2.0.1
919 silly packumentCache full:https://registry.npmjs.org/http-errors cache-miss
920 silly fetch manifest content-type@^2.0.0
921 silly packumentCache full:https://registry.npmjs.org/content-type cache-miss
922 http cache https://registry.npmjs.org/bytes 6ms (cache hit)
923 silly packumentCache full:https://registry.npmjs.org/bytes set size:37018 disposed:false
924 silly fetch manifest inherits@~2.0.4
925 silly packumentCache full:https://registry.npmjs.org/inherits cache-miss
926 http cache https://registry.npmjs.org/http-errors 7ms (cache hit)
927 silly packumentCache full:https://registry.npmjs.org/http-errors set size:71987 disposed:false
928 silly fetch manifest setprototypeof@~1.2.0
929 silly packumentCache full:https://registry.npmjs.org/setprototypeof cache-miss
930 http cache https://registry.npmjs.org/content-type 7ms (cache hit)
931 silly packumentCache full:https://registry.npmjs.org/content-type set size:18994 disposed:false
932 silly fetch manifest statuses@~2.0.2
933 silly packumentCache full:https://registry.npmjs.org/statuses cache-miss
934 http cache https://registry.npmjs.org/qs 9ms (cache hit)
935 silly packumentCache full:https://registry.npmjs.org/qs set size:360318 disposed:false
936 silly fetch manifest toidentifier@~1.0.1
937 silly packumentCache full:https://registry.npmjs.org/toidentifier cache-miss
938 http cache https://registry.npmjs.org/iconv-lite 12ms (cache hit)
939 silly packumentCache full:https://registry.npmjs.org/iconv-lite set size:126478 disposed:false
940 silly fetch manifest mime-db@^1.54.0
941 silly packumentCache full:https://registry.npmjs.org/mime-db cache-miss
942 http cache https://registry.npmjs.org/type-is 13ms (cache hit)
943 silly packumentCache full:https://registry.npmjs.org/type-is set size:88614 disposed:false
944 silly fetch manifest ee-first@1.1.1
945 silly packumentCache full:https://registry.npmjs.org/ee-first cache-miss
946 http cache https://registry.npmjs.org/statuses 7ms (cache hit)
947 silly packumentCache full:https://registry.npmjs.org/statuses set size:37117 disposed:false
948 silly fetch manifest wrappy@1
949 silly packumentCache full:https://registry.npmjs.org/wrappy cache-miss
950 http fetch GET 200 https://registry.npmjs.org/negotiator 94ms (cache miss)
951 silly packumentCache full:https://registry.npmjs.org/negotiator set size:undefined disposed:false
952 silly fetch manifest forwarded@0.2.0
953 silly packumentCache full:https://registry.npmjs.org/forwarded cache-miss
954 http fetch GET 200 https://registry.npmjs.org/inherits 101ms (cache miss)
955 silly packumentCache full:https://registry.npmjs.org/inherits set size:undefined disposed:false
956 silly fetch manifest ipaddr.js@1.9.1
957 silly packumentCache full:https://registry.npmjs.org/ipaddr.js cache-miss
958 http fetch GET 200 https://registry.npmjs.org/setprototypeof 120ms (cache miss)
959 silly packumentCache full:https://registry.npmjs.org/setprototypeof set size:undefined disposed:false
960 silly fetch manifest is-promise@^4.0.0
961 silly packumentCache full:https://registry.npmjs.org/is-promise cache-miss
962 http fetch GET 200 https://registry.npmjs.org/toidentifier 138ms (cache miss)
963 silly packumentCache full:https://registry.npmjs.org/toidentifier set size:undefined disposed:false
964 silly fetch manifest path-to-regexp@^8.0.0
965 silly packumentCache full:https://registry.npmjs.org/path-to-regexp cache-miss
966 http fetch GET 200 https://registry.npmjs.org/ee-first 197ms (cache miss)
967 silly packumentCache full:https://registry.npmjs.org/ee-first set size:undefined disposed:false
968 silly fetch manifest statuses@^2.0.2
969 silly packumentCache full:https://registry.npmjs.org/statuses cache-hit
970 silly fetch manifest media-typer@^1.1.0
971 silly packumentCache full:https://registry.npmjs.org/media-typer cache-miss
972 http fetch GET 200 https://registry.npmjs.org/wrappy 238ms (cache miss)
973 silly packumentCache full:https://registry.npmjs.org/wrappy set size:undefined disposed:false
974 http fetch GET 200 https://registry.npmjs.org/forwarded 168ms (cache miss)
975 silly packumentCache full:https://registry.npmjs.org/forwarded set size:undefined disposed:false
976 http fetch GET 200 https://registry.npmjs.org/ipaddr.js 204ms (cache miss)
977 silly packumentCache full:https://registry.npmjs.org/ipaddr.js set size:undefined disposed:false
978 http fetch GET 200 https://registry.npmjs.org/is-promise 189ms (cache miss)
979 silly packumentCache full:https://registry.npmjs.org/is-promise set size:undefined disposed:false
980 http fetch GET 200 https://registry.npmjs.org/media-typer 156ms (cache miss)
981 silly packumentCache full:https://registry.npmjs.org/media-typer set size:undefined disposed:false
982 http fetch GET 200 https://registry.npmjs.org/path-to-regexp 219ms (cache miss)
983 silly packumentCache full:https://registry.npmjs.org/path-to-regexp set size:undefined disposed:false
984 http fetch GET 200 https://registry.npmjs.org/mime-db 427ms (cache miss)
985 silly packumentCache full:https://registry.npmjs.org/mime-db set size:undefined disposed:false
986 silly placeDep ROOT negotiator@1.0.0 OK for: accepts@2.0.0 want: ^1.0.0
987 silly placeDep ROOT bytes@3.1.2 OK for: body-parser@2.3.0 want: ^3.1.2
988 silly placeDep node_modules/body-parser content-type@2.0.0 OK for: body-parser@2.3.0 want: ^2.0.0
989 silly placeDep ROOT iconv-lite@0.7.3 OK for: body-parser@2.3.0 want: ^0.7.2
990 silly fetch manifest safer-buffer@>= 2.1.2 < 3.0.0
991 silly packumentCache full:https://registry.npmjs.org/safer-buffer cache-miss
992 http fetch GET 200 https://registry.npmjs.org/safer-buffer 137ms (cache miss)
993 silly packumentCache full:https://registry.npmjs.org/safer-buffer set size:undefined disposed:false
994 silly placeDep ROOT ip-address@10.2.0 OK for: express-rate-limit@8.5.2 want: ^10.2.0
995 silly placeDep ROOT is-unicode-supported@2.1.0 OK for: figures@6.1.0 want: ^2.0.0
996 silly placeDep ROOT jsonfile@6.2.1 OK for: fs-extra@11.3.6 want: ^6.0.1
997 silly placeDep ROOT universalify@2.0.1 OK for: fs-extra@11.3.6 want: ^2.0.0
998 silly placeDep ROOT @sec-ant/readable-stream@0.4.1 OK for: get-stream@9.0.1 want: ^0.4.1
999 silly placeDep ROOT inherits@2.0.4 OK for: http-errors@2.0.1 want: ~2.0.4
1000 silly placeDep ROOT setprototypeof@1.2.0 OK for: http-errors@2.0.1 want: ~1.2.0
1001 silly placeDep ROOT toidentifier@1.0.1 OK for: http-errors@2.0.1 want: ~1.0.1
1002 silly placeDep ROOT safer-buffer@2.1.2 OK for: iconv-lite@0.7.3 want: >= 2.1.2 < 3.0.0
1003 silly placeDep ROOT mime-db@1.54.0 OK for: mime-types@3.0.2 want: ^1.54.0
1004 silly placeDep node_modules/npm-run-path path-key@4.0.0 OK for: npm-run-path@6.0.0 want: ^4.0.0
1005 silly placeDep ROOT unicorn-magic@0.3.0 OK for: npm-run-path@6.0.0 want: ^0.3.0
1006 silly placeDep ROOT ee-first@1.1.1 OK for: on-finished@2.4.1 want: 1.1.1
1007 silly placeDep ROOT wrappy@1.0.2 OK for: once@1.4.0 want: 1
1008 silly placeDep node_modules/onetime mimic-fn@2.1.0 OK for: onetime@5.1.2 want: ^2.1.0
1009 silly placeDep ROOT default-browser@5.5.0 OK for: open@11.0.0 want: ^5.4.0
1010 silly placeDep ROOT define-lazy-prop@3.0.0 OK for: open@11.0.0 want: ^3.0.0
1011 silly placeDep ROOT is-in-ssh@1.0.0 OK for: open@11.0.0 want: ^1.0.0
1012 silly placeDep ROOT is-inside-container@1.0.0 OK for: open@11.0.0 want: ^1.0.0
1013 silly placeDep ROOT powershell-utils@0.1.0 OK for: open@11.0.0 want: ^0.1.0
1014 silly placeDep ROOT wsl-utils@0.3.1 OK for: open@11.0.0 want: ^0.3.0
1015 silly fetch manifest bundle-name@^4.1.0
1016 silly packumentCache full:https://registry.npmjs.org/bundle-name cache-miss
1017 silly fetch manifest default-browser-id@^5.0.0
1018 silly packumentCache full:https://registry.npmjs.org/default-browser-id cache-miss
1019 silly fetch manifest is-docker@^3.0.0
1020 silly packumentCache full:https://registry.npmjs.org/is-docker cache-miss
1021 silly fetch manifest is-wsl@^3.1.0
1022 silly packumentCache full:https://registry.npmjs.org/is-wsl cache-miss
1023 http cache https://registry.npmjs.org/is-docker 3ms (cache hit)
1024 silly packumentCache full:https://registry.npmjs.org/is-docker set size:23690 disposed:false
1025 http cache https://registry.npmjs.org/is-wsl 4ms (cache hit)
1026 silly packumentCache full:https://registry.npmjs.org/is-wsl set size:20683 disposed:false
1027 http fetch GET 200 https://registry.npmjs.org/bundle-name 92ms (cache miss)
1028 silly packumentCache full:https://registry.npmjs.org/bundle-name set size:undefined disposed:false
1029 http fetch GET 200 https://registry.npmjs.org/default-browser-id 108ms (cache miss)
1030 silly packumentCache full:https://registry.npmjs.org/default-browser-id set size:undefined disposed:false
1031 silly placeDep ROOT bundle-name@4.1.0 OK for: default-browser@5.5.0 want: ^4.1.0
1032 silly placeDep ROOT default-browser-id@5.0.1 OK for: default-browser@5.5.0 want: ^5.0.0
1033 silly fetch manifest run-applescript@^7.0.0
1034 silly packumentCache full:https://registry.npmjs.org/run-applescript cache-miss
1035 http fetch GET 200 https://registry.npmjs.org/run-applescript 56ms (cache miss)
1036 silly packumentCache full:https://registry.npmjs.org/run-applescript set size:undefined disposed:false
1037 silly placeDep ROOT run-applescript@7.1.0 OK for: bundle-name@4.1.0 want: ^7.0.0
1038 silly placeDep ROOT is-docker@3.0.0 OK for: is-inside-container@1.0.0 want: ^3.0.0
1039 silly placeDep node_modules/ora chalk@5.6.2 OK for: ora@8.2.0 want: ^5.3.0
1040 silly placeDep ROOT cli-cursor@5.0.0 OK for: ora@8.2.0 want: ^5.0.0
1041 silly placeDep ROOT cli-spinners@2.9.2 OK for: ora@8.2.0 want: ^2.9.2
1042 silly placeDep ROOT is-interactive@2.0.0 OK for: ora@8.2.0 want: ^2.0.0
1043 silly placeDep ROOT log-symbols@6.0.0 OK for: ora@8.2.0 want: ^6.0.0
1044 silly placeDep ROOT stdin-discarder@0.2.2 OK for: ora@8.2.0 want: ^0.2.2
1045 silly placeDep ROOT string-width@7.2.0 OK for: ora@8.2.0 want: ^7.2.0
1046 silly placeDep node_modules/ora strip-ansi@7.2.0 OK for: ora@8.2.0 want: ^7.1.0
1047 silly fetch manifest restore-cursor@^5.0.0
1048 silly packumentCache full:https://registry.npmjs.org/restore-cursor cache-miss
1049 silly fetch manifest is-unicode-supported@^1.3.0
1050 silly packumentCache full:https://registry.npmjs.org/is-unicode-supported cache-miss
1051 silly fetch manifest emoji-regex@^10.3.0
1052 silly packumentCache full:https://registry.npmjs.org/emoji-regex cache-miss
1053 silly fetch manifest get-east-asian-width@^1.0.0
1054 silly packumentCache full:https://registry.npmjs.org/get-east-asian-width cache-miss
1055 silly fetch manifest ansi-regex@^6.2.2
1056 silly packumentCache full:https://registry.npmjs.org/ansi-regex cache-miss
1057 http cache https://registry.npmjs.org/ansi-regex 3ms (cache hit)
1058 silly packumentCache full:https://registry.npmjs.org/ansi-regex set size:43572 disposed:false
1059 http cache https://registry.npmjs.org/is-unicode-supported 4ms (cache hit)
1060 silly packumentCache full:https://registry.npmjs.org/is-unicode-supported set size:19461 disposed:false
1061 http cache https://registry.npmjs.org/emoji-regex 5ms (cache hit)
1062 silly packumentCache full:https://registry.npmjs.org/emoji-regex set size:89064 disposed:false
1063 http fetch GET 200 https://registry.npmjs.org/restore-cursor 72ms (cache miss)
1064 silly packumentCache full:https://registry.npmjs.org/restore-cursor set size:undefined disposed:false
1065 http fetch GET 200 https://registry.npmjs.org/get-east-asian-width 101ms (cache miss)
1066 silly packumentCache full:https://registry.npmjs.org/get-east-asian-width set size:undefined disposed:false
1067 silly placeDep ROOT restore-cursor@5.1.0 OK for: cli-cursor@5.0.0 want: ^5.0.0
1068 silly fetch manifest onetime@^7.0.0
1069 silly packumentCache full:https://registry.npmjs.org/onetime cache-miss
1070 http cache https://registry.npmjs.org/onetime 2ms (cache hit)
1071 silly packumentCache full:https://registry.npmjs.org/onetime set size:32314 disposed:false
1072 silly placeDep node_modules/log-symbols chalk@5.6.2 OK for: log-symbols@6.0.0 want: ^5.3.0
1073 silly placeDep node_modules/log-symbols is-unicode-supported@1.3.0 OK for: log-symbols@6.0.0 want: ^1.3.0
1074 silly placeDep ROOT error-ex@1.3.4 OK for: parse-json@5.2.0 want: ^1.3.1
1075 silly placeDep ROOT json-parse-even-better-errors@2.3.1 OK for: parse-json@5.2.0 want: ^2.3.0
1076 silly placeDep ROOT lines-and-columns@1.2.4 OK for: parse-json@5.2.0 want: ^1.1.6
1077 silly fetch manifest is-arrayish@^0.2.1
1078 silly packumentCache full:https://registry.npmjs.org/is-arrayish cache-miss
1079 http fetch GET 200 https://registry.npmjs.org/is-arrayish 83ms (cache miss)
1080 silly packumentCache full:https://registry.npmjs.org/is-arrayish set size:undefined disposed:false
1081 silly placeDep ROOT is-arrayish@0.2.1 OK for: error-ex@1.3.4 want: ^0.2.1
1082 silly placeDep node_modules/pkg-up find-up@3.0.0 OK for: pkg-up@3.1.0 want: ^3.0.0
1083 silly fetch manifest locate-path@^3.0.0
1084 silly packumentCache full:https://registry.npmjs.org/locate-path cache-miss
1085 http cache https://registry.npmjs.org/locate-path 3ms (cache hit)
1086 silly packumentCache full:https://registry.npmjs.org/locate-path set size:31329 disposed:false
1087 silly placeDep ROOT cssesc@3.0.0 OK for: postcss-selector-parser@7.1.4 want: ^3.0.0
1088 silly placeDep ROOT util-deprecate@1.0.2 OK for: postcss-selector-parser@7.1.4 want: ^1.0.2
1089 silly placeDep ROOT parse-ms@4.0.0 OK for: pretty-ms@9.3.0 want: ^4.0.0
1090 silly placeDep node_modules/prompts kleur@3.0.3 OK for: prompts@2.4.2 want: ^3.0.3
1091 silly placeDep ROOT sisteransi@1.0.5 OK for: prompts@2.4.2 want: ^1.0.5
1092 silly placeDep ROOT forwarded@0.2.0 OK for: proxy-addr@2.0.7 want: 0.2.0
1093 silly placeDep ROOT ipaddr.js@1.9.1 OK for: proxy-addr@2.0.7 want: 1.9.1
1094 silly placeDep ROOT unpipe@1.0.0 OK for: raw-body@3.0.2 want: ~1.0.0
1095 silly placeDep ROOT ast-types@0.16.1 OK for: recast@0.23.12 want: ^0.16.1
1096 silly placeDep ROOT esprima@4.0.1 OK for: recast@0.23.12 want: ~4.0.0
1097 silly placeDep ROOT source-map@0.6.1 OK for: recast@0.23.12 want: ~0.6.1
1098 silly placeDep ROOT tiny-invariant@1.3.3 OK for: recast@0.23.12 want: ^1.3.3
1099 silly placeDep node_modules/restore-cursor onetime@7.0.0 OK for: restore-cursor@5.1.0 want: ^7.0.0
1100 silly fetch manifest mimic-function@^5.0.0
1101 silly packumentCache full:https://registry.npmjs.org/mimic-function cache-miss
1102 http fetch GET 200 https://registry.npmjs.org/mimic-function 95ms (cache miss)
1103 silly packumentCache full:https://registry.npmjs.org/mimic-function set size:undefined disposed:false
1104 silly placeDep ROOT is-promise@4.0.0 OK for: router@2.2.0 want: ^4.0.0
1105 silly placeDep ROOT path-to-regexp@8.4.2 OK for: router@2.2.0 want: ^8.0.0
1106 silly placeDep node_modules/string-width emoji-regex@10.6.0 OK for: string-width@7.2.0 want: ^10.3.0
1107 silly placeDep ROOT get-east-asian-width@1.6.0 OK for: string-width@7.2.0 want: ^1.0.0
1108 silly placeDep node_modules/string-width strip-ansi@7.2.0 OK for: string-width@7.2.0 want: ^7.1.0
1109 silly placeDep ROOT get-own-enumerable-keys@1.0.0 OK for: stringify-object@5.0.0 want: ^1.0.0
1110 silly placeDep node_modules/stringify-object is-obj@3.0.0 OK for: stringify-object@5.0.0 want: ^3.0.0
1111 silly placeDep ROOT is-regexp@3.1.0 OK for: stringify-object@5.0.0 want: ^3.1.0
1112 silly placeDep ROOT ansi-regex@5.0.1 OK for: strip-ansi@6.0.1 want: ^5.0.1
1113 silly placeDep ROOT @ts-morph/common@0.27.0 OK for: ts-morph@26.0.0 want: ~0.27.0
1114 silly placeDep ROOT code-block-writer@13.0.3 OK for: ts-morph@26.0.0 want: ^13.0.3
1115 silly fetch manifest minimatch@^10.0.1
1116 silly packumentCache full:https://registry.npmjs.org/minimatch cache-miss
1117 silly fetch manifest path-browserify@^1.0.1
1118 silly packumentCache full:https://registry.npmjs.org/path-browserify cache-miss
1119 http cache https://registry.npmjs.org/minimatch 4ms (cache hit)
1120 silly packumentCache full:https://registry.npmjs.org/minimatch set size:375282 disposed:false
1121 http fetch GET 200 https://registry.npmjs.org/path-browserify 92ms (cache miss)
1122 silly packumentCache full:https://registry.npmjs.org/path-browserify set size:undefined disposed:false
1123 silly placeDep node_modules/@ts-morph/common fast-glob@3.3.3 OK for: @ts-morph/common@0.27.0 want: ^3.3.3
1124 silly placeDep node_modules/@ts-morph/common minimatch@10.2.5 OK for: @ts-morph/common@0.27.0 want: ^10.0.1
1125 silly placeDep ROOT path-browserify@1.0.1 OK for: @ts-morph/common@0.27.0 want: ^1.0.1
1126 silly fetch manifest brace-expansion@^5.0.5
1127 silly packumentCache full:https://registry.npmjs.org/brace-expansion cache-miss
1128 http cache https://registry.npmjs.org/brace-expansion 3ms (cache hit)
1129 silly packumentCache full:https://registry.npmjs.org/brace-expansion set size:78539 disposed:false
1130 silly placeDep node_modules/type-is content-type@2.0.0 OK for: type-is@2.1.0 want: ^2.0.0
1131 silly placeDep ROOT media-typer@1.1.0 OK for: type-is@2.1.0 want: ^1.1.0
1132 silly placeDep ROOT is-wsl@3.1.1 OK for: wsl-utils@0.3.1 want: ^3.1.0
1133 silly placeDep node_modules/@dotenvx/dotenvx get-stream@6.0.1 OK for: execa@5.1.1 want: ^6.0.0
1134 silly placeDep node_modules/@dotenvx/dotenvx human-signals@2.1.0 OK for: execa@5.1.1 want: ^2.1.0
1135 silly placeDep node_modules/@dotenvx/dotenvx is-stream@2.0.1 OK for: execa@5.1.1 want: ^2.0.0
1136 silly placeDep ROOT merge-stream@2.0.0 OK for: execa@5.1.1 want: ^2.0.0
1137 silly placeDep node_modules/@dotenvx/dotenvx npm-run-path@4.0.1 OK for: execa@5.1.1 want: ^4.0.1
1138 silly placeDep node_modules/@dotenvx/dotenvx signal-exit@3.0.7 OK for: execa@5.1.1 want: ^3.0.3
1139 silly placeDep node_modules/@dotenvx/dotenvx strip-final-newline@2.0.0 OK for: execa@5.1.1 want: ^2.0.0
1140 silly placeDep node_modules/@dotenvx/dotenvx define-lazy-prop@2.0.0 OK for: open@8.4.2 want: ^2.0.0
1141 silly placeDep node_modules/@dotenvx/dotenvx is-docker@2.2.1 OK for: open@8.4.2 want: ^2.1.1
1142 silly placeDep node_modules/@dotenvx/dotenvx is-wsl@2.2.0 OK for: open@8.4.2 want: ^2.2.0
1143 silly placeDep node_modules/@dotenvx/dotenvx isexe@3.1.5 OK for: which@4.0.0 want: ^3.1.1
1144 silly placeDep ROOT fast-uri@3.1.3 OK for: ajv@8.20.0 want: ^3.0.1
1145 silly placeDep node_modules/@modelcontextprotocol/sdk json-schema-traverse@1.0.0 OK for: ajv@8.20.0 want: ^1.0.0
1146 silly placeDep ROOT require-from-string@2.0.2 OK for: ajv@8.20.0 want: ^2.0.2
1147 silly placeDep node_modules/@ts-morph/common glob-parent@5.1.2 OK for: fast-glob@3.3.3 want: ^5.1.2
1148 silly placeDep node_modules/@ts-morph/common brace-expansion@5.0.7 OK for: minimatch@10.2.5 want: ^5.0.5
1149 silly fetch manifest balanced-match@^4.0.2
1150 silly packumentCache full:https://registry.npmjs.org/balanced-match cache-miss
1151 http cache https://registry.npmjs.org/balanced-match 2ms (cache hit)
1152 silly packumentCache full:https://registry.npmjs.org/balanced-match set size:39082 disposed:false
1153 silly placeDep node_modules/@ts-morph/common balanced-match@4.0.4 OK for: brace-expansion@5.0.7 want: ^4.0.2
1154 silly placeDep node_modules/@unrs/resolver-binding-wasm32-wasi @emnapi/wasi-threads@1.2.1 OK for: @emnapi/core@1.10.0 want: 1.2.1
1155 silly placeDep node_modules/ajv-formats json-schema-traverse@1.0.0 OK for: ajv@8.20.0 want: ^1.0.0
1156 silly placeDep node_modules/conf json-schema-traverse@1.0.0 OK for: ajv@8.20.0 want: ^1.0.0
1157 silly placeDep node_modules/ora ansi-regex@6.2.2 OK for: strip-ansi@7.2.0 want: ^6.2.2
1158 silly placeDep node_modules/pkg-up locate-path@3.0.0 OK for: find-up@3.0.0 want: ^3.0.0
1159 silly fetch manifest p-locate@^3.0.0
1160 silly packumentCache full:https://registry.npmjs.org/p-locate cache-miss
1161 silly fetch manifest path-exists@^3.0.0
1162 silly packumentCache full:https://registry.npmjs.org/path-exists cache-miss
1163 http cache https://registry.npmjs.org/path-exists 2ms (cache hit)
1164 silly packumentCache full:https://registry.npmjs.org/path-exists set size:13704 disposed:false
1165 http cache https://registry.npmjs.org/p-locate 3ms (cache hit)
1166 silly packumentCache full:https://registry.npmjs.org/p-locate set size:22488 disposed:false
1167 silly placeDep node_modules/pkg-up p-locate@3.0.0 OK for: locate-path@3.0.0 want: ^3.0.0
1168 silly placeDep node_modules/pkg-up path-exists@3.0.0 OK for: locate-path@3.0.0 want: ^3.0.0
1169 silly fetch manifest p-limit@^2.0.0
1170 silly packumentCache full:https://registry.npmjs.org/p-limit cache-miss
1171 http cache https://registry.npmjs.org/p-limit 3ms (cache hit)
1172 silly packumentCache full:https://registry.npmjs.org/p-limit set size:61867 disposed:false
1173 silly placeDep node_modules/pkg-up p-limit@2.3.0 OK for: p-locate@3.0.0 want: ^2.0.0
1174 silly fetch manifest p-try@^2.0.0
1175 silly packumentCache full:https://registry.npmjs.org/p-try cache-miss
1176 http fetch GET 200 https://registry.npmjs.org/p-try 70ms (cache miss)
1177 silly packumentCache full:https://registry.npmjs.org/p-try set size:undefined disposed:false
1178 silly placeDep ROOT p-try@2.2.0 OK for: p-limit@2.3.0 want: ^2.0.0
1179 silly placeDep ROOT mimic-function@5.0.1 OK for: onetime@7.0.0 want: ^5.0.0
1180 silly placeDep node_modules/shadcn glob-parent@5.1.2 OK for: fast-glob@3.3.3 want: ^5.1.2
1181 silly placeDep node_modules/string-width ansi-regex@6.2.2 OK for: strip-ansi@7.2.0 want: ^6.2.2
1182 silly reify mark retired [
1182 silly reify   '/Users/asfanshanu/Desktop/hijamabyasfan/node_modules/@emnapi/wasi-threads'
1182 silly reify ]
1183 silly reify moves {
1183 silly reify   '/Users/asfanshanu/Desktop/hijamabyasfan/node_modules/@emnapi/wasi-threads': '/Users/asfanshanu/Desktop/hijamabyasfan/node_modules/@emnapi/.wasi-threads-50vAmdii'
1183 silly reify }
1184 silly audit bulk request {
1184 silly audit   '@alloc/quick-lru': [ '5.2.0' ],
1184 silly audit   '@babel/code-frame': [ '7.29.7' ],
1184 silly audit   '@babel/compat-data': [ '7.29.7' ],
1184 silly audit   '@babel/core': [ '7.29.7' ],
1184 silly audit   '@babel/generator': [ '7.29.7' ],
1184 silly audit   '@babel/helper-compilation-targets': [ '7.29.7' ],
1184 silly audit   '@babel/helper-globals': [ '7.29.7' ],
1184 silly audit   '@babel/helper-module-imports': [ '7.29.7' ],
1184 silly audit   '@babel/helper-module-transforms': [ '7.29.7' ],
1184 silly audit   '@babel/helper-string-parser': [ '7.29.7' ],
1184 silly audit   '@babel/helper-validator-identifier': [ '7.29.7' ],
1184 silly audit   '@babel/helper-validator-option': [ '7.29.7' ],
1184 silly audit   '@babel/helpers': [ '7.29.7' ],
1184 silly audit   '@babel/parser': [ '7.29.7' ],
1184 silly audit   '@babel/template': [ '7.29.7' ],
1184 silly audit   '@babel/traverse': [ '7.29.7' ],
1184 silly audit   '@babel/types': [ '7.29.7' ],
1184 silly audit   '@eslint-community/eslint-utils': [ '4.9.1' ],
1184 silly audit   'eslint-visitor-keys': [ '3.4.3', '5.0.1', '4.2.1' ],
1184 silly audit   '@eslint-community/regexpp': [ '4.12.2' ],
1184 silly audit   '@eslint/config-array': [ '0.21.2' ],
1184 silly audit   '@eslint/config-helpers': [ '0.4.2' ],
1184 silly audit   '@eslint/core': [ '0.17.0' ],
1184 silly audit   '@eslint/eslintrc': [ '3.3.6' ],
1184 silly audit   '@eslint/js': [ '9.39.5' ],
1184 silly audit   '@eslint/object-schema': [ '2.1.7' ],
1184 silly audit   '@eslint/plugin-kit': [ '0.4.1' ],
1184 silly audit   '@hookform/resolvers': [ '5.4.0' ],
1184 silly audit   '@humanfs/core': [ '0.19.2' ],
1184 silly audit   '@humanfs/node': [ '0.16.8' ],
1184 silly audit   '@humanfs/types': [ '0.15.0' ],
1184 silly audit   '@humanwhocodes/module-importer': [ '1.0.1' ],
1184 silly audit   '@humanwhocodes/retry': [ '0.4.3' ],
1184 silly audit   '@img/colour': [ '1.1.0' ],
1184 silly audit   '@img/sharp-darwin-arm64': [ '0.34.5' ],
1184 silly audit   '@img/sharp-darwin-x64': [ '0.34.5' ],
1184 silly audit   '@img/sharp-libvips-darwin-arm64': [ '1.2.4' ],
1184 silly audit   '@img/sharp-libvips-darwin-x64': [ '1.2.4' ],
1184 silly audit   '@img/sharp-libvips-linux-arm': [ '1.2.4' ],
1184 silly audit   '@img/sharp-libvips-linux-arm64': [ '1.2.4' ],
1184 silly audit   '@img/sharp-libvips-linux-ppc64': [ '1.2.4' ],
1184 silly audit   '@img/sharp-libvips-linux-riscv64': [ '1.2.4' ],
1184 silly audit   '@img/sharp-libvips-linux-s390x': [ '1.2.4' ],
1184 silly audit   '@img/sharp-libvips-linux-x64': [ '1.2.4' ],
1184 silly audit   '@img/sharp-libvips-linuxmusl-arm64': [ '1.2.4' ],
1184 silly audit   '@img/sharp-libvips-linuxmusl-x64': [ '1.2.4' ],
1184 silly audit   '@img/sharp-linux-arm': [ '0.34.5' ],
1184 silly audit   '@img/sharp-linux-arm64': [ '0.34.5' ],
1184 silly audit   '@img/sharp-linux-ppc64': [ '0.34.5' ],
1184 silly audit   '@img/sharp-linux-riscv64': [ '0.34.5' ],
1184 silly audit   '@img/sharp-linux-s390x': [ '0.34.5' ],
1184 silly audit   '@img/sharp-linux-x64': [ '0.34.5' ],
1184 silly audit   '@img/sharp-linuxmusl-arm64': [ '0.34.5' ],
1184 silly audit   '@img/sharp-linuxmusl-x64': [ '0.34.5' ],
1184 silly audit   '@img/sharp-wasm32': [ '0.34.5' ],
1184 silly audit   '@img/sharp-win32-arm64': [ '0.34.5' ],
1184 silly audit   '@img/sharp-win32-ia32': [ '0.34.5' ],
1184 silly audit   '@img/sharp-win32-x64': [ '0.34.5' ],
1184 silly audit   '@jridgewell/gen-mapping': [ '0.3.13' ],
1184 silly audit   '@jridgewell/remapping': [ '2.3.5' ],
1184 silly audit   '@jridgewell/resolve-uri': [ '3.1.2' ],
1184 silly audit   '@jridgewell/sourcemap-codec': [ '1.5.5' ],
1184 silly audit   '@jridgewell/trace-mapping': [ '0.3.31' ],
1184 silly audit   '@napi-rs/wasm-runtime': [ '1.1.6' ],
1184 silly audit   '@next/env': [ '16.2.10' ],
1184 silly audit   '@next/eslint-plugin-next': [ '16.2.10' ],
1184 silly audit   '@next/swc-darwin-arm64': [ '16.2.10' ],
1184 silly audit   '@next/swc-darwin-x64': [ '16.2.10' ],
1184 silly audit   '@next/swc-linux-arm64-gnu': [ '16.2.10' ],
1184 silly audit   '@next/swc-linux-arm64-musl': [ '16.2.10' ],
1184 silly audit   '@next/swc-linux-x64-gnu': [ '16.2.10' ],
1184 silly audit   '@next/swc-linux-x64-musl': [ '16.2.10' ],
1184 silly audit   '@next/swc-win32-arm64-msvc': [ '16.2.10' ],
1184 silly audit   '@next/swc-win32-x64-msvc': [ '16.2.10' ],
1184 silly audit   '@nodelib/fs.scandir': [ '2.1.5' ],
1184 silly audit   '@nodelib/fs.stat': [ '2.0.5' ],
1184 silly audit   '@nodelib/fs.walk': [ '1.2.8' ],
1184 silly audit   '@nolyfill/is-core-module': [ '1.0.39' ],
1184 silly audit   '@rtsao/scc': [ '1.1.0' ],
1184 silly audit   '@standard-schema/utils': [ '0.3.0' ],
1184 silly audit   '@supabase/auth-js': [ '2.110.2' ],
1184 silly audit   '@supabase/functions-js': [ '2.110.2' ],
1184 silly audit   '@supabase/phoenix': [ '0.4.4' ],
1184 silly audit   '@supabase/postgrest-js': [ '2.110.2' ],
1184 silly audit   '@supabase/realtime-js': [ '2.110.2' ],
1184 silly audit   '@supabase/ssr': [ '0.12.0' ],
1184 silly audit   '@supabase/storage-js': [ '2.110.2' ],
1184 silly audit   '@supabase/supabase-js': [ '2.110.2' ],
1184 silly audit   '@swc/helpers': [ '0.5.15' ],
1184 silly audit   '@tailwindcss/node': [ '4.3.2' ],
1184 silly audit   '@tailwindcss/oxide': [ '4.3.2' ],
1184 silly audit   '@tailwindcss/oxide-android-arm64': [ '4.3.2' ],
1184 silly audit   '@tailwindcss/oxide-darwin-arm64': [ '4.3.2' ],
1184 silly audit   '@tailwindcss/oxide-darwin-x64': [ '4.3.2' ],
1184 silly audit   '@tailwindcss/oxide-freebsd-x64': [ '4.3.2' ],
1184 silly audit   '@tailwindcss/oxide-linux-arm-gnueabihf': [ '4.3.2' ],
1184 silly audit   '@tailwindcss/oxide-linux-arm64-gnu': [ '4.3.2' ],
1184 silly audit   '@tailwindcss/oxide-linux-arm64-musl': [ '4.3.2' ],
1184 silly audit   '@tailwindcss/oxide-linux-x64-gnu': [ '4.3.2' ],
1184 silly audit   '@tailwindcss/oxide-linux-x64-musl': [ '4.3.2' ],
1184 silly audit   '@tailwindcss/oxide-wasm32-wasi': [ '4.3.2' ],
1184 silly audit   '@tailwindcss/oxide-win32-arm64-msvc': [ '4.3.2' ],
1184 silly audit   '@tailwindcss/oxide-win32-x64-msvc': [ '4.3.2' ],
1184 silly audit   '@tailwindcss/postcss': [ '4.3.2' ],
1184 silly audit   '@tybys/wasm-util': [ '0.10.3' ],
1184 silly audit   '@types/estree': [ '1.0.9' ],
1184 silly audit   '@types/json-schema': [ '7.0.15' ],
1184 silly audit   '@types/json5': [ '0.0.29' ],
1184 silly audit   '@types/node': [ '20.19.43' ],
1184 silly audit   '@types/react': [ '19.2.17' ],
1184 silly audit   '@types/react-dom': [ '19.2.3' ],
1184 silly audit   '@typescript-eslint/eslint-plugin': [ '8.63.0' ],
1184 silly audit   ignore: [ '7.0.6', '5.3.2' ],
1184 silly audit   '@typescript-eslint/parser': [ '8.63.0' ],
1184 silly audit   '@typescript-eslint/project-service': [ '8.63.0' ],
1184 silly audit   '@typescript-eslint/scope-manager': [ '8.63.0' ],
1184 silly audit   '@typescript-eslint/tsconfig-utils': [ '8.63.0' ],
1184 silly audit   '@typescript-eslint/type-utils': [ '8.63.0' ],
1184 silly audit   '@typescript-eslint/types': [ '8.63.0' ],
1184 silly audit   '@typescript-eslint/typescript-estree': [ '8.63.0' ],
1184 silly audit   'balanced-match': [ '4.0.4', '1.0.2' ],
1184 silly audit   'brace-expansion': [ '5.0.7', '1.1.16' ],
1184 silly audit   minimatch: [ '10.2.5', '3.1.5' ],
1184 silly audit   semver: [ '7.8.5', '6.3.1' ],
1184 silly audit   '@typescript-eslint/utils': [ '8.63.0' ],
1184 silly audit   '@typescript-eslint/visitor-keys': [ '8.63.0' ],
1184 silly audit   '@unrs/resolver-binding-android-arm-eabi': [ '1.12.2' ],
1184 silly audit   '@unrs/resolver-binding-android-arm64': [ '1.12.2' ],
1184 silly audit   '@unrs/resolver-binding-darwin-arm64': [ '1.12.2' ],
1184 silly audit   '@unrs/resolver-binding-darwin-x64': [ '1.12.2' ],
1184 silly audit   '@unrs/resolver-binding-freebsd-x64': [ '1.12.2' ],
1184 silly audit   '@unrs/resolver-binding-linux-arm-gnueabihf': [ '1.12.2' ],
1184 silly audit   '@unrs/resolver-binding-linux-arm-musleabihf': [ '1.12.2' ],
1184 silly audit   '@unrs/resolver-binding-linux-arm64-gnu': [ '1.12.2' ],
1184 silly audit   '@unrs/resolver-binding-linux-arm64-musl': [ '1.12.2' ],
1184 silly audit   '@unrs/resolver-binding-linux-loong64-gnu': [ '1.12.2' ],
1184 silly audit   '@unrs/resolver-binding-linux-loong64-musl': [ '1.12.2' ],
1184 silly audit   '@unrs/resolver-binding-linux-ppc64-gnu': [ '1.12.2' ],
1184 silly audit   '@unrs/resolver-binding-linux-riscv64-gnu': [ '1.12.2' ],
1184 silly audit   '@unrs/resolver-binding-linux-riscv64-musl': [ '1.12.2' ],
1184 silly audit   '@unrs/resolver-binding-linux-s390x-gnu': [ '1.12.2' ],
1184 silly audit   '@unrs/resolver-binding-linux-x64-gnu': [ '1.12.2' ],
1184 silly audit   '@unrs/resolver-binding-linux-x64-musl': [ '1.12.2' ],
1184 silly audit   '@unrs/resolver-binding-openharmony-arm64': [ '1.12.2' ],
1184 silly audit   '@unrs/resolver-binding-wasm32-wasi': [ '1.12.2' ],
1184 silly audit   '@emnapi/runtime': [ '1.10.0' ],
1184 silly audit   '@unrs/resolver-binding-win32-arm64-msvc': [ '1.12.2' ],
1184 silly audit   '@unrs/resolver-binding-win32-ia32-msvc': [ '1.12.2' ],
1184 silly audit   '@unrs/resolver-binding-win32-x64-msvc': [ '1.12.2' ],
1184 silly audit   acorn: [ '8.17.0' ],
1184 silly audit   'acorn-jsx': [ '5.3.2' ],
1184 silly audit   ajv: [ '6.15.0', '8.20.0' ],
1184 silly audit   'ansi-styles': [ '4.3.0' ],
1184 silly audit   argparse: [ '2.0.1' ],
1184 silly audit   'aria-query': [ '5.3.2' ],
1184 silly audit   'array-buffer-byte-length': [ '1.0.2' ],
1184 silly audit   'array-includes': [ '3.1.9' ],
1184 silly audit   'array.prototype.findlast': [ '1.2.5' ],
1184 silly audit   'array.prototype.findlastindex': [ '1.2.6' ],
1184 silly audit   'array.prototype.flat': [ '1.3.3' ],
1184 silly audit   'array.prototype.flatmap': [ '1.3.3' ],
1184 silly audit   'array.prototype.tosorted': [ '1.1.4' ],
1184 silly audit   'arraybuffer.prototype.slice': [ '1.0.4' ],
1184 silly audit   'ast-types-flow': [ '0.0.8' ],
1184 silly audit   'async-function': [ '1.0.0' ],
1184 silly audit   'available-typed-arrays': [ '1.0.7' ],
1184 silly audit   'axe-core': [ '4.12.1' ],
1184 silly audit   'axobject-query': [ '4.1.0' ],
1184 silly audit   'baseline-browser-mapping': [ '2.10.43' ],
1184 silly audit   braces: [ '3.0.3' ],
1184 silly audit   browserslist: [ '4.28.6' ],
1184 silly audit   'call-bind': [ '1.0.9' ],
1184 silly audit   'call-bind-apply-helpers': [ '1.0.2' ],
1184 silly audit   'call-bound': [ '1.0.4' ],
1184 silly audit   callsites: [ '3.1.0' ],
1184 silly audit   'caniuse-lite': [ '1.0.30001805' ],
1184 silly audit   chalk: [ '4.1.2', '5.6.2' ],
1184 silly audit   'client-only': [ '0.0.1' ],
1184 silly audit   clsx: [ '2.1.1' ],
1184 silly audit   'color-convert': [ '2.0.1' ],
1184 silly audit   'color-name': [ '1.1.4' ],
1184 silly audit   'concat-map': [ '0.0.1' ],
1184 silly audit   'convert-source-map': [ '2.0.0' ],
1184 silly audit   cookie: [ '1.1.1', '0.7.2' ],
1184 silly audit   'cross-spawn': [ '7.0.6' ],
1184 silly audit   csstype: [ '3.2.3' ],
1184 silly audit   'damerau-levenshtein': [ '1.0.8' ],
1184 silly audit   'data-view-buffer': [ '1.0.2' ],
1184 silly audit   'data-view-byte-length': [ '1.0.2' ],
1184 silly audit   'data-view-byte-offset': [ '1.0.1' ],
1184 silly audit   debug: [ '4.4.3', '3.2.7' ],
1184 silly audit   'deep-is': [ '0.1.4' ],
1184 silly audit   'define-data-property': [ '1.1.4' ],
1184 silly audit   'define-properties': [ '1.2.1' ],
1184 silly audit   'detect-libc': [ '2.1.2' ],
1184 silly audit   doctrine: [ '2.1.0' ],
1184 silly audit   'dunder-proto': [ '1.0.1' ],
1184 silly audit   'electron-to-chromium': [ '1.5.389' ],
1184 silly audit   'emoji-regex': [ '9.2.2', '10.6.0' ],
1184 silly audit   'enhanced-resolve': [ '5.21.6' ],
1184 silly audit   'es-abstract': [ '1.24.2' ],
1184 silly audit   'es-abstract-get': [ '1.0.0' ],
1184 silly audit   'es-define-property': [ '1.0.1' ],
1184 silly audit   'es-errors': [ '1.3.0' ],
1184 silly audit   'es-iterator-helpers': [ '1.4.0' ],
1184 silly audit   'es-object-atoms': [ '1.1.2' ],
1184 silly audit   'es-set-tostringtag': [ '2.1.0' ],
1184 silly audit   'es-shim-unscopables': [ '1.1.0' ],
1184 silly audit   'es-to-primitive': [ '1.3.4' ],
1184 silly audit   escalade: [ '3.2.0' ],
1184 silly audit   'escape-string-regexp': [ '4.0.0' ],
1184 silly audit   eslint: [ '9.39.5' ],
1184 silly audit   'eslint-config-next': [ '16.2.10' ],
1184 silly audit   globals: [ '16.4.0', '14.0.0' ],
1184 silly audit   'eslint-import-resolver-node': [ '0.3.10' ],
1184 silly audit   'eslint-import-resolver-typescript': [ '3.10.1' ],
1184 silly audit   'eslint-module-utils': [ '2.14.0' ],
1184 silly audit   'eslint-plugin-import': [ '2.32.0' ],
1184 silly audit   'eslint-plugin-jsx-a11y': [ '6.10.2' ],
1184 silly audit   'eslint-plugin-react': [ '7.37.5' ],
1184 silly audit   'eslint-plugin-react-hooks': [ '7.1.1' ],
1184 silly audit   'eslint-scope': [ '8.4.0' ],
1184 silly audit   espree: [ '10.4.0' ],
1184 silly audit   esquery: [ '1.7.0' ],
1184 silly audit   esrecurse: [ '4.3.0' ],
1184 silly audit   estraverse: [ '5.3.0' ],
1184 silly audit   esutils: [ '2.0.3' ],
1184 silly audit   'fast-deep-equal': [ '3.1.3' ],
1184 silly audit   'fast-glob': [ '3.3.1', '3.3.3' ],
1184 silly audit   'glob-parent': [ '5.1.2', '6.0.2' ],
1184 silly audit   'fast-json-stable-stringify': [ '2.1.0' ],
1184 silly audit   'fast-levenshtein': [ '2.0.6' ],
1184 silly audit   fastq: [ '1.20.1' ],
1184 silly audit   'file-entry-cache': [ '8.0.0' ],
1184 silly audit   'fill-range': [ '7.1.1' ],
1184 silly audit   'find-up': [ '5.0.0', '3.0.0' ],
1184 silly audit   'flat-cache': [ '4.0.1' ],
1184 silly audit   flatted: [ '3.4.2' ],
1184 silly audit   'for-each': [ '0.3.5' ],
1184 silly audit   'function-bind': [ '1.1.2' ],
1184 silly audit   'function.prototype.name': [ '1.2.0' ],
1184 silly audit   'functions-have-names': [ '1.2.3' ],
1184 silly audit   'generator-function': [ '2.0.1' ],
1184 silly audit   gensync: [ '1.0.0-beta.2' ],
1184 silly audit   'get-intrinsic': [ '1.3.0' ],
1184 silly audit   'get-proto': [ '1.0.1' ],
1184 silly audit   'get-symbol-description': [ '1.1.0' ],
1184 silly audit   'get-tsconfig': [ '4.14.0' ],
1184 silly audit   globalthis: [ '1.0.4' ],
1184 silly audit   gopd: [ '1.2.0' ],
1184 silly audit   'graceful-fs': [ '4.2.11' ],
1184 silly audit   'has-bigints': [ '1.1.0' ],
1184 silly audit   'has-flag': [ '4.0.0' ],
1184 silly audit   'has-property-descriptors': [ '1.0.2' ],
1184 silly audit   'has-proto': [ '1.2.0' ],
1184 silly audit   'has-symbols': [ '1.1.0' ],
1184 silly audit   'has-tostringtag': [ '1.0.2' ],
1184 silly audit   hasown: [ '2.0.4' ],
1184 silly audit   'hermes-estree': [ '0.25.1' ],
1184 silly audit   'hermes-parser': [ '0.25.1' ],
1184 silly audit   'iceberg-js': [ '0.8.1' ],
1184 silly audit   'import-fresh': [ '3.3.1' ],
1184 silly audit   imurmurhash: [ '0.1.4' ],
1184 silly audit   'internal-slot': [ '1.1.0' ],
1184 silly audit   'is-array-buffer': [ '3.0.5' ],
1184 silly audit   'is-async-function': [ '2.1.1' ],
1184 silly audit   'is-bigint': [ '1.1.0' ],
1184 silly audit   'is-boolean-object': [ '1.2.2' ],
1184 silly audit   'is-bun-module': [ '2.0.0' ],
1184 silly audit   'is-callable': [ '1.2.7' ],
1184 silly audit   'is-core-module': [ '2.16.2' ],
1184 silly audit   'is-data-view': [ '1.0.2' ],
1184 silly audit   'is-date-object': [ '1.1.0' ],
1184 silly audit   'is-document.all': [ '1.0.0' ],
1184 silly audit   'is-extglob': [ '2.1.1' ],
1184 silly audit   'is-finalizationregistry': [ '1.1.1' ],
1184 silly audit   'is-generator-function': [ '1.1.2' ],
1184 silly audit   'is-glob': [ '4.0.3' ],
1184 silly audit   'is-map': [ '2.0.3' ],
1184 silly audit   'is-negative-zero': [ '2.0.3' ],
1184 silly audit   'is-number': [ '7.0.0' ],
1184 silly audit   'is-number-object': [ '1.1.1' ],
1184 silly audit   'is-regex': [ '1.2.1' ],
1184 silly audit   'is-set': [ '2.0.3' ],
1184 silly audit   'is-shared-array-buffer': [ '1.0.4' ],
1184 silly audit   'is-string': [ '1.1.1' ],
1184 silly audit   'is-symbol': [ '1.1.1' ],
1184 silly audit   'is-typed-array': [ '1.1.15' ],
1184 silly audit   'is-weakmap': [ '2.0.2' ],
1184 silly audit   'is-weakref': [ '1.1.1' ],
1184 silly audit   'is-weakset': [ '2.0.4' ],
1184 silly audit   isarray: [ '2.0.5' ],
1184 silly audit   isexe: [ '2.0.0', '3.1.5' ],
1184 silly audit   'iterator.prototype': [ '1.1.5' ],
1184 silly audit   jiti: [ '2.7.0' ],
1184 silly audit   'js-tokens': [ '4.0.0' ],
1184 silly audit   'js-yaml': [ '4.3.0' ],
1184 silly audit   jsesc: [ '3.1.0' ],
1184 silly audit   'json-buffer': [ '3.0.1' ],
1184 silly audit   'json-schema-traverse': [ '0.4.1', '1.0.0' ],
1184 silly audit   'json-stable-stringify-without-jsonify': [ '1.0.1' ],
1184 silly audit   json5: [ '2.2.3', '1.0.2' ],
1184 silly audit   'jsx-ast-utils': [ '3.3.5' ],
1184 silly audit   keyv: [ '4.5.4' ],
1184 silly audit   'language-subtag-registry': [ '0.3.23' ],
1184 silly audit   'language-tags': [ '1.0.9' ],
1184 silly audit   levn: [ '0.4.1' ],
1184 silly audit   lightningcss: [ '1.32.0' ],
1184 silly audit   'lightningcss-android-arm64': [ '1.32.0' ],
1184 silly audit   'lightningcss-darwin-arm64': [ '1.32.0' ],
1184 silly audit   'lightningcss-darwin-x64': [ '1.32.0' ],
1184 silly audit   'lightningcss-freebsd-x64': [ '1.32.0' ],
1184 silly audit   'lightningcss-linux-arm-gnueabihf': [ '1.32.0' ],
1184 silly audit   'lightningcss-linux-arm64-gnu': [ '1.32.0' ],
1184 silly audit   'lightningcss-linux-arm64-musl': [ '1.32.0' ],
1184 silly audit   'lightningcss-linux-x64-gnu': [ '1.32.0' ],
1184 silly audit   'lightningcss-linux-x64-musl': [ '1.32.0' ],
1184 silly audit   'lightningcss-win32-arm64-msvc': [ '1.32.0' ],
1184 silly audit   'lightningcss-win32-x64-msvc': [ '1.32.0' ],
1184 silly audit   'locate-path': [ '6.0.0', '3.0.0' ],
1184 silly audit   'lodash.merge': [ '4.6.2' ],
1184 silly audit   'loose-envify': [ '1.4.0' ],
1184 silly audit   'lru-cache': [ '5.1.1' ],
1184 silly audit   'lucide-react': [ '1.24.0' ],
1184 silly audit   'magic-string': [ '0.30.21' ],
1184 silly audit   'math-intrinsics': [ '1.1.0' ],
1184 silly audit   merge2: [ '1.4.1' ],
1184 silly audit   micromatch: [ '4.0.8' ],
1184 silly audit   minimist: [ '1.2.8' ],
1184 silly audit   ms: [ '2.1.3' ],
1184 silly audit   nanoid: [ '3.3.15' ],
1184 silly audit   'napi-postinstall': [ '0.3.4' ],
1184 silly audit   'natural-compare': [ '1.4.0' ],
1184 silly audit   next: [ '16.2.10' ],
1184 silly audit   postcss: [ '8.4.31', '8.5.17' ],
1184 silly audit   'node-exports-info': [ '1.6.2' ],
1184 silly audit   'node-releases': [ '2.0.51' ],
1184 silly audit   'object-assign': [ '4.1.1' ],
1184 silly audit   'object-inspect': [ '1.13.4' ],
1184 silly audit   'object-keys': [ '1.1.1' ],
1184 silly audit   'object.assign': [ '4.1.7' ],
1184 silly audit   'object.entries': [ '1.1.9' ],
1184 silly audit   'object.fromentries': [ '2.0.8' ],
1184 silly audit   'object.groupby': [ '1.0.3' ],
1184 silly audit   'object.values': [ '1.2.1' ],
1184 silly audit   optionator: [ '0.9.4' ],
1184 silly audit   'own-keys': [ '1.0.1' ],
1184 silly audit   'p-limit': [ '3.1.0', '2.3.0' ],
1184 silly audit   'p-locate': [ '5.0.0', '3.0.0' ],
1184 silly audit   'parent-module': [ '1.0.1' ],
1184 silly audit   'path-exists': [ '4.0.0', '3.0.0' ],
1184 silly audit   'path-key': [ '3.1.1', '4.0.0' ],
1184 silly audit   'path-parse': [ '1.0.7' ],
1184 silly audit   picocolors: [ '1.1.1' ],
1184 silly audit   picomatch: [ '2.3.2', '4.0.5' ],
1184 silly audit   'possible-typed-array-names': [ '1.1.0' ],
1184 silly audit   'prelude-ls': [ '1.2.1' ],
1184 silly audit   'prop-types': [ '15.8.1' ],
1184 silly audit   punycode: [ '2.3.1' ],
1184 silly audit   'queue-microtask': [ '1.2.3' ],
1184 silly audit   react: [ '19.2.4' ],
1184 silly audit   'react-dom': [ '19.2.4' ],
1184 silly audit   'react-hook-form': [ '7.81.0' ],
1184 silly audit   'react-is': [ '16.13.1' ],
1184 silly audit   'reflect.getprototypeof': [ '1.0.10' ],
1184 silly audit   'regexp.prototype.flags': [ '1.5.4' ],
1184 silly audit   resolve: [ '2.0.0-next.7' ],
1184 silly audit   'resolve-from': [ '4.0.0' ],
1184 silly audit   'resolve-pkg-maps': [ '1.0.0' ],
1184 silly audit   reusify: [ '1.1.0' ],
1184 silly audit   'run-parallel': [ '1.2.0' ],
1184 silly audit   'safe-array-concat': [ '1.1.4' ],
1184 silly audit   'safe-push-apply': [ '1.0.0' ],
1184 silly audit   'safe-regex-test': [ '1.1.0' ],
1184 silly audit   scheduler: [ '0.27.0' ],
1184 silly audit   'set-function-length': [ '1.2.2' ],
1184 silly audit   'set-function-name': [ '2.0.2' ],
1184 silly audit   'set-proto': [ '1.0.0' ],
1184 silly audit   sharp: [ '0.34.5' ],
1184 silly audit   'shebang-command': [ '2.0.0' ],
1184 silly audit   'shebang-regex': [ '3.0.0' ],
1184 silly audit   'side-channel': [ '1.1.1' ],
1184 silly audit   'side-channel-list': [ '1.0.1' ],
1184 silly audit   'side-channel-map': [ '1.0.1' ],
1184 silly audit   'side-channel-weakmap': [ '1.0.2' ],
1184 silly audit   'source-map-js': [ '1.2.1' ],
1184 silly audit   'stable-hash': [ '0.0.5' ],
1184 silly audit   'stop-iteration-iterator': [ '1.1.0' ],
1184 silly audit   'string.prototype.includes': [ '2.0.1' ],
1184 silly audit   'string.prototype.matchall': [ '4.0.12' ],
1184 silly audit   'string.prototype.repeat': [ '1.0.0' ],
1184 silly audit   'string.prototype.trim': [ '1.2.11' ],
1184 silly audit   'string.prototype.trimend': [ '1.0.10' ],
1184 silly audit   'string.prototype.trimstart': [ '1.0.8' ],
1184 silly audit   'strip-bom': [ '3.0.0' ],
1184 silly audit   'strip-json-comments': [ '3.1.1' ],
1184 silly audit   'styled-jsx': [ '5.1.6' ],
1184 silly audit   'supports-color': [ '7.2.0' ],
1184 silly audit   'supports-preserve-symlinks-flag': [ '1.0.0' ],
1184 silly audit   'tailwind-merge': [ '3.6.0' ],
1184 silly audit   tailwindcss: [ '4.3.2' ],
1184 silly audit   tapable: [ '2.3.3' ],
1184 silly audit   tinyglobby: [ '0.2.17' ],
1184 silly audit   fdir: [ '6.5.0' ],
1184 silly audit   'to-regex-range': [ '5.0.1' ],
1184 silly audit   'ts-api-utils': [ '2.5.0' ],
1184 silly audit   'tsconfig-paths': [ '3.15.0', '4.2.0' ],
1184 silly audit   tslib: [ '2.8.1' ],
1184 silly audit   'type-check': [ '0.4.0' ],
1184 silly audit   'typed-array-buffer': [ '1.0.3' ],
1184 silly audit   'typed-array-byte-length': [ '1.0.3' ],
1184 silly audit   'typed-array-byte-offset': [ '1.0.4' ],
1184 silly audit   'typed-array-length': [ '1.0.8' ],
1184 silly audit   typescript: [ '5.9.3' ],
1184 silly audit   'typescript-eslint': [ '8.63.0' ],
1184 silly audit   'unbox-primitive': [ '1.1.0' ],
1184 silly audit   'undici-types': [ '6.21.0' ],
1184 silly audit   'unrs-resolver': [ '1.12.2' ],
1184 silly audit   'update-browserslist-db': [ '1.2.3' ],
1184 silly audit   'uri-js': [ '4.4.1' ],
1184 silly audit   which: [ '2.0.2', '4.0.0' ],
1184 silly audit   'which-boxed-primitive': [ '1.1.1' ],
1184 silly audit   'which-builtin-type': [ '1.2.1' ],
1184 silly audit   'which-collection': [ '1.0.2' ],
1184 silly audit   'which-typed-array': [ '1.1.22' ],
1184 silly audit   'word-wrap': [ '1.2.5' ],
1184 silly audit   yallist: [ '3.1.1' ],
1184 silly audit   'yocto-queue': [ '0.1.0' ],
1184 silly audit   zod: [ '4.4.3', '3.25.76' ],
1184 silly audit   'zod-validation-error': [ '4.0.2' ],
1184 silly audit   shadcn: [ '4.13.0' ],
1184 silly audit   '@emnapi/core': [ '1.10.0' ],
1184 silly audit   '@emnapi/wasi-threads': [ '1.2.2', '1.2.1' ],
1184 silly audit   '@babel/plugin-transform-typescript': [ '7.29.7' ],
1184 silly audit   '@babel/preset-typescript': [ '7.29.7' ],
1184 silly audit   '@dotenvx/dotenvx': [ '1.75.1' ],
1184 silly audit   '@modelcontextprotocol/sdk': [ '1.29.0' ],
1184 silly audit   '@types/validate-npm-package-name': [ '4.0.2' ],
1184 silly audit   commander: [ '14.0.3', '11.1.0' ],
1184 silly audit   cosmiconfig: [ '9.0.2' ],
1184 silly audit   dedent: [ '1.7.2' ],
1184 silly audit   deepmerge: [ '4.3.1' ],
1184 silly audit   diff: [ '8.0.4' ],
1184 silly audit   execa: [ '9.6.1', '5.1.1' ],
1184 silly audit   'fs-extra': [ '11.3.6' ],
1184 silly audit   fuzzysort: [ '3.1.0' ],
1184 silly audit   kleur: [ '4.1.5', '3.0.3' ],
1184 silly audit   open: [ '11.0.0', '8.4.2' ],
1184 silly audit   ora: [ '8.2.0' ],
1184 silly audit   'postcss-selector-parser': [ '7.1.4' ],
1184 silly audit   prompts: [ '2.4.2' ],
1184 silly audit   recast: [ '0.23.12' ],
1184 silly audit   'stringify-object': [ '5.0.0' ],
1184 silly audit   'ts-morph': [ '26.0.0' ],
1184 silly audit   undici: [ '7.28.0' ],
1184 silly audit   'validate-npm-package-name': [ '7.0.2' ],
1184 silly audit   'zod-to-json-schema': [ '3.25.2' ],
1184 silly audit   '@babel/helper-annotate-as-pure': [ '7.29.7' ],
1184 silly audit   '@babel/helper-create-class-features-plugin': [ '7.29.7' ],
1184 silly audit   '@babel/helper-plugin-utils': [ '7.29.7' ],
1184 silly audit   '@babel/helper-skip-transparent-expression-wrappers': [ '7.29.7' ],
1184 silly audit   '@babel/plugin-syntax-typescript': [ '7.29.7' ],
1184 silly audit   '@babel/helper-member-expression-to-functions': [ '7.29.7' ],
1184 silly audit   '@babel/helper-optimise-call-expression': [ '7.29.7' ],
1184 silly audit   '@babel/helper-replace-supers': [ '7.29.7' ],
1184 silly audit   '@babel/plugin-syntax-jsx': [ '7.29.7' ],
1184 silly audit   '@babel/plugin-transform-modules-commonjs': [ '7.29.7' ],
1184 silly audit   '@dotenvx/primitives': [ '0.8.0' ],
1184 silly audit   conf: [ '10.2.0' ],
1184 silly audit   dotenv: [ '17.4.2' ],
1184 silly audit   enquirer: [ '2.4.1' ],
1184 silly audit   'env-paths': [ '2.2.1' ],
1184 silly audit   'object-treeify': [ '1.1.33' ],
1184 silly audit   systeminformation: [ '5.31.16' ],
1184 silly audit   'yocto-spinner': [ '1.2.1' ],
1184 silly audit   '@hono/node-server': [ '1.19.14' ],
1184 silly audit   hono: [ '4.12.29' ],
1184 silly audit   'ajv-formats': [ '3.0.1', '2.1.1' ],
1184 silly audit   'content-type': [ '1.0.5', '2.0.0' ],
1184 silly audit   cors: [ '2.8.6' ],
1184 silly audit   eventsource: [ '3.0.7' ],
1184 silly audit   'eventsource-parser': [ '3.1.0' ],
1184 silly audit   express: [ '5.2.1' ],
1184 silly audit   'express-rate-limit': [ '8.5.2' ],
1184 silly audit   jose: [ '6.2.3' ],
1184 silly audit   'json-schema-typed': [ '8.0.2', '7.0.3' ],
1184 silly audit   'pkce-challenge': [ '5.0.1' ],
1184 silly audit   'raw-body': [ '3.0.2' ],
1184 silly audit   atomically: [ '1.7.0' ],
1184 silly audit   'debounce-fn': [ '4.0.0' ],
1184 silly audit   'dot-prop': [ '6.0.1' ],
1184 silly audit   onetime: [ '5.1.2', '7.0.0' ],
1184 silly audit   'pkg-up': [ '3.1.0' ],
1184 silly audit   vary: [ '1.1.2' ],
1184 silly audit   'parse-json': [ '5.2.0' ],
1184 silly audit   'mimic-fn': [ '3.1.0', '2.1.0' ],
1184 silly audit   'is-obj': [ '2.0.0', '3.0.0' ],
1184 silly audit   'ansi-colors': [ '4.1.3' ],
1184 silly audit   'strip-ansi': [ '6.0.1', '7.2.0' ],
1184 silly audit   '@sindresorhus/merge-streams': [ '4.0.0' ],
1184 silly audit   figures: [ '6.1.0' ],
1184 silly audit   'get-stream': [ '9.0.1', '6.0.1' ],
1184 silly audit   'human-signals': [ '8.0.1', '2.1.0' ],
1184 silly audit   'is-plain-obj': [ '4.1.0' ],
1184 silly audit   'is-stream': [ '4.0.1', '2.0.1' ],
1184 silly audit   'npm-run-path': [ '6.0.0', '4.0.1' ],
1184 silly audit   'pretty-ms': [ '9.3.0' ],
1184 silly audit   'signal-exit': [ '4.1.0', '3.0.7' ],
1184 silly audit   'strip-final-newline': [ '4.0.0', '2.0.0' ],
1184 silly audit   yoctocolors: [ '2.1.2' ],
1184 silly audit   accepts: [ '2.0.0' ],
1184 silly audit   'body-parser': [ '2.3.0' ],
1184 silly audit   'content-disposition': [ '1.1.0' ],
1184 silly audit   'cookie-signature': [ '1.2.2' ],
1184 silly audit   depd: [ '2.0.0' ],
1184 silly audit   encodeurl: [ '2.0.0' ],
1184 silly audit   'escape-html': [ '1.0.3' ],
1184 silly audit   etag: [ '1.8.1' ],
1184 silly audit   finalhandler: [ '2.1.1' ],
1184 silly audit   fresh: [ '2.0.0' ],
1184 silly audit   'http-errors': [ '2.0.1' ],
1184 silly audit   'merge-descriptors': [ '2.0.0' ],
1184 silly audit   'mime-types': [ '3.0.2' ],
1184 silly audit   'on-finished': [ '2.4.1' ],
1184 silly audit   once: [ '1.4.0' ],
1184 silly audit   parseurl: [ '1.3.3' ],
1184 silly audit   'proxy-addr': [ '2.0.7' ],
1184 silly audit   qs: [ '6.15.3' ],
1184 silly audit   'range-parser': [ '1.3.0' ],
1184 silly audit   router: [ '2.2.0' ],
1184 silly audit   send: [ '1.2.1' ],
1184 silly audit   'serve-static': [ '2.2.1' ],
1184 silly audit   statuses: [ '2.0.2' ],
1184 silly audit   'type-is': [ '2.1.0' ],
1184 silly audit   negotiator: [ '1.0.0' ],
1184 silly audit   bytes: [ '3.1.2' ],
1184 silly audit   'iconv-lite': [ '0.7.3' ],
1184 silly audit   'ip-address': [ '10.2.0' ],
1184 silly audit   'is-unicode-supported': [ '2.1.0', '1.3.0' ],
1184 silly audit   jsonfile: [ '6.2.1' ],
1184 silly audit   universalify: [ '2.0.1' ],
1184 silly audit   '@sec-ant/readable-stream': [ '0.4.1' ],
1184 silly audit   inherits: [ '2.0.4' ],
1184 silly audit   setprototypeof: [ '1.2.0' ],
1184 silly audit   toidentifier: [ '1.0.1' ],
1184 silly audit   'safer-buffer': [ '2.1.2' ],
1184 silly audit   'mime-db': [ '1.54.0' ],
1184 silly audit   'unicorn-magic': [ '0.3.0' ],
1184 silly audit   'ee-first': [ '1.1.1' ],
1184 silly audit   wrappy: [ '1.0.2' ],
1184 silly audit   'default-browser': [ '5.5.0' ],
1184 silly audit   'define-lazy-prop': [ '3.0.0', '2.0.0' ],
1184 silly audit   'is-in-ssh': [ '1.0.0' ],
1184 silly audit   'is-inside-container': [ '1.0.0' ],
1184 silly audit   'powershell-utils': [ '0.1.0' ],
1184 silly audit   'wsl-utils': [ '0.3.1' ],
1184 silly audit   'bundle-name': [ '4.1.0' ],
1184 silly audit   'default-browser-id': [ '5.0.1' ],
1184 silly audit   'run-applescript': [ '7.1.0' ],
1184 silly audit   'is-docker': [ '3.0.0', '2.2.1' ],
1184 silly audit   'cli-cursor': [ '5.0.0' ],
1184 silly audit   'cli-spinners': [ '2.9.2' ],
1184 silly audit   'is-interactive': [ '2.0.0' ],
1184 silly audit   'log-symbols': [ '6.0.0' ],
1184 silly audit   'stdin-discarder': [ '0.2.2' ],
1184 silly audit   'string-width': [ '7.2.0' ],
1184 silly audit   'restore-cursor': [ '5.1.0' ],
1184 silly audit   'error-ex': [ '1.3.4' ],
1184 silly audit   'json-parse-even-better-errors': [ '2.3.1' ],
1184 silly audit   'lines-and-columns': [ '1.2.4' ],
1184 silly audit   'is-arrayish': [ '0.2.1' ],
1184 silly audit   cssesc: [ '3.0.0' ],
1184 silly audit   'util-deprecate': [ '1.0.2' ],
1184 silly audit   'parse-ms': [ '4.0.0' ],
1184 silly audit   sisteransi: [ '1.0.5' ],
1184 silly audit   forwarded: [ '0.2.0' ],
1184 silly audit   'ipaddr.js': [ '1.9.1' ],
1184 silly audit   unpipe: [ '1.0.0' ],
1184 silly audit   'ast-types': [ '0.16.1' ],
1184 silly audit   esprima: [ '4.0.1' ],
1184 silly audit   'source-map': [ '0.6.1' ],
1184 silly audit   'tiny-invariant': [ '1.3.3' ],
1184 silly audit   'is-promise': [ '4.0.0' ],
1184 silly audit   'path-to-regexp': [ '8.4.2' ],
1184 silly audit   'get-east-asian-width': [ '1.6.0' ],
1184 silly audit   'get-own-enumerable-keys': [ '1.0.0' ],
1184 silly audit   'is-regexp': [ '3.1.0' ],
1184 silly audit   'ansi-regex': [ '5.0.1', '6.2.2' ],
1184 silly audit   '@ts-morph/common': [ '0.27.0' ],
1184 silly audit   'code-block-writer': [ '13.0.3' ],
1184 silly audit   'path-browserify': [ '1.0.1' ],
1184 silly audit   'media-typer': [ '1.1.0' ],
1184 silly audit   'is-wsl': [ '3.1.1', '2.2.0' ],
1184 silly audit   'merge-stream': [ '2.0.0' ],
1184 silly audit   'fast-uri': [ '3.1.3' ],
1184 silly audit   'require-from-string': [ '2.0.2' ],
1184 silly audit   'p-try': [ '2.2.0' ],
1184 silly audit   'mimic-function': [ '5.0.1' ]
1184 silly audit }
1185 http cache mimic-function@https://registry.npmjs.org/mimic-function/-/mimic-function-5.0.1.tgz 0ms (cache hit)
1186 http cache p-try@https://registry.npmjs.org/p-try/-/p-try-2.2.0.tgz 0ms (cache hit)
1187 http cache fast-uri@https://registry.npmjs.org/fast-uri/-/fast-uri-3.1.3.tgz 0ms (cache hit)
1188 http cache merge-stream@https://registry.npmjs.org/merge-stream/-/merge-stream-2.0.0.tgz 0ms (cache hit)
1189 http cache require-from-string@https://registry.npmjs.org/require-from-string/-/require-from-string-2.0.2.tgz 0ms (cache hit)
1190 http cache is-wsl@https://registry.npmjs.org/is-wsl/-/is-wsl-3.1.1.tgz 0ms (cache hit)
1191 http cache media-typer@https://registry.npmjs.org/media-typer/-/media-typer-1.1.0.tgz 0ms (cache hit)
1192 http cache path-browserify@https://registry.npmjs.org/path-browserify/-/path-browserify-1.0.1.tgz 0ms (cache hit)
1193 http cache @ts-morph/common@https://registry.npmjs.org/@ts-morph/common/-/common-0.27.0.tgz 0ms (cache hit)
1194 http cache ansi-regex@https://registry.npmjs.org/ansi-regex/-/ansi-regex-5.0.1.tgz 0ms (cache hit)
1195 http cache is-regexp@https://registry.npmjs.org/is-regexp/-/is-regexp-3.1.0.tgz 0ms (cache hit)
1196 http cache get-east-asian-width@https://registry.npmjs.org/get-east-asian-width/-/get-east-asian-width-1.6.0.tgz 0ms (cache hit)
1197 http cache get-own-enumerable-keys@https://registry.npmjs.org/get-own-enumerable-keys/-/get-own-enumerable-keys-1.0.0.tgz 0ms (cache hit)
1198 http cache path-to-regexp@https://registry.npmjs.org/path-to-regexp/-/path-to-regexp-8.4.2.tgz 0ms (cache hit)
1199 http cache is-promise@https://registry.npmjs.org/is-promise/-/is-promise-4.0.0.tgz 0ms (cache hit)
1200 http cache tiny-invariant@https://registry.npmjs.org/tiny-invariant/-/tiny-invariant-1.3.3.tgz 0ms (cache hit)
1201 http cache source-map@https://registry.npmjs.org/source-map/-/source-map-0.6.1.tgz 0ms (cache hit)
1202 http cache esprima@https://registry.npmjs.org/esprima/-/esprima-4.0.1.tgz 0ms (cache hit)
1203 http cache ast-types@https://registry.npmjs.org/ast-types/-/ast-types-0.16.1.tgz 0ms (cache hit)
1204 http cache ipaddr.js@https://registry.npmjs.org/ipaddr.js/-/ipaddr.js-1.9.1.tgz 0ms (cache hit)
1205 http cache sisteransi@https://registry.npmjs.org/sisteransi/-/sisteransi-1.0.5.tgz 0ms (cache hit)
1206 http cache forwarded@https://registry.npmjs.org/forwarded/-/forwarded-0.2.0.tgz 0ms (cache hit)
1207 http cache parse-ms@https://registry.npmjs.org/parse-ms/-/parse-ms-4.0.0.tgz 0ms (cache hit)
1208 http cache unpipe@https://registry.npmjs.org/unpipe/-/unpipe-1.0.0.tgz 0ms (cache hit)
1209 http cache util-deprecate@https://registry.npmjs.org/util-deprecate/-/util-deprecate-1.0.2.tgz 0ms (cache hit)
1210 http cache cssesc@https://registry.npmjs.org/cssesc/-/cssesc-3.0.0.tgz 0ms (cache hit)
1211 http cache lines-and-columns@https://registry.npmjs.org/lines-and-columns/-/lines-and-columns-1.2.4.tgz 0ms (cache hit)
1212 http cache is-arrayish@https://registry.npmjs.org/is-arrayish/-/is-arrayish-0.2.1.tgz 0ms (cache hit)
1213 http cache json-parse-even-better-errors@https://registry.npmjs.org/json-parse-even-better-errors/-/json-parse-even-better-errors-2.3.1.tgz 0ms (cache hit)
1214 http cache error-ex@https://registry.npmjs.org/error-ex/-/error-ex-1.3.4.tgz 0ms (cache hit)
1215 http cache restore-cursor@https://registry.npmjs.org/restore-cursor/-/restore-cursor-5.1.0.tgz 0ms (cache hit)
1216 http cache stdin-discarder@https://registry.npmjs.org/stdin-discarder/-/stdin-discarder-0.2.2.tgz 0ms (cache hit)
1217 http cache log-symbols@https://registry.npmjs.org/log-symbols/-/log-symbols-6.0.0.tgz 0ms (cache hit)
1218 http cache code-block-writer@https://registry.npmjs.org/code-block-writer/-/code-block-writer-13.0.3.tgz 0ms (cache hit)
1219 http cache string-width@https://registry.npmjs.org/string-width/-/string-width-7.2.0.tgz 0ms (cache hit)
1220 http cache cli-cursor@https://registry.npmjs.org/cli-cursor/-/cli-cursor-5.0.0.tgz 0ms (cache hit)
1221 http cache is-interactive@https://registry.npmjs.org/is-interactive/-/is-interactive-2.0.0.tgz 0ms (cache hit)
1222 http cache cli-spinners@https://registry.npmjs.org/cli-spinners/-/cli-spinners-2.9.2.tgz 0ms (cache hit)
1223 http cache is-docker@https://registry.npmjs.org/is-docker/-/is-docker-3.0.0.tgz 0ms (cache hit)
1224 http cache default-browser-id@https://registry.npmjs.org/default-browser-id/-/default-browser-id-5.0.1.tgz 0ms (cache hit)
1225 http cache run-applescript@https://registry.npmjs.org/run-applescript/-/run-applescript-7.1.0.tgz 0ms (cache hit)
1226 http cache bundle-name@https://registry.npmjs.org/bundle-name/-/bundle-name-4.1.0.tgz 0ms (cache hit)
1227 http cache wsl-utils@https://registry.npmjs.org/wsl-utils/-/wsl-utils-0.3.1.tgz 0ms (cache hit)
1228 http cache powershell-utils@https://registry.npmjs.org/powershell-utils/-/powershell-utils-0.1.0.tgz 0ms (cache hit)
1229 http cache is-inside-container@https://registry.npmjs.org/is-inside-container/-/is-inside-container-1.0.0.tgz 1ms (cache hit)
1230 http cache is-in-ssh@https://registry.npmjs.org/is-in-ssh/-/is-in-ssh-1.0.0.tgz 0ms (cache hit)
1231 http cache define-lazy-prop@https://registry.npmjs.org/define-lazy-prop/-/define-lazy-prop-3.0.0.tgz 0ms (cache hit)
1232 http cache default-browser@https://registry.npmjs.org/default-browser/-/default-browser-5.5.0.tgz 0ms (cache hit)
1233 http cache wrappy@https://registry.npmjs.org/wrappy/-/wrappy-1.0.2.tgz 0ms (cache hit)
1234 http cache unicorn-magic@https://registry.npmjs.org/unicorn-magic/-/unicorn-magic-0.3.0.tgz 0ms (cache hit)
1235 http cache ee-first@https://registry.npmjs.org/ee-first/-/ee-first-1.1.1.tgz 0ms (cache hit)
1236 http cache mime-db@https://registry.npmjs.org/mime-db/-/mime-db-1.54.0.tgz 0ms (cache hit)
1237 http cache safer-buffer@https://registry.npmjs.org/safer-buffer/-/safer-buffer-2.1.2.tgz 0ms (cache hit)
1238 http cache inherits@https://registry.npmjs.org/inherits/-/inherits-2.0.4.tgz 0ms (cache hit)
1239 http cache toidentifier@https://registry.npmjs.org/toidentifier/-/toidentifier-1.0.1.tgz 0ms (cache hit)
1240 http cache setprototypeof@https://registry.npmjs.org/setprototypeof/-/setprototypeof-1.2.0.tgz 0ms (cache hit)
1241 http cache @sec-ant/readable-stream@https://registry.npmjs.org/@sec-ant/readable-stream/-/readable-stream-0.4.1.tgz 0ms (cache hit)
1242 http cache universalify@https://registry.npmjs.org/universalify/-/universalify-2.0.1.tgz 0ms (cache hit)
1243 http cache jsonfile@https://registry.npmjs.org/jsonfile/-/jsonfile-6.2.1.tgz 0ms (cache hit)
1244 http cache is-unicode-supported@https://registry.npmjs.org/is-unicode-supported/-/is-unicode-supported-2.1.0.tgz 0ms (cache hit)
1245 http cache ip-address@https://registry.npmjs.org/ip-address/-/ip-address-10.2.0.tgz 0ms (cache hit)
1246 http cache negotiator@https://registry.npmjs.org/negotiator/-/negotiator-1.0.0.tgz 0ms (cache hit)
1247 http cache type-is@https://registry.npmjs.org/type-is/-/type-is-2.1.0.tgz 0ms (cache hit)
1248 http cache serve-static@https://registry.npmjs.org/serve-static/-/serve-static-2.2.1.tgz 0ms (cache hit)
1249 http cache send@https://registry.npmjs.org/send/-/send-1.2.1.tgz 0ms (cache hit)
1250 http cache iconv-lite@https://registry.npmjs.org/iconv-lite/-/iconv-lite-0.7.3.tgz 0ms (cache hit)
1251 http cache router@https://registry.npmjs.org/router/-/router-2.2.0.tgz 0ms (cache hit)
1252 http cache range-parser@https://registry.npmjs.org/range-parser/-/range-parser-1.3.0.tgz 0ms (cache hit)
1253 http cache qs@https://registry.npmjs.org/qs/-/qs-6.15.3.tgz 0ms (cache hit)
1254 http cache proxy-addr@https://registry.npmjs.org/proxy-addr/-/proxy-addr-2.0.7.tgz 0ms (cache hit)
1255 http cache bytes@https://registry.npmjs.org/bytes/-/bytes-3.1.2.tgz 0ms (cache hit)
1256 http cache parseurl@https://registry.npmjs.org/parseurl/-/parseurl-1.3.3.tgz 0ms (cache hit)
1257 http cache once@https://registry.npmjs.org/once/-/once-1.4.0.tgz 0ms (cache hit)
1258 http cache on-finished@https://registry.npmjs.org/on-finished/-/on-finished-2.4.1.tgz 0ms (cache hit)
1259 http cache mime-types@https://registry.npmjs.org/mime-types/-/mime-types-3.0.2.tgz 0ms (cache hit)
1260 http cache merge-descriptors@https://registry.npmjs.org/merge-descriptors/-/merge-descriptors-2.0.0.tgz 0ms (cache hit)
1261 http cache http-errors@https://registry.npmjs.org/http-errors/-/http-errors-2.0.1.tgz 0ms (cache hit)
1262 http cache fresh@https://registry.npmjs.org/fresh/-/fresh-2.0.0.tgz 0ms (cache hit)
1263 http cache finalhandler@https://registry.npmjs.org/finalhandler/-/finalhandler-2.1.1.tgz 0ms (cache hit)
1264 http cache statuses@https://registry.npmjs.org/statuses/-/statuses-2.0.2.tgz 0ms (cache hit)
1265 http cache encodeurl@https://registry.npmjs.org/encodeurl/-/encodeurl-2.0.0.tgz 0ms (cache hit)
1266 http cache escape-html@https://registry.npmjs.org/escape-html/-/escape-html-1.0.3.tgz 0ms (cache hit)
1267 http cache etag@https://registry.npmjs.org/etag/-/etag-1.8.1.tgz 0ms (cache hit)
1268 http cache cookie-signature@https://registry.npmjs.org/cookie-signature/-/cookie-signature-1.2.2.tgz 0ms (cache hit)
1269 http cache content-disposition@https://registry.npmjs.org/content-disposition/-/content-disposition-1.1.0.tgz 0ms (cache hit)
1270 http cache body-parser@https://registry.npmjs.org/body-parser/-/body-parser-2.3.0.tgz 0ms (cache hit)
1271 http cache accepts@https://registry.npmjs.org/accepts/-/accepts-2.0.0.tgz 0ms (cache hit)
1272 http cache yoctocolors@https://registry.npmjs.org/yoctocolors/-/yoctocolors-2.1.2.tgz 0ms (cache hit)
1273 http cache strip-final-newline@https://registry.npmjs.org/strip-final-newline/-/strip-final-newline-4.0.0.tgz 0ms (cache hit)
1274 http cache signal-exit@https://registry.npmjs.org/signal-exit/-/signal-exit-4.1.0.tgz 0ms (cache hit)
1275 http cache pretty-ms@https://registry.npmjs.org/pretty-ms/-/pretty-ms-9.3.0.tgz 0ms (cache hit)
1276 http cache npm-run-path@https://registry.npmjs.org/npm-run-path/-/npm-run-path-6.0.0.tgz 0ms (cache hit)
1277 http cache depd@https://registry.npmjs.org/depd/-/depd-2.0.0.tgz 0ms (cache hit)
1278 http cache is-stream@https://registry.npmjs.org/is-stream/-/is-stream-4.0.1.tgz 0ms (cache hit)
1279 http cache is-plain-obj@https://registry.npmjs.org/is-plain-obj/-/is-plain-obj-4.1.0.tgz 0ms (cache hit)
1280 http cache human-signals@https://registry.npmjs.org/human-signals/-/human-signals-8.0.1.tgz 0ms (cache hit)
1281 http cache @sindresorhus/merge-streams@https://registry.npmjs.org/@sindresorhus/merge-streams/-/merge-streams-4.0.0.tgz 0ms (cache hit)
1282 http cache strip-ansi@https://registry.npmjs.org/strip-ansi/-/strip-ansi-6.0.1.tgz 0ms (cache hit)
1283 http cache ansi-colors@https://registry.npmjs.org/ansi-colors/-/ansi-colors-4.1.3.tgz 0ms (cache hit)
1284 http cache is-obj@https://registry.npmjs.org/is-obj/-/is-obj-2.0.0.tgz 0ms (cache hit)
1285 http cache mimic-fn@https://registry.npmjs.org/mimic-fn/-/mimic-fn-3.1.0.tgz 0ms (cache hit)
1286 http cache get-stream@https://registry.npmjs.org/get-stream/-/get-stream-9.0.1.tgz 0ms (cache hit)
1287 http cache figures@https://registry.npmjs.org/figures/-/figures-6.1.0.tgz 0ms (cache hit)
1288 http cache vary@https://registry.npmjs.org/vary/-/vary-1.1.2.tgz 0ms (cache hit)
1289 http cache parse-json@https://registry.npmjs.org/parse-json/-/parse-json-5.2.0.tgz 0ms (cache hit)
1290 http cache pkg-up@https://registry.npmjs.org/pkg-up/-/pkg-up-3.1.0.tgz 0ms (cache hit)
1291 http cache dot-prop@https://registry.npmjs.org/dot-prop/-/dot-prop-6.0.1.tgz 0ms (cache hit)
1292 http cache debounce-fn@https://registry.npmjs.org/debounce-fn/-/debounce-fn-4.0.0.tgz 0ms (cache hit)
1293 http cache atomically@https://registry.npmjs.org/atomically/-/atomically-1.7.0.tgz 0ms (cache hit)
1294 http cache onetime@https://registry.npmjs.org/onetime/-/onetime-5.1.2.tgz 0ms (cache hit)
1295 http cache pkce-challenge@https://registry.npmjs.org/pkce-challenge/-/pkce-challenge-5.0.1.tgz 0ms (cache hit)
1296 http cache raw-body@https://registry.npmjs.org/raw-body/-/raw-body-3.0.2.tgz 0ms (cache hit)
1297 http cache jose@https://registry.npmjs.org/jose/-/jose-6.2.3.tgz 0ms (cache hit)
1298 http cache express-rate-limit@https://registry.npmjs.org/express-rate-limit/-/express-rate-limit-8.5.2.tgz 0ms (cache hit)
1299 http cache json-schema-typed@https://registry.npmjs.org/json-schema-typed/-/json-schema-typed-8.0.2.tgz 0ms (cache hit)
1300 http cache eventsource-parser@https://registry.npmjs.org/eventsource-parser/-/eventsource-parser-3.1.0.tgz 0ms (cache hit)
1301 http cache cors@https://registry.npmjs.org/cors/-/cors-2.8.6.tgz 0ms (cache hit)
1302 http cache express@https://registry.npmjs.org/express/-/express-5.2.1.tgz 0ms (cache hit)
1303 http cache content-type@https://registry.npmjs.org/content-type/-/content-type-1.0.5.tgz 0ms (cache hit)
1304 http cache ajv-formats@https://registry.npmjs.org/ajv-formats/-/ajv-formats-3.0.1.tgz 0ms (cache hit)
1305 http cache hono@https://registry.npmjs.org/hono/-/hono-4.12.29.tgz 0ms (cache hit)
1306 http cache @hono/node-server@https://registry.npmjs.org/@hono/node-server/-/node-server-1.19.14.tgz 0ms (cache hit)
1307 http cache yocto-spinner@https://registry.npmjs.org/yocto-spinner/-/yocto-spinner-1.2.1.tgz 0ms (cache hit)
1308 http cache systeminformation@https://registry.npmjs.org/systeminformation/-/systeminformation-5.31.16.tgz 0ms (cache hit)
1309 http cache object-treeify@https://registry.npmjs.org/object-treeify/-/object-treeify-1.1.33.tgz 0ms (cache hit)
1310 http cache env-paths@https://registry.npmjs.org/env-paths/-/env-paths-2.2.1.tgz 0ms (cache hit)
1311 http cache enquirer@https://registry.npmjs.org/enquirer/-/enquirer-2.4.1.tgz 0ms (cache hit)
1312 http cache conf@https://registry.npmjs.org/conf/-/conf-10.2.0.tgz 0ms (cache hit)
1313 http cache dotenv@https://registry.npmjs.org/dotenv/-/dotenv-17.4.2.tgz 0ms (cache hit)
1314 http cache @dotenvx/primitives@https://registry.npmjs.org/@dotenvx/primitives/-/primitives-0.8.0.tgz 0ms (cache hit)
1315 http cache @babel/plugin-transform-modules-commonjs@https://registry.npmjs.org/@babel/plugin-transform-modules-commonjs/-/plugin-transform-modules-commonjs-7.29.7.tgz 0ms (cache hit)
1316 http cache @babel/helper-replace-supers@https://registry.npmjs.org/@babel/helper-replace-supers/-/helper-replace-supers-7.29.7.tgz 0ms (cache hit)
1317 http cache @babel/helper-optimise-call-expression@https://registry.npmjs.org/@babel/helper-optimise-call-expression/-/helper-optimise-call-expression-7.29.7.tgz 0ms (cache hit)
1318 http cache @babel/helper-member-expression-to-functions@https://registry.npmjs.org/@babel/helper-member-expression-to-functions/-/helper-member-expression-to-functions-7.29.7.tgz 0ms (cache hit)
1319 http cache @babel/plugin-syntax-typescript@https://registry.npmjs.org/@babel/plugin-syntax-typescript/-/plugin-syntax-typescript-7.29.7.tgz 0ms (cache hit)
1320 http cache @babel/plugin-syntax-jsx@https://registry.npmjs.org/@babel/plugin-syntax-jsx/-/plugin-syntax-jsx-7.29.7.tgz 0ms (cache hit)
1321 http cache @babel/helper-skip-transparent-expression-wrappers@https://registry.npmjs.org/@babel/helper-skip-transparent-expression-wrappers/-/helper-skip-transparent-expression-wrappers-7.29.7.tgz 0ms (cache hit)
1322 http cache eventsource@https://registry.npmjs.org/eventsource/-/eventsource-3.0.7.tgz 0ms (cache hit)
1323 http cache @babel/helper-plugin-utils@https://registry.npmjs.org/@babel/helper-plugin-utils/-/helper-plugin-utils-7.29.7.tgz 0ms (cache hit)
1324 http cache validate-npm-package-name@https://registry.npmjs.org/validate-npm-package-name/-/validate-npm-package-name-7.0.2.tgz 0ms (cache hit)
1325 http cache @babel/helper-create-class-features-plugin@https://registry.npmjs.org/@babel/helper-create-class-features-plugin/-/helper-create-class-features-plugin-7.29.7.tgz 0ms (cache hit)
1326 http cache undici@https://registry.npmjs.org/undici/-/undici-7.28.0.tgz 0ms (cache hit)
1327 http cache ts-morph@https://registry.npmjs.org/ts-morph/-/ts-morph-26.0.0.tgz 0ms (cache hit)
1328 http cache stringify-object@https://registry.npmjs.org/stringify-object/-/stringify-object-5.0.0.tgz 0ms (cache hit)
1329 http cache recast@https://registry.npmjs.org/recast/-/recast-0.23.12.tgz 0ms (cache hit)
1330 http cache prompts@https://registry.npmjs.org/prompts/-/prompts-2.4.2.tgz 0ms (cache hit)
1331 http cache zod-to-json-schema@https://registry.npmjs.org/zod-to-json-schema/-/zod-to-json-schema-3.25.2.tgz 0ms (cache hit)
1332 http cache ora@https://registry.npmjs.org/ora/-/ora-8.2.0.tgz 0ms (cache hit)
1333 http cache open@https://registry.npmjs.org/open/-/open-11.0.0.tgz 0ms (cache hit)
1334 http cache kleur@https://registry.npmjs.org/kleur/-/kleur-4.1.5.tgz 0ms (cache hit)
1335 http cache postcss-selector-parser@https://registry.npmjs.org/postcss-selector-parser/-/postcss-selector-parser-7.1.4.tgz 0ms (cache hit)
1336 http cache fuzzysort@https://registry.npmjs.org/fuzzysort/-/fuzzysort-3.1.0.tgz 0ms (cache hit)
1337 http cache fs-extra@https://registry.npmjs.org/fs-extra/-/fs-extra-11.3.6.tgz 0ms (cache hit)
1338 http cache diff@https://registry.npmjs.org/diff/-/diff-8.0.4.tgz 0ms (cache hit)
1339 http cache deepmerge@https://registry.npmjs.org/deepmerge/-/deepmerge-4.3.1.tgz 0ms (cache hit)
1340 http cache dedent@https://registry.npmjs.org/dedent/-/dedent-1.7.2.tgz 0ms (cache hit)
1341 http cache cosmiconfig@https://registry.npmjs.org/cosmiconfig/-/cosmiconfig-9.0.2.tgz 0ms (cache hit)
1342 http cache @babel/helper-annotate-as-pure@https://registry.npmjs.org/@babel/helper-annotate-as-pure/-/helper-annotate-as-pure-7.29.7.tgz 0ms (cache hit)
1343 http cache commander@https://registry.npmjs.org/commander/-/commander-14.0.3.tgz 0ms (cache hit)
1344 http cache execa@https://registry.npmjs.org/execa/-/execa-9.6.1.tgz 0ms (cache hit)
1345 http cache @types/validate-npm-package-name@https://registry.npmjs.org/@types/validate-npm-package-name/-/validate-npm-package-name-4.0.2.tgz 0ms (cache hit)
1346 http cache @dotenvx/dotenvx@https://registry.npmjs.org/@dotenvx/dotenvx/-/dotenvx-1.75.1.tgz 0ms (cache hit)
1347 http cache @modelcontextprotocol/sdk@https://registry.npmjs.org/@modelcontextprotocol/sdk/-/sdk-1.29.0.tgz 0ms (cache hit)
1348 http cache @babel/plugin-transform-typescript@https://registry.npmjs.org/@babel/plugin-transform-typescript/-/plugin-transform-typescript-7.29.7.tgz 0ms (cache hit)
1349 http cache shadcn@https://registry.npmjs.org/shadcn/-/shadcn-4.13.0.tgz 0ms (cache hit)
1350 http cache @emnapi/wasi-threads@https://registry.npmjs.org/@emnapi/wasi-threads/-/wasi-threads-1.2.2.tgz 0ms (cache hit)
1351 http cache brace-expansion@https://registry.npmjs.org/brace-expansion/-/brace-expansion-5.0.7.tgz 0ms (cache hit)
1352 http cache @babel/preset-typescript@https://registry.npmjs.org/@babel/preset-typescript/-/preset-typescript-7.29.7.tgz 0ms (cache hit)
1353 http cache glob-parent@https://registry.npmjs.org/glob-parent/-/glob-parent-5.1.2.tgz 0ms (cache hit)
1354 http cache minimatch@https://registry.npmjs.org/minimatch/-/minimatch-10.2.5.tgz 0ms (cache hit)
1355 http cache fast-glob@https://registry.npmjs.org/fast-glob/-/fast-glob-3.3.3.tgz 0ms (cache hit)
1356 http cache onetime@https://registry.npmjs.org/onetime/-/onetime-7.0.0.tgz 0ms (cache hit)
1357 http cache ansi-regex@https://registry.npmjs.org/ansi-regex/-/ansi-regex-6.2.2.tgz 0ms (cache hit)
1358 http cache strip-ansi@https://registry.npmjs.org/strip-ansi/-/strip-ansi-7.2.0.tgz 0ms (cache hit)
1359 http cache chalk@https://registry.npmjs.org/chalk/-/chalk-5.6.2.tgz 0ms (cache hit)
1360 http cache is-unicode-supported@https://registry.npmjs.org/is-unicode-supported/-/is-unicode-supported-1.3.0.tgz 0ms (cache hit)
1361 http cache emoji-regex@https://registry.npmjs.org/emoji-regex/-/emoji-regex-10.6.0.tgz 0ms (cache hit)
1362 http cache content-type@https://registry.npmjs.org/content-type/-/content-type-2.0.0.tgz 0ms (cache hit)
1363 http cache path-key@https://registry.npmjs.org/path-key/-/path-key-4.0.0.tgz 0ms (cache hit)
1364 http cache balanced-match@https://registry.npmjs.org/balanced-match/-/balanced-match-4.0.4.tgz 0ms (cache hit)
1365 http cache p-limit@https://registry.npmjs.org/p-limit/-/p-limit-2.3.0.tgz 0ms (cache hit)
1366 http cache path-exists@https://registry.npmjs.org/path-exists/-/path-exists-3.0.0.tgz 0ms (cache hit)
1367 http cache p-locate@https://registry.npmjs.org/p-locate/-/p-locate-3.0.0.tgz 0ms (cache hit)
1368 http cache locate-path@https://registry.npmjs.org/locate-path/-/locate-path-3.0.0.tgz 0ms (cache hit)
1369 http cache find-up@https://registry.npmjs.org/find-up/-/find-up-3.0.0.tgz 0ms (cache hit)
1370 http cache mimic-fn@https://registry.npmjs.org/mimic-fn/-/mimic-fn-2.1.0.tgz 0ms (cache hit)
1371 http cache cookie@https://registry.npmjs.org/cookie/-/cookie-0.7.2.tgz 0ms (cache hit)
1372 http cache ajv@https://registry.npmjs.org/ajv/-/ajv-8.20.0.tgz 0ms (cache hit)
1373 http cache json-schema-traverse@https://registry.npmjs.org/json-schema-traverse/-/json-schema-traverse-1.0.0.tgz 0ms (cache hit)
1374 http cache json-schema-traverse@https://registry.npmjs.org/json-schema-traverse/-/json-schema-traverse-1.0.0.tgz 0ms (cache hit)
1375 http cache ajv-formats@https://registry.npmjs.org/ajv-formats/-/ajv-formats-2.1.1.tgz 0ms (cache hit)
1376 http cache semver@https://registry.npmjs.org/semver/-/semver-7.8.5.tgz 0ms (cache hit)
1377 http cache json-schema-typed@https://registry.npmjs.org/json-schema-typed/-/json-schema-typed-7.0.3.tgz 0ms (cache hit)
1378 http cache is-obj@https://registry.npmjs.org/is-obj/-/is-obj-3.0.0.tgz 0ms (cache hit)
1379 http cache kleur@https://registry.npmjs.org/kleur/-/kleur-3.0.3.tgz 0ms (cache hit)
1380 http cache ansi-regex@https://registry.npmjs.org/ansi-regex/-/ansi-regex-6.2.2.tgz 0ms (cache hit)
1381 http cache strip-ansi@https://registry.npmjs.org/strip-ansi/-/strip-ansi-7.2.0.tgz 0ms (cache hit)
1382 http cache content-type@https://registry.npmjs.org/content-type/-/content-type-2.0.0.tgz 0ms (cache hit)
1383 http cache ajv@https://registry.npmjs.org/ajv/-/ajv-8.20.0.tgz 0ms (cache hit)
1384 http cache chalk@https://registry.npmjs.org/chalk/-/chalk-5.6.2.tgz 0ms (cache hit)
1385 http cache json-schema-traverse@https://registry.npmjs.org/json-schema-traverse/-/json-schema-traverse-1.0.0.tgz 0ms (cache hit)
1386 http cache ajv@https://registry.npmjs.org/ajv/-/ajv-8.20.0.tgz 0ms (cache hit)
1387 http cache is-docker@https://registry.npmjs.org/is-docker/-/is-docker-2.2.1.tgz 0ms (cache hit)
1388 http cache is-wsl@https://registry.npmjs.org/is-wsl/-/is-wsl-2.2.0.tgz 0ms (cache hit)
1389 http cache define-lazy-prop@https://registry.npmjs.org/define-lazy-prop/-/define-lazy-prop-2.0.0.tgz 0ms (cache hit)
1390 http cache strip-final-newline@https://registry.npmjs.org/strip-final-newline/-/strip-final-newline-2.0.0.tgz 0ms (cache hit)
1391 http cache is-stream@https://registry.npmjs.org/is-stream/-/is-stream-2.0.1.tgz 0ms (cache hit)
1392 http cache npm-run-path@https://registry.npmjs.org/npm-run-path/-/npm-run-path-4.0.1.tgz 0ms (cache hit)
1393 http cache isexe@https://registry.npmjs.org/isexe/-/isexe-3.1.5.tgz 0ms (cache hit)
1394 http cache signal-exit@https://registry.npmjs.org/signal-exit/-/signal-exit-3.0.7.tgz 0ms (cache hit)
1395 http cache get-stream@https://registry.npmjs.org/get-stream/-/get-stream-6.0.1.tgz 0ms (cache hit)
1396 http cache picomatch@https://registry.npmjs.org/picomatch/-/picomatch-4.0.5.tgz 0ms (cache hit)
1397 http cache which@https://registry.npmjs.org/which/-/which-4.0.0.tgz 0ms (cache hit)
1398 http cache fdir@https://registry.npmjs.org/fdir/-/fdir-6.5.0.tgz 0ms (cache hit)
1399 http cache human-signals@https://registry.npmjs.org/human-signals/-/human-signals-2.1.0.tgz 0ms (cache hit)
1400 http cache execa@https://registry.npmjs.org/execa/-/execa-5.1.1.tgz 0ms (cache hit)
1401 http cache glob-parent@https://registry.npmjs.org/glob-parent/-/glob-parent-5.1.2.tgz 0ms (cache hit)
1402 http cache commander@https://registry.npmjs.org/commander/-/commander-11.1.0.tgz 0ms (cache hit)
1403 http cache open@https://registry.npmjs.org/open/-/open-8.4.2.tgz 0ms (cache hit)
1404 http cache tsconfig-paths@https://registry.npmjs.org/tsconfig-paths/-/tsconfig-paths-4.2.0.tgz 0ms (cache hit)
1405 http cache zod@https://registry.npmjs.org/zod/-/zod-3.25.76.tgz 0ms (cache hit)
1406 http cache @emnapi/wasi-threads@https://registry.npmjs.org/@emnapi/wasi-threads/-/wasi-threads-1.2.1.tgz 0ms (cache hit)
1407 http cache fast-glob@https://registry.npmjs.org/fast-glob/-/fast-glob-3.3.3.tgz 0ms (cache hit)
1408 http cache @emnapi/core@https://registry.npmjs.org/@emnapi/core/-/core-1.10.0.tgz 0ms (cache hit)
1409 silly tarball no local data for mimic-function@https://registry.npmjs.org/mimic-function/-/mimic-function-5.0.1.tgz. Extracting by manifest.
1410 silly tarball no local data for p-try@https://registry.npmjs.org/p-try/-/p-try-2.2.0.tgz. Extracting by manifest.
1411 silly tarball no local data for fast-uri@https://registry.npmjs.org/fast-uri/-/fast-uri-3.1.3.tgz. Extracting by manifest.
1412 silly tarball no local data for merge-stream@https://registry.npmjs.org/merge-stream/-/merge-stream-2.0.0.tgz. Extracting by manifest.
1413 silly tarball no local data for require-from-string@https://registry.npmjs.org/require-from-string/-/require-from-string-2.0.2.tgz. Extracting by manifest.
1414 silly tarball no local data for is-wsl@https://registry.npmjs.org/is-wsl/-/is-wsl-3.1.1.tgz. Extracting by manifest.
1415 silly tarball no local data for media-typer@https://registry.npmjs.org/media-typer/-/media-typer-1.1.0.tgz. Extracting by manifest.
1416 silly tarball no local data for path-browserify@https://registry.npmjs.org/path-browserify/-/path-browserify-1.0.1.tgz. Extracting by manifest.
1417 silly tarball no local data for @ts-morph/common@https://registry.npmjs.org/@ts-morph/common/-/common-0.27.0.tgz. Extracting by manifest.
1418 silly tarball no local data for ansi-regex@https://registry.npmjs.org/ansi-regex/-/ansi-regex-5.0.1.tgz. Extracting by manifest.
1419 silly tarball no local data for is-regexp@https://registry.npmjs.org/is-regexp/-/is-regexp-3.1.0.tgz. Extracting by manifest.
1420 silly tarball no local data for get-east-asian-width@https://registry.npmjs.org/get-east-asian-width/-/get-east-asian-width-1.6.0.tgz. Extracting by manifest.
1421 silly tarball no local data for get-own-enumerable-keys@https://registry.npmjs.org/get-own-enumerable-keys/-/get-own-enumerable-keys-1.0.0.tgz. Extracting by manifest.
1422 silly tarball no local data for path-to-regexp@https://registry.npmjs.org/path-to-regexp/-/path-to-regexp-8.4.2.tgz. Extracting by manifest.
1423 silly tarball no local data for is-promise@https://registry.npmjs.org/is-promise/-/is-promise-4.0.0.tgz. Extracting by manifest.
1424 silly tarball no local data for tiny-invariant@https://registry.npmjs.org/tiny-invariant/-/tiny-invariant-1.3.3.tgz. Extracting by manifest.
1425 silly tarball no local data for source-map@https://registry.npmjs.org/source-map/-/source-map-0.6.1.tgz. Extracting by manifest.
1426 silly tarball no local data for esprima@https://registry.npmjs.org/esprima/-/esprima-4.0.1.tgz. Extracting by manifest.
1427 silly tarball no local data for ast-types@https://registry.npmjs.org/ast-types/-/ast-types-0.16.1.tgz. Extracting by manifest.
1428 silly tarball no local data for ipaddr.js@https://registry.npmjs.org/ipaddr.js/-/ipaddr.js-1.9.1.tgz. Extracting by manifest.
1429 silly tarball no local data for sisteransi@https://registry.npmjs.org/sisteransi/-/sisteransi-1.0.5.tgz. Extracting by manifest.
1430 silly tarball no local data for forwarded@https://registry.npmjs.org/forwarded/-/forwarded-0.2.0.tgz. Extracting by manifest.
1431 silly tarball no local data for parse-ms@https://registry.npmjs.org/parse-ms/-/parse-ms-4.0.0.tgz. Extracting by manifest.
1432 silly tarball no local data for unpipe@https://registry.npmjs.org/unpipe/-/unpipe-1.0.0.tgz. Extracting by manifest.
1433 silly tarball no local data for util-deprecate@https://registry.npmjs.org/util-deprecate/-/util-deprecate-1.0.2.tgz. Extracting by manifest.
1434 silly tarball no local data for cssesc@https://registry.npmjs.org/cssesc/-/cssesc-3.0.0.tgz. Extracting by manifest.
1435 silly tarball no local data for lines-and-columns@https://registry.npmjs.org/lines-and-columns/-/lines-and-columns-1.2.4.tgz. Extracting by manifest.
1436 silly tarball no local data for is-arrayish@https://registry.npmjs.org/is-arrayish/-/is-arrayish-0.2.1.tgz. Extracting by manifest.
1437 silly tarball no local data for json-parse-even-better-errors@https://registry.npmjs.org/json-parse-even-better-errors/-/json-parse-even-better-errors-2.3.1.tgz. Extracting by manifest.
1438 silly tarball no local data for restore-cursor@https://registry.npmjs.org/restore-cursor/-/restore-cursor-5.1.0.tgz. Extracting by manifest.
1439 silly tarball no local data for stdin-discarder@https://registry.npmjs.org/stdin-discarder/-/stdin-discarder-0.2.2.tgz. Extracting by manifest.
1440 silly tarball no local data for log-symbols@https://registry.npmjs.org/log-symbols/-/log-symbols-6.0.0.tgz. Extracting by manifest.
1441 silly tarball no local data for error-ex@https://registry.npmjs.org/error-ex/-/error-ex-1.3.4.tgz. Extracting by manifest.
1442 silly tarball no local data for code-block-writer@https://registry.npmjs.org/code-block-writer/-/code-block-writer-13.0.3.tgz. Extracting by manifest.
1443 silly tarball no local data for string-width@https://registry.npmjs.org/string-width/-/string-width-7.2.0.tgz. Extracting by manifest.
1444 silly tarball no local data for cli-cursor@https://registry.npmjs.org/cli-cursor/-/cli-cursor-5.0.0.tgz. Extracting by manifest.
1445 silly tarball no local data for is-interactive@https://registry.npmjs.org/is-interactive/-/is-interactive-2.0.0.tgz. Extracting by manifest.
1446 silly tarball no local data for cli-spinners@https://registry.npmjs.org/cli-spinners/-/cli-spinners-2.9.2.tgz. Extracting by manifest.
1447 silly tarball no local data for is-docker@https://registry.npmjs.org/is-docker/-/is-docker-3.0.0.tgz. Extracting by manifest.
1448 silly tarball no local data for default-browser-id@https://registry.npmjs.org/default-browser-id/-/default-browser-id-5.0.1.tgz. Extracting by manifest.
1449 silly tarball no local data for run-applescript@https://registry.npmjs.org/run-applescript/-/run-applescript-7.1.0.tgz. Extracting by manifest.
1450 silly tarball no local data for bundle-name@https://registry.npmjs.org/bundle-name/-/bundle-name-4.1.0.tgz. Extracting by manifest.
1451 silly tarball no local data for wsl-utils@https://registry.npmjs.org/wsl-utils/-/wsl-utils-0.3.1.tgz. Extracting by manifest.
1452 silly tarball no local data for powershell-utils@https://registry.npmjs.org/powershell-utils/-/powershell-utils-0.1.0.tgz. Extracting by manifest.
1453 silly tarball no local data for is-inside-container@https://registry.npmjs.org/is-inside-container/-/is-inside-container-1.0.0.tgz. Extracting by manifest.
1454 silly tarball no local data for is-in-ssh@https://registry.npmjs.org/is-in-ssh/-/is-in-ssh-1.0.0.tgz. Extracting by manifest.
1455 silly tarball no local data for default-browser@https://registry.npmjs.org/default-browser/-/default-browser-5.5.0.tgz. Extracting by manifest.
1456 silly tarball no local data for wrappy@https://registry.npmjs.org/wrappy/-/wrappy-1.0.2.tgz. Extracting by manifest.
1457 silly tarball no local data for unicorn-magic@https://registry.npmjs.org/unicorn-magic/-/unicorn-magic-0.3.0.tgz. Extracting by manifest.
1458 silly tarball no local data for define-lazy-prop@https://registry.npmjs.org/define-lazy-prop/-/define-lazy-prop-3.0.0.tgz. Extracting by manifest.
1459 silly tarball no local data for ee-first@https://registry.npmjs.org/ee-first/-/ee-first-1.1.1.tgz. Extracting by manifest.
1460 silly tarball no local data for mime-db@https://registry.npmjs.org/mime-db/-/mime-db-1.54.0.tgz. Extracting by manifest.
1461 silly tarball no local data for safer-buffer@https://registry.npmjs.org/safer-buffer/-/safer-buffer-2.1.2.tgz. Extracting by manifest.
1462 silly tarball no local data for setprototypeof@https://registry.npmjs.org/setprototypeof/-/setprototypeof-1.2.0.tgz. Extracting by manifest.
1463 silly tarball no local data for @sec-ant/readable-stream@https://registry.npmjs.org/@sec-ant/readable-stream/-/readable-stream-0.4.1.tgz. Extracting by manifest.
1464 silly tarball no local data for inherits@https://registry.npmjs.org/inherits/-/inherits-2.0.4.tgz. Extracting by manifest.
1465 silly tarball no local data for toidentifier@https://registry.npmjs.org/toidentifier/-/toidentifier-1.0.1.tgz. Extracting by manifest.
1466 silly tarball no local data for universalify@https://registry.npmjs.org/universalify/-/universalify-2.0.1.tgz. Extracting by manifest.
1467 silly tarball no local data for jsonfile@https://registry.npmjs.org/jsonfile/-/jsonfile-6.2.1.tgz. Extracting by manifest.
1468 silly tarball no local data for is-unicode-supported@https://registry.npmjs.org/is-unicode-supported/-/is-unicode-supported-2.1.0.tgz. Extracting by manifest.
1469 silly tarball no local data for ip-address@https://registry.npmjs.org/ip-address/-/ip-address-10.2.0.tgz. Extracting by manifest.
1470 silly tarball no local data for negotiator@https://registry.npmjs.org/negotiator/-/negotiator-1.0.0.tgz. Extracting by manifest.
1471 silly tarball no local data for type-is@https://registry.npmjs.org/type-is/-/type-is-2.1.0.tgz. Extracting by manifest.
1472 silly tarball no local data for serve-static@https://registry.npmjs.org/serve-static/-/serve-static-2.2.1.tgz. Extracting by manifest.
1473 silly tarball no local data for send@https://registry.npmjs.org/send/-/send-1.2.1.tgz. Extracting by manifest.
1474 silly tarball no local data for iconv-lite@https://registry.npmjs.org/iconv-lite/-/iconv-lite-0.7.3.tgz. Extracting by manifest.
1475 silly tarball no local data for router@https://registry.npmjs.org/router/-/router-2.2.0.tgz. Extracting by manifest.
1476 silly tarball no local data for range-parser@https://registry.npmjs.org/range-parser/-/range-parser-1.3.0.tgz. Extracting by manifest.
1477 silly tarball no local data for qs@https://registry.npmjs.org/qs/-/qs-6.15.3.tgz. Extracting by manifest.
1478 silly tarball no local data for proxy-addr@https://registry.npmjs.org/proxy-addr/-/proxy-addr-2.0.7.tgz. Extracting by manifest.
1479 silly tarball no local data for bytes@https://registry.npmjs.org/bytes/-/bytes-3.1.2.tgz. Extracting by manifest.
1480 silly tarball no local data for parseurl@https://registry.npmjs.org/parseurl/-/parseurl-1.3.3.tgz. Extracting by manifest.
1481 silly tarball no local data for once@https://registry.npmjs.org/once/-/once-1.4.0.tgz. Extracting by manifest.
1482 silly tarball no local data for on-finished@https://registry.npmjs.org/on-finished/-/on-finished-2.4.1.tgz. Extracting by manifest.
1483 silly tarball no local data for mime-types@https://registry.npmjs.org/mime-types/-/mime-types-3.0.2.tgz. Extracting by manifest.
1484 silly tarball no local data for merge-descriptors@https://registry.npmjs.org/merge-descriptors/-/merge-descriptors-2.0.0.tgz. Extracting by manifest.
1485 silly tarball no local data for http-errors@https://registry.npmjs.org/http-errors/-/http-errors-2.0.1.tgz. Extracting by manifest.
1486 silly tarball no local data for fresh@https://registry.npmjs.org/fresh/-/fresh-2.0.0.tgz. Extracting by manifest.
1487 silly tarball no local data for finalhandler@https://registry.npmjs.org/finalhandler/-/finalhandler-2.1.1.tgz. Extracting by manifest.
1488 silly tarball no local data for statuses@https://registry.npmjs.org/statuses/-/statuses-2.0.2.tgz. Extracting by manifest.
1489 silly tarball no local data for encodeurl@https://registry.npmjs.org/encodeurl/-/encodeurl-2.0.0.tgz. Extracting by manifest.
1490 silly tarball no local data for escape-html@https://registry.npmjs.org/escape-html/-/escape-html-1.0.3.tgz. Extracting by manifest.
1491 silly tarball no local data for etag@https://registry.npmjs.org/etag/-/etag-1.8.1.tgz. Extracting by manifest.
1492 silly tarball no local data for cookie-signature@https://registry.npmjs.org/cookie-signature/-/cookie-signature-1.2.2.tgz. Extracting by manifest.
1493 silly tarball no local data for body-parser@https://registry.npmjs.org/body-parser/-/body-parser-2.3.0.tgz. Extracting by manifest.
1494 silly tarball no local data for accepts@https://registry.npmjs.org/accepts/-/accepts-2.0.0.tgz. Extracting by manifest.
1495 silly tarball no local data for yoctocolors@https://registry.npmjs.org/yoctocolors/-/yoctocolors-2.1.2.tgz. Extracting by manifest.
1496 silly tarball no local data for strip-final-newline@https://registry.npmjs.org/strip-final-newline/-/strip-final-newline-4.0.0.tgz. Extracting by manifest.
1497 silly tarball no local data for signal-exit@https://registry.npmjs.org/signal-exit/-/signal-exit-4.1.0.tgz. Extracting by manifest.
1498 silly tarball no local data for pretty-ms@https://registry.npmjs.org/pretty-ms/-/pretty-ms-9.3.0.tgz. Extracting by manifest.
1499 silly tarball no local data for npm-run-path@https://registry.npmjs.org/npm-run-path/-/npm-run-path-6.0.0.tgz. Extracting by manifest.
1500 silly tarball no local data for depd@https://registry.npmjs.org/depd/-/depd-2.0.0.tgz. Extracting by manifest.
1501 silly tarball no local data for is-stream@https://registry.npmjs.org/is-stream/-/is-stream-4.0.1.tgz. Extracting by manifest.
1502 silly tarball no local data for is-plain-obj@https://registry.npmjs.org/is-plain-obj/-/is-plain-obj-4.1.0.tgz. Extracting by manifest.
1503 silly tarball no local data for human-signals@https://registry.npmjs.org/human-signals/-/human-signals-8.0.1.tgz. Extracting by manifest.
1504 silly tarball no local data for @sindresorhus/merge-streams@https://registry.npmjs.org/@sindresorhus/merge-streams/-/merge-streams-4.0.0.tgz. Extracting by manifest.
1505 silly tarball no local data for strip-ansi@https://registry.npmjs.org/strip-ansi/-/strip-ansi-6.0.1.tgz. Extracting by manifest.
1506 silly tarball no local data for ansi-colors@https://registry.npmjs.org/ansi-colors/-/ansi-colors-4.1.3.tgz. Extracting by manifest.
1507 silly tarball no local data for is-obj@https://registry.npmjs.org/is-obj/-/is-obj-2.0.0.tgz. Extracting by manifest.
1508 silly tarball no local data for mimic-fn@https://registry.npmjs.org/mimic-fn/-/mimic-fn-3.1.0.tgz. Extracting by manifest.
1509 silly tarball no local data for get-stream@https://registry.npmjs.org/get-stream/-/get-stream-9.0.1.tgz. Extracting by manifest.
1510 silly tarball no local data for figures@https://registry.npmjs.org/figures/-/figures-6.1.0.tgz. Extracting by manifest.
1511 silly tarball no local data for vary@https://registry.npmjs.org/vary/-/vary-1.1.2.tgz. Extracting by manifest.
1512 silly tarball no local data for parse-json@https://registry.npmjs.org/parse-json/-/parse-json-5.2.0.tgz. Extracting by manifest.
1513 silly tarball no local data for pkg-up@https://registry.npmjs.org/pkg-up/-/pkg-up-3.1.0.tgz. Extracting by manifest.
1514 silly tarball no local data for dot-prop@https://registry.npmjs.org/dot-prop/-/dot-prop-6.0.1.tgz. Extracting by manifest.
1515 silly tarball no local data for debounce-fn@https://registry.npmjs.org/debounce-fn/-/debounce-fn-4.0.0.tgz. Extracting by manifest.
1516 silly tarball no local data for atomically@https://registry.npmjs.org/atomically/-/atomically-1.7.0.tgz. Extracting by manifest.
1517 silly tarball no local data for onetime@https://registry.npmjs.org/onetime/-/onetime-5.1.2.tgz. Extracting by manifest.
1518 silly tarball no local data for pkce-challenge@https://registry.npmjs.org/pkce-challenge/-/pkce-challenge-5.0.1.tgz. Extracting by manifest.
1519 silly tarball no local data for raw-body@https://registry.npmjs.org/raw-body/-/raw-body-3.0.2.tgz. Extracting by manifest.
1520 silly tarball no local data for jose@https://registry.npmjs.org/jose/-/jose-6.2.3.tgz. Extracting by manifest.
1521 silly tarball no local data for express-rate-limit@https://registry.npmjs.org/express-rate-limit/-/express-rate-limit-8.5.2.tgz. Extracting by manifest.
1522 silly tarball no local data for json-schema-typed@https://registry.npmjs.org/json-schema-typed/-/json-schema-typed-8.0.2.tgz. Extracting by manifest.
1523 silly tarball no local data for eventsource-parser@https://registry.npmjs.org/eventsource-parser/-/eventsource-parser-3.1.0.tgz. Extracting by manifest.
1524 silly tarball no local data for cors@https://registry.npmjs.org/cors/-/cors-2.8.6.tgz. Extracting by manifest.
1525 silly tarball no local data for express@https://registry.npmjs.org/express/-/express-5.2.1.tgz. Extracting by manifest.
1526 silly tarball no local data for content-type@https://registry.npmjs.org/content-type/-/content-type-1.0.5.tgz. Extracting by manifest.
1527 silly tarball no local data for ajv-formats@https://registry.npmjs.org/ajv-formats/-/ajv-formats-3.0.1.tgz. Extracting by manifest.
1528 silly tarball no local data for hono@https://registry.npmjs.org/hono/-/hono-4.12.29.tgz. Extracting by manifest.
1529 silly tarball no local data for @hono/node-server@https://registry.npmjs.org/@hono/node-server/-/node-server-1.19.14.tgz. Extracting by manifest.
1530 silly tarball no local data for yocto-spinner@https://registry.npmjs.org/yocto-spinner/-/yocto-spinner-1.2.1.tgz. Extracting by manifest.
1531 silly tarball no local data for systeminformation@https://registry.npmjs.org/systeminformation/-/systeminformation-5.31.16.tgz. Extracting by manifest.
1532 silly tarball no local data for object-treeify@https://registry.npmjs.org/object-treeify/-/object-treeify-1.1.33.tgz. Extracting by manifest.
1533 silly tarball no local data for content-disposition@https://registry.npmjs.org/content-disposition/-/content-disposition-1.1.0.tgz. Extracting by manifest.
1534 silly tarball no local data for env-paths@https://registry.npmjs.org/env-paths/-/env-paths-2.2.1.tgz. Extracting by manifest.
1535 silly tarball no local data for enquirer@https://registry.npmjs.org/enquirer/-/enquirer-2.4.1.tgz. Extracting by manifest.
1536 silly tarball no local data for conf@https://registry.npmjs.org/conf/-/conf-10.2.0.tgz. Extracting by manifest.
1537 silly tarball no local data for dotenv@https://registry.npmjs.org/dotenv/-/dotenv-17.4.2.tgz. Extracting by manifest.
1538 silly tarball no local data for @dotenvx/primitives@https://registry.npmjs.org/@dotenvx/primitives/-/primitives-0.8.0.tgz. Extracting by manifest.
1539 silly tarball no local data for @babel/helper-replace-supers@https://registry.npmjs.org/@babel/helper-replace-supers/-/helper-replace-supers-7.29.7.tgz. Extracting by manifest.
1540 silly tarball no local data for @babel/helper-optimise-call-expression@https://registry.npmjs.org/@babel/helper-optimise-call-expression/-/helper-optimise-call-expression-7.29.7.tgz. Extracting by manifest.
1541 silly tarball no local data for @babel/plugin-syntax-typescript@https://registry.npmjs.org/@babel/plugin-syntax-typescript/-/plugin-syntax-typescript-7.29.7.tgz. Extracting by manifest.
1542 silly tarball no local data for @babel/plugin-transform-modules-commonjs@https://registry.npmjs.org/@babel/plugin-transform-modules-commonjs/-/plugin-transform-modules-commonjs-7.29.7.tgz. Extracting by manifest.
1543 silly tarball no local data for @babel/helper-member-expression-to-functions@https://registry.npmjs.org/@babel/helper-member-expression-to-functions/-/helper-member-expression-to-functions-7.29.7.tgz. Extracting by manifest.
1544 silly tarball no local data for @babel/plugin-syntax-jsx@https://registry.npmjs.org/@babel/plugin-syntax-jsx/-/plugin-syntax-jsx-7.29.7.tgz. Extracting by manifest.
1545 silly tarball no local data for @babel/helper-skip-transparent-expression-wrappers@https://registry.npmjs.org/@babel/helper-skip-transparent-expression-wrappers/-/helper-skip-transparent-expression-wrappers-7.29.7.tgz. Extracting by manifest.
1546 silly tarball no local data for eventsource@https://registry.npmjs.org/eventsource/-/eventsource-3.0.7.tgz. Extracting by manifest.
1547 silly tarball no local data for @babel/helper-plugin-utils@https://registry.npmjs.org/@babel/helper-plugin-utils/-/helper-plugin-utils-7.29.7.tgz. Extracting by manifest.
1548 silly tarball no local data for validate-npm-package-name@https://registry.npmjs.org/validate-npm-package-name/-/validate-npm-package-name-7.0.2.tgz. Extracting by manifest.
1549 silly tarball no local data for undici@https://registry.npmjs.org/undici/-/undici-7.28.0.tgz. Extracting by manifest.
1550 silly tarball no local data for ts-morph@https://registry.npmjs.org/ts-morph/-/ts-morph-26.0.0.tgz. Extracting by manifest.
1551 silly tarball no local data for @babel/helper-create-class-features-plugin@https://registry.npmjs.org/@babel/helper-create-class-features-plugin/-/helper-create-class-features-plugin-7.29.7.tgz. Extracting by manifest.
1552 silly tarball no local data for stringify-object@https://registry.npmjs.org/stringify-object/-/stringify-object-5.0.0.tgz. Extracting by manifest.
1553 silly tarball no local data for recast@https://registry.npmjs.org/recast/-/recast-0.23.12.tgz. Extracting by manifest.
1554 silly tarball no local data for prompts@https://registry.npmjs.org/prompts/-/prompts-2.4.2.tgz. Extracting by manifest.
1555 silly tarball no local data for zod-to-json-schema@https://registry.npmjs.org/zod-to-json-schema/-/zod-to-json-schema-3.25.2.tgz. Extracting by manifest.
1556 silly tarball no local data for ora@https://registry.npmjs.org/ora/-/ora-8.2.0.tgz. Extracting by manifest.
1557 silly tarball no local data for open@https://registry.npmjs.org/open/-/open-11.0.0.tgz. Extracting by manifest.
1558 silly tarball no local data for kleur@https://registry.npmjs.org/kleur/-/kleur-4.1.5.tgz. Extracting by manifest.
1559 silly tarball no local data for postcss-selector-parser@https://registry.npmjs.org/postcss-selector-parser/-/postcss-selector-parser-7.1.4.tgz. Extracting by manifest.
1560 silly tarball no local data for fuzzysort@https://registry.npmjs.org/fuzzysort/-/fuzzysort-3.1.0.tgz. Extracting by manifest.
1561 silly tarball no local data for fs-extra@https://registry.npmjs.org/fs-extra/-/fs-extra-11.3.6.tgz. Extracting by manifest.
1562 silly tarball no local data for diff@https://registry.npmjs.org/diff/-/diff-8.0.4.tgz. Extracting by manifest.
1563 silly tarball no local data for deepmerge@https://registry.npmjs.org/deepmerge/-/deepmerge-4.3.1.tgz. Extracting by manifest.
1564 silly tarball no local data for dedent@https://registry.npmjs.org/dedent/-/dedent-1.7.2.tgz. Extracting by manifest.
1565 silly tarball no local data for cosmiconfig@https://registry.npmjs.org/cosmiconfig/-/cosmiconfig-9.0.2.tgz. Extracting by manifest.
1566 silly tarball no local data for @babel/helper-annotate-as-pure@https://registry.npmjs.org/@babel/helper-annotate-as-pure/-/helper-annotate-as-pure-7.29.7.tgz. Extracting by manifest.
1567 silly tarball no local data for commander@https://registry.npmjs.org/commander/-/commander-14.0.3.tgz. Extracting by manifest.
1568 silly tarball no local data for execa@https://registry.npmjs.org/execa/-/execa-9.6.1.tgz. Extracting by manifest.
1569 silly tarball no local data for @types/validate-npm-package-name@https://registry.npmjs.org/@types/validate-npm-package-name/-/validate-npm-package-name-4.0.2.tgz. Extracting by manifest.
1570 silly tarball no local data for @dotenvx/dotenvx@https://registry.npmjs.org/@dotenvx/dotenvx/-/dotenvx-1.75.1.tgz. Extracting by manifest.
1571 silly tarball no local data for @modelcontextprotocol/sdk@https://registry.npmjs.org/@modelcontextprotocol/sdk/-/sdk-1.29.0.tgz. Extracting by manifest.
1572 silly tarball no local data for @babel/plugin-transform-typescript@https://registry.npmjs.org/@babel/plugin-transform-typescript/-/plugin-transform-typescript-7.29.7.tgz. Extracting by manifest.
1573 silly tarball no local data for shadcn@https://registry.npmjs.org/shadcn/-/shadcn-4.13.0.tgz. Extracting by manifest.
1574 silly tarball no local data for @emnapi/wasi-threads@https://registry.npmjs.org/@emnapi/wasi-threads/-/wasi-threads-1.2.2.tgz. Extracting by manifest.
1575 silly tarball no local data for @babel/preset-typescript@https://registry.npmjs.org/@babel/preset-typescript/-/preset-typescript-7.29.7.tgz. Extracting by manifest.
1576 silly tarball no local data for onetime@https://registry.npmjs.org/onetime/-/onetime-7.0.0.tgz. Extracting by manifest.
1577 silly tarball no local data for ansi-regex@https://registry.npmjs.org/ansi-regex/-/ansi-regex-6.2.2.tgz. Extracting by manifest.
1578 silly tarball no local data for fast-glob@https://registry.npmjs.org/fast-glob/-/fast-glob-3.3.3.tgz. Extracting by manifest.
1579 silly tarball no local data for strip-ansi@https://registry.npmjs.org/strip-ansi/-/strip-ansi-7.2.0.tgz. Extracting by manifest.
1580 silly tarball no local data for chalk@https://registry.npmjs.org/chalk/-/chalk-5.6.2.tgz. Extracting by manifest.
1581 silly tarball no local data for is-unicode-supported@https://registry.npmjs.org/is-unicode-supported/-/is-unicode-supported-1.3.0.tgz. Extracting by manifest.
1582 silly tarball no local data for emoji-regex@https://registry.npmjs.org/emoji-regex/-/emoji-regex-10.6.0.tgz. Extracting by manifest.
1583 silly tarball no local data for content-type@https://registry.npmjs.org/content-type/-/content-type-2.0.0.tgz. Extracting by manifest.
1584 silly tarball no local data for path-key@https://registry.npmjs.org/path-key/-/path-key-4.0.0.tgz. Extracting by manifest.
1585 silly tarball no local data for p-limit@https://registry.npmjs.org/p-limit/-/p-limit-2.3.0.tgz. Extracting by manifest.
1586 silly tarball no local data for path-exists@https://registry.npmjs.org/path-exists/-/path-exists-3.0.0.tgz. Extracting by manifest.
1587 silly tarball no local data for p-locate@https://registry.npmjs.org/p-locate/-/p-locate-3.0.0.tgz. Extracting by manifest.
1588 silly tarball no local data for locate-path@https://registry.npmjs.org/locate-path/-/locate-path-3.0.0.tgz. Extracting by manifest.
1589 silly tarball no local data for mimic-fn@https://registry.npmjs.org/mimic-fn/-/mimic-fn-2.1.0.tgz. Extracting by manifest.
1590 silly tarball no local data for find-up@https://registry.npmjs.org/find-up/-/find-up-3.0.0.tgz. Extracting by manifest.
1591 silly tarball no local data for cookie@https://registry.npmjs.org/cookie/-/cookie-0.7.2.tgz. Extracting by manifest.
1592 silly tarball no local data for ajv@https://registry.npmjs.org/ajv/-/ajv-8.20.0.tgz. Extracting by manifest.
1593 silly tarball no local data for json-schema-traverse@https://registry.npmjs.org/json-schema-traverse/-/json-schema-traverse-1.0.0.tgz. Extracting by manifest.
1594 silly tarball no local data for json-schema-traverse@https://registry.npmjs.org/json-schema-traverse/-/json-schema-traverse-1.0.0.tgz. Extracting by manifest.
1595 silly tarball no local data for ajv-formats@https://registry.npmjs.org/ajv-formats/-/ajv-formats-2.1.1.tgz. Extracting by manifest.
1596 silly tarball no local data for json-schema-typed@https://registry.npmjs.org/json-schema-typed/-/json-schema-typed-7.0.3.tgz. Extracting by manifest.
1597 silly tarball no local data for is-obj@https://registry.npmjs.org/is-obj/-/is-obj-3.0.0.tgz. Extracting by manifest.
1598 silly tarball no local data for kleur@https://registry.npmjs.org/kleur/-/kleur-3.0.3.tgz. Extracting by manifest.
1599 silly tarball no local data for ansi-regex@https://registry.npmjs.org/ansi-regex/-/ansi-regex-6.2.2.tgz. Extracting by manifest.
1600 silly tarball no local data for strip-ansi@https://registry.npmjs.org/strip-ansi/-/strip-ansi-7.2.0.tgz. Extracting by manifest.
1601 silly tarball no local data for content-type@https://registry.npmjs.org/content-type/-/content-type-2.0.0.tgz. Extracting by manifest.
1602 silly tarball no local data for ajv@https://registry.npmjs.org/ajv/-/ajv-8.20.0.tgz. Extracting by manifest.
1603 silly tarball no local data for chalk@https://registry.npmjs.org/chalk/-/chalk-5.6.2.tgz. Extracting by manifest.
1604 silly tarball no local data for json-schema-traverse@https://registry.npmjs.org/json-schema-traverse/-/json-schema-traverse-1.0.0.tgz. Extracting by manifest.
1605 silly tarball no local data for ajv@https://registry.npmjs.org/ajv/-/ajv-8.20.0.tgz. Extracting by manifest.
1606 silly tarball no local data for is-docker@https://registry.npmjs.org/is-docker/-/is-docker-2.2.1.tgz. Extracting by manifest.
1607 silly tarball no local data for is-wsl@https://registry.npmjs.org/is-wsl/-/is-wsl-2.2.0.tgz. Extracting by manifest.
1608 silly tarball no local data for define-lazy-prop@https://registry.npmjs.org/define-lazy-prop/-/define-lazy-prop-2.0.0.tgz. Extracting by manifest.
1609 silly tarball no local data for strip-final-newline@https://registry.npmjs.org/strip-final-newline/-/strip-final-newline-2.0.0.tgz. Extracting by manifest.
1610 silly tarball no local data for is-stream@https://registry.npmjs.org/is-stream/-/is-stream-2.0.1.tgz. Extracting by manifest.
1611 silly tarball no local data for npm-run-path@https://registry.npmjs.org/npm-run-path/-/npm-run-path-4.0.1.tgz. Extracting by manifest.
1612 silly tarball no local data for isexe@https://registry.npmjs.org/isexe/-/isexe-3.1.5.tgz. Extracting by manifest.
1613 silly tarball no local data for signal-exit@https://registry.npmjs.org/signal-exit/-/signal-exit-3.0.7.tgz. Extracting by manifest.
1614 silly tarball no local data for get-stream@https://registry.npmjs.org/get-stream/-/get-stream-6.0.1.tgz. Extracting by manifest.
1615 silly tarball no local data for which@https://registry.npmjs.org/which/-/which-4.0.0.tgz. Extracting by manifest.
1616 silly tarball no local data for human-signals@https://registry.npmjs.org/human-signals/-/human-signals-2.1.0.tgz. Extracting by manifest.
1617 silly tarball no local data for execa@https://registry.npmjs.org/execa/-/execa-5.1.1.tgz. Extracting by manifest.
1618 silly tarball no local data for commander@https://registry.npmjs.org/commander/-/commander-11.1.0.tgz. Extracting by manifest.
1619 silly tarball no local data for open@https://registry.npmjs.org/open/-/open-8.4.2.tgz. Extracting by manifest.
1620 silly tarball no local data for tsconfig-paths@https://registry.npmjs.org/tsconfig-paths/-/tsconfig-paths-4.2.0.tgz. Extracting by manifest.
1621 silly tarball no local data for zod@https://registry.npmjs.org/zod/-/zod-3.25.76.tgz. Extracting by manifest.
1622 silly tarball no local data for fast-glob@https://registry.npmjs.org/fast-glob/-/fast-glob-3.3.3.tgz. Extracting by manifest.
1623 http fetch GET 200 https://registry.npmjs.org/mimic-function/-/mimic-function-5.0.1.tgz 357ms (cache miss)
1624 http fetch GET 200 https://registry.npmjs.org/p-try/-/p-try-2.2.0.tgz 427ms (cache miss)
1625 http fetch GET 200 https://registry.npmjs.org/fast-uri/-/fast-uri-3.1.3.tgz 456ms (cache miss)
1626 http fetch GET 200 https://registry.npmjs.org/merge-stream/-/merge-stream-2.0.0.tgz 466ms (cache miss)
1627 http fetch GET 200 https://registry.npmjs.org/is-wsl/-/is-wsl-3.1.1.tgz 493ms (cache miss)
1628 http fetch GET 200 https://registry.npmjs.org/require-from-string/-/require-from-string-2.0.2.tgz 515ms (cache miss)
1629 http fetch POST 200 https://registry.npmjs.org/-/npm/v1/security/advisories/bulk 546ms
1630 silly audit report {
1630 silly audit report   postcss: [
1630 silly audit report     {
1630 silly audit report       id: 1117015,
1630 silly audit report       url: 'https://github.com/advisories/GHSA-qx2v-qp2m-jg93',
1630 silly audit report       title: 'PostCSS has XSS via Unescaped </style> in its CSS Stringify Output',
1630 silly audit report       severity: 'moderate',
1630 silly audit report       vulnerable_versions: '<8.5.10',
1630 silly audit report       cwe: [Array],
1630 silly audit report       cvss: [Object]
1630 silly audit report     }
1630 silly audit report   ]
1630 silly audit report }
1631 silly packumentCache corgi:https://registry.npmjs.org/postcss cache-miss
1632 http cache https://registry.npmjs.org/postcss 3ms (cache hit)
1633 silly packumentCache corgi:https://registry.npmjs.org/postcss set size:346711 disposed:false
1634 silly packumentCache corgi:https://registry.npmjs.org/next cache-miss
1635 http cache https://registry.npmjs.org/next 35ms (cache hit)
1636 silly packumentCache corgi:https://registry.npmjs.org/next set size:25358914 disposed:false
1637 http fetch GET 200 https://registry.npmjs.org/is-promise/-/is-promise-4.0.0.tgz 1245ms (cache miss)
1638 http fetch GET 200 https://registry.npmjs.org/tiny-invariant/-/tiny-invariant-1.3.3.tgz 1531ms (cache miss)
1639 http fetch GET 200 https://registry.npmjs.org/source-map/-/source-map-0.6.1.tgz 1665ms (cache miss)
1640 http fetch GET 200 https://registry.npmjs.org/esprima/-/esprima-4.0.1.tgz 1811ms (cache miss)
1641 http fetch GET 200 https://registry.npmjs.org/ipaddr.js/-/ipaddr.js-1.9.1.tgz 2092ms (cache miss)
1642 http fetch GET 200 https://registry.npmjs.org/ast-types/-/ast-types-0.16.1.tgz 2107ms (cache miss)
1643 http fetch GET 200 https://registry.npmjs.org/sisteransi/-/sisteransi-1.0.5.tgz 2111ms (cache miss)
1644 http fetch GET 200 https://registry.npmjs.org/unpipe/-/unpipe-1.0.0.tgz 2444ms (cache miss)
1645 http fetch GET 200 https://registry.npmjs.org/forwarded/-/forwarded-0.2.0.tgz 2446ms (cache miss)
1646 http fetch GET 200 https://registry.npmjs.org/util-deprecate/-/util-deprecate-1.0.2.tgz 2445ms (cache miss)
1647 http fetch GET 200 https://registry.npmjs.org/is-arrayish/-/is-arrayish-0.2.1.tgz 2446ms (cache miss)
1648 http fetch GET 200 https://registry.npmjs.org/media-typer/-/media-typer-1.1.0.tgz 2450ms (cache miss)
1649 http fetch GET 200 https://registry.npmjs.org/cssesc/-/cssesc-3.0.0.tgz 2454ms (cache miss)
1650 http fetch GET 200 https://registry.npmjs.org/lines-and-columns/-/lines-and-columns-1.2.4.tgz 2460ms (cache miss)
1651 http fetch GET 200 https://registry.npmjs.org/parse-ms/-/parse-ms-4.0.0.tgz 2460ms (cache miss)
1652 http fetch GET 200 https://registry.npmjs.org/path-browserify/-/path-browserify-1.0.1.tgz 2463ms (cache miss)
1653 http fetch GET 200 https://registry.npmjs.org/get-own-enumerable-keys/-/get-own-enumerable-keys-1.0.0.tgz 2660ms (cache miss)
1654 http fetch GET 200 https://registry.npmjs.org/get-east-asian-width/-/get-east-asian-width-1.6.0.tgz 2665ms (cache miss)
1655 http fetch GET 200 https://registry.npmjs.org/path-to-regexp/-/path-to-regexp-8.4.2.tgz 2669ms (cache miss)
1656 http fetch GET 200 https://registry.npmjs.org/is-regexp/-/is-regexp-3.1.0.tgz 2670ms (cache miss)
1657 http fetch GET 200 https://registry.npmjs.org/ansi-regex/-/ansi-regex-5.0.1.tgz 2670ms (cache miss)
1658 http fetch GET 200 https://registry.npmjs.org/error-ex/-/error-ex-1.3.4.tgz 2677ms (cache miss)
1659 http fetch GET 200 https://registry.npmjs.org/restore-cursor/-/restore-cursor-5.1.0.tgz 2679ms (cache miss)
1660 http fetch GET 200 https://registry.npmjs.org/json-parse-even-better-errors/-/json-parse-even-better-errors-2.3.1.tgz 2682ms (cache miss)
1661 http fetch GET 200 https://registry.npmjs.org/cli-cursor/-/cli-cursor-5.0.0.tgz 2681ms (cache miss)
1662 http fetch GET 200 https://registry.npmjs.org/log-symbols/-/log-symbols-6.0.0.tgz 2681ms (cache miss)
1663 http fetch GET 200 https://registry.npmjs.org/stdin-discarder/-/stdin-discarder-0.2.2.tgz 2683ms (cache miss)
1664 http fetch GET 200 https://registry.npmjs.org/is-interactive/-/is-interactive-2.0.0.tgz 2682ms (cache miss)
1665 http fetch GET 200 https://registry.npmjs.org/string-width/-/string-width-7.2.0.tgz 2682ms (cache miss)
1666 http fetch GET 200 https://registry.npmjs.org/code-block-writer/-/code-block-writer-13.0.3.tgz 2686ms (cache miss)
1667 http fetch GET 200 https://registry.npmjs.org/cli-spinners/-/cli-spinners-2.9.2.tgz 2716ms (cache miss)
1668 http fetch GET 200 https://registry.npmjs.org/default-browser-id/-/default-browser-id-5.0.1.tgz 2720ms (cache miss)
1669 http fetch GET 200 https://registry.npmjs.org/is-docker/-/is-docker-3.0.0.tgz 2724ms (cache miss)
1670 http fetch GET 200 https://registry.npmjs.org/bundle-name/-/bundle-name-4.1.0.tgz 2732ms (cache miss)
1671 http fetch GET 200 https://registry.npmjs.org/run-applescript/-/run-applescript-7.1.0.tgz 2733ms (cache miss)
1672 http fetch GET 200 https://registry.npmjs.org/wsl-utils/-/wsl-utils-0.3.1.tgz 2737ms (cache miss)
1673 http fetch GET 200 https://registry.npmjs.org/powershell-utils/-/powershell-utils-0.1.0.tgz 2741ms (cache miss)
1674 http fetch GET 200 https://registry.npmjs.org/is-inside-container/-/is-inside-container-1.0.0.tgz 2742ms (cache miss)
1675 http fetch GET 200 https://registry.npmjs.org/wrappy/-/wrappy-1.0.2.tgz 2742ms (cache miss)
1676 http fetch GET 200 https://registry.npmjs.org/default-browser/-/default-browser-5.5.0.tgz 2745ms (cache miss)
1677 http fetch GET 200 https://registry.npmjs.org/is-in-ssh/-/is-in-ssh-1.0.0.tgz 2745ms (cache miss)
1678 http fetch GET 200 https://registry.npmjs.org/unicorn-magic/-/unicorn-magic-0.3.0.tgz 2753ms (cache miss)
1679 http fetch GET 200 https://registry.npmjs.org/define-lazy-prop/-/define-lazy-prop-3.0.0.tgz 2752ms (cache miss)
1680 http fetch GET 200 https://registry.npmjs.org/ee-first/-/ee-first-1.1.1.tgz 2758ms (cache miss)
1681 http fetch GET 200 https://registry.npmjs.org/setprototypeof/-/setprototypeof-1.2.0.tgz 2778ms (cache miss)
1682 http fetch GET 200 https://registry.npmjs.org/safer-buffer/-/safer-buffer-2.1.2.tgz 2778ms (cache miss)
1683 http fetch GET 200 https://registry.npmjs.org/mime-db/-/mime-db-1.54.0.tgz 2791ms (cache miss)
1684 http fetch GET 200 https://registry.npmjs.org/inherits/-/inherits-2.0.4.tgz 2806ms (cache miss)
1685 http fetch GET 200 https://registry.npmjs.org/toidentifier/-/toidentifier-1.0.1.tgz 2806ms (cache miss)
1686 http fetch GET 200 https://registry.npmjs.org/universalify/-/universalify-2.0.1.tgz 2807ms (cache miss)
1687 http fetch GET 200 https://registry.npmjs.org/jsonfile/-/jsonfile-6.2.1.tgz 2808ms (cache miss)
1688 http fetch GET 200 https://registry.npmjs.org/negotiator/-/negotiator-1.0.0.tgz 2814ms (cache miss)
1689 http fetch GET 200 https://registry.npmjs.org/is-unicode-supported/-/is-unicode-supported-2.1.0.tgz 2839ms (cache miss)
1690 http fetch GET 200 https://registry.npmjs.org/serve-static/-/serve-static-2.2.1.tgz 2840ms (cache miss)
1691 http fetch GET 200 https://registry.npmjs.org/type-is/-/type-is-2.1.0.tgz 2840ms (cache miss)
1692 http fetch GET 200 https://registry.npmjs.org/send/-/send-1.2.1.tgz 2840ms (cache miss)
1693 http fetch GET 200 https://registry.npmjs.org/router/-/router-2.2.0.tgz 2844ms (cache miss)
1694 http fetch GET 200 https://registry.npmjs.org/range-parser/-/range-parser-1.3.0.tgz 2844ms (cache miss)
1695 http fetch GET 200 https://registry.npmjs.org/ip-address/-/ip-address-10.2.0.tgz 2849ms (cache miss)
1696 http fetch GET 200 https://registry.npmjs.org/once/-/once-1.4.0.tgz 2889ms (cache miss)
1697 http fetch GET 200 https://registry.npmjs.org/bytes/-/bytes-3.1.2.tgz 2891ms (cache miss)
1698 http fetch GET 200 https://registry.npmjs.org/on-finished/-/on-finished-2.4.1.tgz 2894ms (cache miss)
1699 http fetch GET 200 https://registry.npmjs.org/proxy-addr/-/proxy-addr-2.0.7.tgz 2907ms (cache miss)
1700 http fetch GET 200 https://registry.npmjs.org/mime-types/-/mime-types-3.0.2.tgz 2908ms (cache miss)
1701 http fetch GET 200 https://registry.npmjs.org/parseurl/-/parseurl-1.3.3.tgz 2908ms (cache miss)
1702 http fetch GET 200 https://registry.npmjs.org/http-errors/-/http-errors-2.0.1.tgz 2914ms (cache miss)
1703 http fetch GET 200 https://registry.npmjs.org/fresh/-/fresh-2.0.0.tgz 2914ms (cache miss)
1704 http fetch GET 200 https://registry.npmjs.org/statuses/-/statuses-2.0.2.tgz 2915ms (cache miss)
1705 http fetch GET 200 https://registry.npmjs.org/finalhandler/-/finalhandler-2.1.1.tgz 2926ms (cache miss)
1706 http fetch GET 200 https://registry.npmjs.org/merge-descriptors/-/merge-descriptors-2.0.0.tgz 2935ms (cache miss)
1707 http fetch GET 200 https://registry.npmjs.org/qs/-/qs-6.15.3.tgz 2936ms (cache miss)
1708 http fetch GET 200 https://registry.npmjs.org/encodeurl/-/encodeurl-2.0.0.tgz 2968ms (cache miss)
1709 http fetch GET 200 https://registry.npmjs.org/escape-html/-/escape-html-1.0.3.tgz 2970ms (cache miss)
1710 http fetch GET 200 https://registry.npmjs.org/iconv-lite/-/iconv-lite-0.7.3.tgz 2972ms (cache miss)
1711 http fetch GET 200 https://registry.npmjs.org/etag/-/etag-1.8.1.tgz 2980ms (cache miss)
1712 http fetch GET 200 https://registry.npmjs.org/cookie-signature/-/cookie-signature-1.2.2.tgz 2981ms (cache miss)
1713 http fetch GET 200 https://registry.npmjs.org/accepts/-/accepts-2.0.0.tgz 2981ms (cache miss)
1714 http fetch GET 200 https://registry.npmjs.org/body-parser/-/body-parser-2.3.0.tgz 2984ms (cache miss)
1715 http fetch GET 200 https://registry.npmjs.org/yoctocolors/-/yoctocolors-2.1.2.tgz 2984ms (cache miss)
1716 http fetch GET 200 https://registry.npmjs.org/signal-exit/-/signal-exit-4.1.0.tgz 2985ms (cache miss)
1717 http fetch GET 200 https://registry.npmjs.org/pretty-ms/-/pretty-ms-9.3.0.tgz 2991ms (cache miss)
1718 http fetch GET 200 https://registry.npmjs.org/strip-final-newline/-/strip-final-newline-4.0.0.tgz 2991ms (cache miss)
1719 http fetch GET 200 https://registry.npmjs.org/depd/-/depd-2.0.0.tgz 3009ms (cache miss)
1720 http fetch GET 200 https://registry.npmjs.org/npm-run-path/-/npm-run-path-6.0.0.tgz 3015ms (cache miss)
1721 http fetch GET 200 https://registry.npmjs.org/is-stream/-/is-stream-4.0.1.tgz 3030ms (cache miss)
1722 http fetch GET 200 https://registry.npmjs.org/human-signals/-/human-signals-8.0.1.tgz 3043ms (cache miss)
1723 http fetch GET 200 https://registry.npmjs.org/is-plain-obj/-/is-plain-obj-4.1.0.tgz 3046ms (cache miss)
1724 http fetch GET 200 https://registry.npmjs.org/vary/-/vary-1.1.2.tgz 3058ms (cache miss)
1725 http fetch GET 200 https://registry.npmjs.org/@sec-ant/readable-stream/-/readable-stream-0.4.1.tgz 3075ms (cache miss)
1726 http fetch GET 200 https://registry.npmjs.org/mimic-fn/-/mimic-fn-3.1.0.tgz 3085ms (cache miss)
1727 http fetch GET 200 https://registry.npmjs.org/ansi-colors/-/ansi-colors-4.1.3.tgz 3085ms (cache miss)
1728 http fetch GET 200 https://registry.npmjs.org/is-obj/-/is-obj-2.0.0.tgz 3094ms (cache miss)
1729 http fetch GET 200 https://registry.npmjs.org/figures/-/figures-6.1.0.tgz 3109ms (cache miss)
1730 http fetch GET 200 https://registry.npmjs.org/strip-ansi/-/strip-ansi-6.0.1.tgz 3113ms (cache miss)
1731 http fetch GET 200 https://registry.npmjs.org/parse-json/-/parse-json-5.2.0.tgz 3109ms (cache miss)
1732 http fetch GET 200 https://registry.npmjs.org/get-stream/-/get-stream-9.0.1.tgz 3120ms (cache miss)
1733 http fetch GET 200 https://registry.npmjs.org/pkg-up/-/pkg-up-3.1.0.tgz 3125ms (cache miss)
1734 http fetch GET 200 https://registry.npmjs.org/dot-prop/-/dot-prop-6.0.1.tgz 3132ms (cache miss)
1735 http fetch GET 200 https://registry.npmjs.org/debounce-fn/-/debounce-fn-4.0.0.tgz 3160ms (cache miss)
1736 http fetch GET 200 https://registry.npmjs.org/atomically/-/atomically-1.7.0.tgz 3177ms (cache miss)
1737 http fetch GET 200 https://registry.npmjs.org/onetime/-/onetime-5.1.2.tgz 3184ms (cache miss)
1738 http fetch GET 200 https://registry.npmjs.org/pkce-challenge/-/pkce-challenge-5.0.1.tgz 3191ms (cache miss)
1739 http fetch GET 200 https://registry.npmjs.org/raw-body/-/raw-body-3.0.2.tgz 3196ms (cache miss)
1740 http fetch GET 200 https://registry.npmjs.org/express-rate-limit/-/express-rate-limit-8.5.2.tgz 3220ms (cache miss)
1741 http fetch GET 200 https://registry.npmjs.org/cors/-/cors-2.8.6.tgz 3251ms (cache miss)
1742 http fetch GET 200 https://registry.npmjs.org/jose/-/jose-6.2.3.tgz 3268ms (cache miss)
1743 http fetch GET 200 https://registry.npmjs.org/eventsource-parser/-/eventsource-parser-3.1.0.tgz 3268ms (cache miss)
1744 http fetch GET 200 https://registry.npmjs.org/json-schema-typed/-/json-schema-typed-8.0.2.tgz 3276ms (cache miss)
1745 http fetch GET 200 https://registry.npmjs.org/ajv-formats/-/ajv-formats-3.0.1.tgz 3286ms (cache miss)
1746 http fetch GET 200 https://registry.npmjs.org/express/-/express-5.2.1.tgz 3288ms (cache miss)
1747 http fetch GET 200 https://registry.npmjs.org/content-type/-/content-type-1.0.5.tgz 3302ms (cache miss)
1748 http fetch GET 200 https://registry.npmjs.org/yocto-spinner/-/yocto-spinner-1.2.1.tgz 3364ms (cache miss)
1749 http fetch GET 200 https://registry.npmjs.org/object-treeify/-/object-treeify-1.1.33.tgz 3370ms (cache miss)
1750 http fetch GET 200 https://registry.npmjs.org/env-paths/-/env-paths-2.2.1.tgz 3417ms (cache miss)
1751 http fetch GET 200 https://registry.npmjs.org/conf/-/conf-10.2.0.tgz 3417ms (cache miss)
1752 http fetch GET 200 https://registry.npmjs.org/content-disposition/-/content-disposition-1.1.0.tgz 3418ms (cache miss)
1753 http fetch GET 200 https://registry.npmjs.org/@ts-morph/common/-/common-0.27.0.tgz 3447ms (cache miss)
1754 http fetch GET 200 https://registry.npmjs.org/dotenv/-/dotenv-17.4.2.tgz 3430ms (cache miss)
1755 http fetch GET 200 https://registry.npmjs.org/enquirer/-/enquirer-2.4.1.tgz 3446ms (cache miss)
1756 http fetch GET 200 https://registry.npmjs.org/systeminformation/-/systeminformation-5.31.16.tgz 3476ms (cache miss)
1757 http fetch GET 200 https://registry.npmjs.org/validate-npm-package-name/-/validate-npm-package-name-7.0.2.tgz 3477ms (cache miss)
1758 http fetch GET 200 https://registry.npmjs.org/eventsource/-/eventsource-3.0.7.tgz 3484ms (cache miss)
1759 http fetch GET 200 https://registry.npmjs.org/@sindresorhus/merge-streams/-/merge-streams-4.0.0.tgz 3503ms (cache miss)
1760 http fetch GET 200 https://registry.npmjs.org/hono/-/hono-4.12.29.tgz 3511ms (cache miss)
1761 http fetch GET 200 https://registry.npmjs.org/@hono/node-server/-/node-server-1.19.14.tgz 3531ms (cache miss)
1762 http fetch GET 200 https://registry.npmjs.org/ts-morph/-/ts-morph-26.0.0.tgz 3557ms (cache miss)
1763 http fetch GET 200 https://registry.npmjs.org/stringify-object/-/stringify-object-5.0.0.tgz 3558ms (cache miss)
1764 http fetch GET 200 https://registry.npmjs.org/prompts/-/prompts-2.4.2.tgz 3563ms (cache miss)
1765 http fetch GET 200 https://registry.npmjs.org/@babel/helper-replace-supers/-/helper-replace-supers-7.29.7.tgz 3589ms (cache miss)
1766 http fetch GET 200 https://registry.npmjs.org/recast/-/recast-0.23.12.tgz 3587ms (cache miss)
1767 http fetch GET 200 https://registry.npmjs.org/undici/-/undici-7.28.0.tgz 3603ms (cache miss)
1768 http fetch GET 200 https://registry.npmjs.org/ora/-/ora-8.2.0.tgz 3636ms (cache miss)
1769 http fetch GET 200 https://registry.npmjs.org/open/-/open-11.0.0.tgz 3636ms (cache miss)
1770 http fetch GET 200 https://registry.npmjs.org/@babel/helper-optimise-call-expression/-/helper-optimise-call-expression-7.29.7.tgz 3642ms (cache miss)
1771 http fetch GET 200 https://registry.npmjs.org/kleur/-/kleur-4.1.5.tgz 3646ms (cache miss)
1772 http fetch GET 200 https://registry.npmjs.org/fuzzysort/-/fuzzysort-3.1.0.tgz 3654ms (cache miss)
1773 http fetch GET 200 https://registry.npmjs.org/postcss-selector-parser/-/postcss-selector-parser-7.1.4.tgz 3654ms (cache miss)
1774 http fetch GET 200 https://registry.npmjs.org/zod-to-json-schema/-/zod-to-json-schema-3.25.2.tgz 3661ms (cache miss)
1775 http fetch GET 200 https://registry.npmjs.org/@babel/plugin-syntax-typescript/-/plugin-syntax-typescript-7.29.7.tgz 3669ms (cache miss)
1776 http fetch GET 200 https://registry.npmjs.org/fs-extra/-/fs-extra-11.3.6.tgz 3717ms (cache miss)
1777 http fetch GET 200 https://registry.npmjs.org/deepmerge/-/deepmerge-4.3.1.tgz 3720ms (cache miss)
1778 http fetch GET 200 https://registry.npmjs.org/@babel/plugin-transform-modules-commonjs/-/plugin-transform-modules-commonjs-7.29.7.tgz 3725ms (cache miss)
1779 http fetch GET 200 https://registry.npmjs.org/dedent/-/dedent-1.7.2.tgz 3722ms (cache miss)
1780 http fetch GET 200 https://registry.npmjs.org/@babel/helper-skip-transparent-expression-wrappers/-/helper-skip-transparent-expression-wrappers-7.29.7.tgz 3725ms (cache miss)
1781 http fetch GET 200 https://registry.npmjs.org/@babel/helper-member-expression-to-functions/-/helper-member-expression-to-functions-7.29.7.tgz 3726ms (cache miss)
1782 http fetch GET 200 https://registry.npmjs.org/cosmiconfig/-/cosmiconfig-9.0.2.tgz 3726ms (cache miss)
1783 http fetch GET 200 https://registry.npmjs.org/commander/-/commander-14.0.3.tgz 3753ms (cache miss)
1784 http fetch GET 200 https://registry.npmjs.org/@babel/helper-plugin-utils/-/helper-plugin-utils-7.29.7.tgz 3757ms (cache miss)
1785 http fetch GET 200 https://registry.npmjs.org/diff/-/diff-8.0.4.tgz 3763ms (cache miss)
1786 http fetch GET 200 https://registry.npmjs.org/@dotenvx/primitives/-/primitives-0.8.0.tgz 3766ms (cache miss)
1787 http fetch GET 200 https://registry.npmjs.org/execa/-/execa-9.6.1.tgz 3788ms (cache miss)
1788 http fetch GET 200 https://registry.npmjs.org/onetime/-/onetime-7.0.0.tgz 3811ms (cache miss)
1789 http fetch GET 200 https://registry.npmjs.org/strip-ansi/-/strip-ansi-7.2.0.tgz 3829ms (cache miss)
1790 http fetch GET 200 https://registry.npmjs.org/ansi-regex/-/ansi-regex-6.2.2.tgz 3844ms (cache miss)
1791 http fetch GET 200 https://registry.npmjs.org/@babel/plugin-syntax-jsx/-/plugin-syntax-jsx-7.29.7.tgz 3850ms (cache miss)
1792 http fetch GET 200 https://registry.npmjs.org/chalk/-/chalk-5.6.2.tgz 3847ms (cache miss)
1793 http fetch GET 200 https://registry.npmjs.org/shadcn/-/shadcn-4.13.0.tgz 3850ms (cache miss)
1794 http fetch GET 200 https://registry.npmjs.org/@babel/helper-create-class-features-plugin/-/helper-create-class-features-plugin-7.29.7.tgz 3855ms (cache miss)
1795 http fetch GET 200 https://registry.npmjs.org/fast-glob/-/fast-glob-3.3.3.tgz 3865ms (cache miss)
1796 http fetch GET 200 https://registry.npmjs.org/is-unicode-supported/-/is-unicode-supported-1.3.0.tgz 3870ms (cache miss)
1797 http fetch GET 200 https://registry.npmjs.org/emoji-regex/-/emoji-regex-10.6.0.tgz 3912ms (cache miss)
1798 http fetch GET 200 https://registry.npmjs.org/content-type/-/content-type-2.0.0.tgz 3917ms (cache miss)
1799 http fetch GET 200 https://registry.npmjs.org/p-limit/-/p-limit-2.3.0.tgz 3917ms (cache miss)
1800 http fetch GET 200 https://registry.npmjs.org/p-locate/-/p-locate-3.0.0.tgz 3919ms (cache miss)
1801 http fetch GET 200 https://registry.npmjs.org/path-key/-/path-key-4.0.0.tgz 3928ms (cache miss)
1802 http fetch GET 200 https://registry.npmjs.org/path-exists/-/path-exists-3.0.0.tgz 3928ms (cache miss)
1803 http fetch GET 200 https://registry.npmjs.org/locate-path/-/locate-path-3.0.0.tgz 3941ms (cache miss)
1804 http fetch GET 200 https://registry.npmjs.org/mimic-fn/-/mimic-fn-2.1.0.tgz 3944ms (cache miss)
1805 http fetch GET 200 https://registry.npmjs.org/find-up/-/find-up-3.0.0.tgz 3960ms (cache miss)
1806 http fetch GET 200 https://registry.npmjs.org/@babel/helper-annotate-as-pure/-/helper-annotate-as-pure-7.29.7.tgz 3974ms (cache miss)
1807 http fetch GET 200 https://registry.npmjs.org/cookie/-/cookie-0.7.2.tgz 3986ms (cache miss)
1808 http fetch GET 200 https://registry.npmjs.org/json-schema-traverse/-/json-schema-traverse-1.0.0.tgz 3998ms (cache miss)
1809 http fetch GET 200 https://registry.npmjs.org/json-schema-traverse/-/json-schema-traverse-1.0.0.tgz 4002ms (cache miss)
1810 http fetch GET 200 https://registry.npmjs.org/is-obj/-/is-obj-3.0.0.tgz 4001ms (cache miss)
1811 http fetch GET 200 https://registry.npmjs.org/ajv-formats/-/ajv-formats-2.1.1.tgz 4012ms (cache miss)
1812 http fetch GET 200 https://registry.npmjs.org/kleur/-/kleur-3.0.3.tgz 4025ms (cache miss)
1813 http fetch GET 200 https://registry.npmjs.org/json-schema-typed/-/json-schema-typed-7.0.3.tgz 4025ms (cache miss)
1814 http fetch GET 200 https://registry.npmjs.org/ansi-regex/-/ansi-regex-6.2.2.tgz 4029ms (cache miss)
1815 http fetch GET 200 https://registry.npmjs.org/@types/validate-npm-package-name/-/validate-npm-package-name-4.0.2.tgz 4037ms (cache miss)
1816 http fetch GET 200 https://registry.npmjs.org/@babel/preset-typescript/-/preset-typescript-7.29.7.tgz 4041ms (cache miss)
1817 http fetch GET 200 https://registry.npmjs.org/strip-ansi/-/strip-ansi-7.2.0.tgz 4058ms (cache miss)
1818 http fetch GET 200 https://registry.npmjs.org/@babel/plugin-transform-typescript/-/plugin-transform-typescript-7.29.7.tgz 4084ms (cache miss)
1819 http fetch GET 200 https://registry.npmjs.org/content-type/-/content-type-2.0.0.tgz 4087ms (cache miss)
1820 http fetch GET 200 https://registry.npmjs.org/json-schema-traverse/-/json-schema-traverse-1.0.0.tgz 4086ms (cache miss)
1821 http fetch GET 200 https://registry.npmjs.org/define-lazy-prop/-/define-lazy-prop-2.0.0.tgz 4087ms (cache miss)
1822 http fetch GET 200 https://registry.npmjs.org/is-docker/-/is-docker-2.2.1.tgz 4087ms (cache miss)
1823 http fetch GET 200 https://registry.npmjs.org/chalk/-/chalk-5.6.2.tgz 4090ms (cache miss)
1824 http fetch GET 200 https://registry.npmjs.org/ajv/-/ajv-8.20.0.tgz 4099ms (cache miss)
1825 http fetch GET 200 https://registry.npmjs.org/is-wsl/-/is-wsl-2.2.0.tgz 4120ms (cache miss)
1826 http fetch GET 200 https://registry.npmjs.org/strip-final-newline/-/strip-final-newline-2.0.0.tgz 4123ms (cache miss)
1827 http fetch GET 200 https://registry.npmjs.org/is-stream/-/is-stream-2.0.1.tgz 4123ms (cache miss)
1828 http fetch GET 200 https://registry.npmjs.org/npm-run-path/-/npm-run-path-4.0.1.tgz 4143ms (cache miss)
1829 http fetch GET 200 https://registry.npmjs.org/signal-exit/-/signal-exit-3.0.7.tgz 4157ms (cache miss)
1830 http fetch GET 200 https://registry.npmjs.org/get-stream/-/get-stream-6.0.1.tgz 4157ms (cache miss)
1831 http fetch GET 200 https://registry.npmjs.org/which/-/which-4.0.0.tgz 4158ms (cache miss)
1832 http fetch GET 200 https://registry.npmjs.org/isexe/-/isexe-3.1.5.tgz 4158ms (cache miss)
1833 http fetch GET 200 https://registry.npmjs.org/human-signals/-/human-signals-2.1.0.tgz 4159ms (cache miss)
1834 http fetch GET 200 https://registry.npmjs.org/execa/-/execa-5.1.1.tgz 4159ms (cache miss)
1835 http fetch GET 200 https://registry.npmjs.org/@dotenvx/dotenvx/-/dotenvx-1.75.1.tgz 4182ms (cache miss)
1836 http fetch GET 200 https://registry.npmjs.org/open/-/open-8.4.2.tgz 4195ms (cache miss)
1837 http fetch GET 200 https://registry.npmjs.org/@emnapi/wasi-threads/-/wasi-threads-1.2.2.tgz 4202ms (cache miss)
1838 http fetch GET 200 https://registry.npmjs.org/commander/-/commander-11.1.0.tgz 4197ms (cache miss)
1839 http fetch GET 200 https://registry.npmjs.org/fast-glob/-/fast-glob-3.3.3.tgz 4247ms (cache miss)
1840 http fetch GET 200 https://registry.npmjs.org/tsconfig-paths/-/tsconfig-paths-4.2.0.tgz 4249ms (cache miss)
1841 http fetch GET 200 https://registry.npmjs.org/ajv/-/ajv-8.20.0.tgz 4324ms (cache miss)
1842 http fetch GET 200 https://registry.npmjs.org/ajv/-/ajv-8.20.0.tgz 4342ms (cache miss)
1843 http fetch GET 200 https://registry.npmjs.org/@modelcontextprotocol/sdk/-/sdk-1.29.0.tgz 4411ms (cache miss)
1844 http fetch GET 200 https://registry.npmjs.org/zod/-/zod-3.25.76.tgz 4408ms (cache miss)
1845 silly ADD node_modules/mimic-function
1846 silly ADD node_modules/p-try
1847 silly ADD node_modules/require-from-string
1848 silly ADD node_modules/fast-uri
1849 silly ADD node_modules/merge-stream
1850 silly ADD node_modules/is-wsl
1851 silly ADD node_modules/media-typer
1852 silly ADD node_modules/path-browserify
1853 silly ADD node_modules/code-block-writer
1854 silly ADD node_modules/@ts-morph/common
1855 silly ADD node_modules/@ts-morph/common/node_modules/balanced-match
1856 silly ADD node_modules/@ts-morph/common/node_modules/brace-expansion
1857 silly ADD node_modules/@ts-morph/common/node_modules/glob-parent
1858 silly ADD node_modules/@ts-morph/common/node_modules/minimatch
1859 silly ADD node_modules/@ts-morph/common/node_modules/fast-glob
1860 silly ADD node_modules/ansi-regex
1861 silly ADD node_modules/is-regexp
1862 silly ADD node_modules/get-own-enumerable-keys
1863 silly ADD node_modules/get-east-asian-width
1864 silly ADD node_modules/path-to-regexp
1865 silly ADD node_modules/is-promise
1866 silly ADD node_modules/tiny-invariant
1867 silly ADD node_modules/source-map
1868 silly ADD node_modules/esprima
1869 silly ADD node_modules/ast-types
1870 silly ADD node_modules/unpipe
1871 silly ADD node_modules/ipaddr.js
1872 silly ADD node_modules/forwarded
1873 silly ADD node_modules/sisteransi
1874 silly ADD node_modules/parse-ms
1875 silly ADD node_modules/util-deprecate
1876 silly ADD node_modules/cssesc
1877 silly ADD node_modules/is-arrayish
1878 silly ADD node_modules/lines-and-columns
1879 silly ADD node_modules/json-parse-even-better-errors
1880 silly ADD node_modules/error-ex
1881 silly ADD node_modules/restore-cursor
1882 silly ADD node_modules/restore-cursor/node_modules/onetime
1883 silly ADD node_modules/string-width
1884 silly ADD node_modules/string-width/node_modules/ansi-regex
1885 silly ADD node_modules/string-width/node_modules/strip-ansi
1886 silly ADD node_modules/string-width/node_modules/emoji-regex
1887 silly ADD node_modules/stdin-discarder
1888 silly ADD node_modules/log-symbols
1889 silly ADD node_modules/log-symbols/node_modules/is-unicode-supported
1890 silly ADD node_modules/log-symbols/node_modules/chalk
1891 silly ADD node_modules/is-interactive
1892 silly ADD node_modules/cli-spinners
1893 silly ADD node_modules/cli-cursor
1894 silly ADD node_modules/is-docker
1895 silly ADD node_modules/run-applescript
1896 silly ADD node_modules/default-browser-id
1897 silly ADD node_modules/bundle-name
1898 silly ADD node_modules/wsl-utils
1899 silly ADD node_modules/powershell-utils
1900 silly ADD node_modules/is-inside-container
1901 silly ADD node_modules/is-in-ssh
1902 silly ADD node_modules/define-lazy-prop
1903 silly ADD node_modules/default-browser
1904 silly ADD node_modules/wrappy
1905 silly ADD node_modules/ee-first
1906 silly ADD node_modules/unicorn-magic
1907 silly ADD node_modules/mime-db
1908 silly ADD node_modules/safer-buffer
1909 silly ADD node_modules/toidentifier
1910 silly ADD node_modules/setprototypeof
1911 silly ADD node_modules/inherits
1912 silly ADD node_modules/@sec-ant/readable-stream
1913 silly ADD node_modules/universalify
1914 silly ADD node_modules/jsonfile
1915 silly ADD node_modules/is-unicode-supported
1916 silly ADD node_modules/ip-address
1917 silly ADD node_modules/iconv-lite
1918 silly ADD node_modules/bytes
1919 silly ADD node_modules/negotiator
1920 silly ADD node_modules/type-is
1921 silly ADD node_modules/type-is/node_modules/content-type
1922 silly ADD node_modules/statuses
1923 silly ADD node_modules/serve-static
1924 silly ADD node_modules/send
1925 silly ADD node_modules/router
1926 silly ADD node_modules/range-parser
1927 silly ADD node_modules/qs
1928 silly ADD node_modules/proxy-addr
1929 silly ADD node_modules/parseurl
1930 silly ADD node_modules/once
1931 silly ADD node_modules/on-finished
1932 silly ADD node_modules/mime-types
1933 silly ADD node_modules/merge-descriptors
1934 silly ADD node_modules/http-errors
1935 silly ADD node_modules/fresh
1936 silly ADD node_modules/finalhandler
1937 silly ADD node_modules/etag
1938 silly ADD node_modules/escape-html
1939 silly ADD node_modules/encodeurl
1940 silly ADD node_modules/depd
1941 silly ADD node_modules/cookie-signature
1942 silly ADD node_modules/content-disposition
1943 silly ADD node_modules/body-parser
1944 silly ADD node_modules/body-parser/node_modules/content-type
1945 silly ADD node_modules/accepts
1946 silly ADD node_modules/yoctocolors
1947 silly ADD node_modules/strip-final-newline
1948 silly ADD node_modules/signal-exit
1949 silly ADD node_modules/pretty-ms
1950 silly ADD node_modules/npm-run-path
1951 silly ADD node_modules/npm-run-path/node_modules/path-key
1952 silly ADD node_modules/is-stream
1953 silly ADD node_modules/is-plain-obj
1954 silly ADD node_modules/human-signals
1955 silly ADD node_modules/get-stream
1956 silly ADD node_modules/figures
1957 silly ADD node_modules/@sindresorhus/merge-streams
1958 silly ADD node_modules/strip-ansi
1959 silly ADD node_modules/ansi-colors
1960 silly ADD node_modules/is-obj
1961 silly ADD node_modules/mimic-fn
1962 silly ADD node_modules/parse-json
1963 silly ADD node_modules/vary
1964 silly ADD node_modules/pkg-up
1965 silly ADD node_modules/pkg-up/node_modules/p-limit
1966 silly ADD node_modules/pkg-up/node_modules/path-exists
1967 silly ADD node_modules/pkg-up/node_modules/p-locate
1968 silly ADD node_modules/pkg-up/node_modules/locate-path
1969 silly ADD node_modules/pkg-up/node_modules/find-up
1970 silly ADD node_modules/onetime
1971 silly ADD node_modules/onetime/node_modules/mimic-fn
1972 silly ADD node_modules/dot-prop
1973 silly ADD node_modules/debounce-fn
1974 silly ADD node_modules/atomically
1975 silly ADD node_modules/raw-body
1976 silly ADD node_modules/pkce-challenge
1977 silly ADD node_modules/json-schema-typed
1978 silly ADD node_modules/jose
1979 silly ADD node_modules/express-rate-limit
1980 silly ADD node_modules/express
1981 silly ADD node_modules/express/node_modules/cookie
1982 silly ADD node_modules/eventsource-parser
1983 silly ADD node_modules/eventsource
1984 silly ADD node_modules/cors
1985 silly ADD node_modules/content-type
1986 silly ADD node_modules/ajv-formats
1987 silly ADD node_modules/ajv-formats/node_modules/json-schema-traverse
1988 silly ADD node_modules/ajv-formats/node_modules/ajv
1989 silly ADD node_modules/hono
1990 silly ADD node_modules/@hono/node-server
1991 silly ADD node_modules/yocto-spinner
1992 silly ADD node_modules/systeminformation
1993 silly ADD node_modules/object-treeify
1994 silly ADD node_modules/env-paths
1995 silly ADD node_modules/enquirer
1996 silly ADD node_modules/dotenv
1997 silly ADD node_modules/conf
1998 silly ADD node_modules/conf/node_modules/json-schema-traverse
1999 silly ADD node_modules/conf/node_modules/semver
2000 silly ADD node_modules/conf/node_modules/json-schema-typed
2001 silly ADD node_modules/conf/node_modules/ajv-formats
2002 silly ADD node_modules/conf/node_modules/ajv
2003 silly ADD node_modules/@dotenvx/primitives
2004 silly ADD node_modules/@babel/plugin-transform-modules-commonjs
2005 silly ADD node_modules/@babel/plugin-syntax-jsx
2006 silly ADD node_modules/@babel/helper-replace-supers
2007 silly ADD node_modules/@babel/helper-optimise-call-expression
2008 silly ADD node_modules/@babel/helper-member-expression-to-functions
2009 silly ADD node_modules/@babel/plugin-syntax-typescript
2010 silly ADD node_modules/@babel/helper-skip-transparent-expression-wrappers
2011 silly ADD node_modules/@babel/helper-plugin-utils
2012 silly ADD node_modules/@babel/helper-create-class-features-plugin
2013 silly ADD node_modules/@babel/helper-annotate-as-pure
2014 silly ADD node_modules/zod-to-json-schema
2015 silly ADD node_modules/validate-npm-package-name
2016 silly ADD node_modules/undici
2017 silly ADD node_modules/ts-morph
2018 silly ADD node_modules/stringify-object
2019 silly ADD node_modules/stringify-object/node_modules/is-obj
2020 silly ADD node_modules/recast
2021 silly ADD node_modules/prompts
2022 silly ADD node_modules/prompts/node_modules/kleur
2023 silly ADD node_modules/postcss-selector-parser
2024 silly ADD node_modules/ora
2025 silly ADD node_modules/ora/node_modules/ansi-regex
2026 silly ADD node_modules/ora/node_modules/strip-ansi
2027 silly ADD node_modules/ora/node_modules/chalk
2028 silly ADD node_modules/open
2029 silly ADD node_modules/kleur
2030 silly ADD node_modules/fuzzysort
2031 silly ADD node_modules/fs-extra
2032 silly ADD node_modules/execa
2033 silly ADD node_modules/diff
2034 silly ADD node_modules/deepmerge
2035 silly ADD node_modules/dedent
2036 silly ADD node_modules/cosmiconfig
2037 silly ADD node_modules/commander
2038 silly ADD node_modules/@types/validate-npm-package-name
2039 silly ADD node_modules/@modelcontextprotocol/sdk
2040 silly ADD node_modules/@modelcontextprotocol/sdk/node_modules/json-schema-traverse
2041 silly ADD node_modules/@modelcontextprotocol/sdk/node_modules/ajv
2042 silly ADD node_modules/@dotenvx/dotenvx
2043 silly ADD node_modules/@dotenvx/dotenvx/node_modules/isexe
2044 silly ADD node_modules/@dotenvx/dotenvx/node_modules/is-wsl
2045 silly ADD node_modules/@dotenvx/dotenvx/node_modules/is-docker
2046 silly ADD node_modules/@dotenvx/dotenvx/node_modules/define-lazy-prop
2047 silly ADD node_modules/@dotenvx/dotenvx/node_modules/strip-final-newline
2048 silly ADD node_modules/@dotenvx/dotenvx/node_modules/signal-exit
2049 silly ADD node_modules/@dotenvx/dotenvx/node_modules/npm-run-path
2050 silly ADD node_modules/@dotenvx/dotenvx/node_modules/is-stream
2051 silly ADD node_modules/@dotenvx/dotenvx/node_modules/human-signals
2052 silly ADD node_modules/@dotenvx/dotenvx/node_modules/get-stream
2053 silly ADD node_modules/@dotenvx/dotenvx/node_modules/which
2054 silly ADD node_modules/@dotenvx/dotenvx/node_modules/open
2055 silly ADD node_modules/@dotenvx/dotenvx/node_modules/picomatch
2056 silly ADD node_modules/@dotenvx/dotenvx/node_modules/fdir
2057 silly ADD node_modules/@dotenvx/dotenvx/node_modules/execa
2058 silly ADD node_modules/@dotenvx/dotenvx/node_modules/commander
2059 silly ADD node_modules/@babel/preset-typescript
2060 silly ADD node_modules/@babel/plugin-transform-typescript
2061 silly ADD node_modules/shadcn
2062 silly ADD node_modules/shadcn/node_modules/glob-parent
2063 silly ADD node_modules/shadcn/node_modules/zod
2064 silly ADD node_modules/shadcn/node_modules/tsconfig-paths
2065 silly ADD node_modules/shadcn/node_modules/fast-glob
2066 silly ADD node_modules/@unrs/resolver-binding-wasm32-wasi/node_modules/@emnapi/wasi-threads
2067 silly ADD node_modules/@unrs/resolver-binding-wasm32-wasi/node_modules/@emnapi/core
2068 silly CHANGE node_modules/@emnapi/wasi-threads
2069 verbose cwd /Users/asfanshanu/Desktop/hijamabyasfan
2070 verbose os Darwin 25.5.0
2071 verbose node v24.11.0
2072 verbose npm  v11.6.1
2073 verbose exit 0
2074 info ok
