0 verbose cli /usr/local/bin/node /usr/local/bin/npm
1 info using npm@11.6.1
2 info using node@v24.11.0
3 silly config load:file:/usr/local/lib/node_modules/npm/npmrc
4 silly config load:file:/Users/asfanshanu/Desktop/hijamabyasfan/.npmrc
5 silly config load:file:/Users/asfanshanu/.npmrc
6 silly config load:file:/usr/local/etc/npmrc
7 verbose title npm install
8 verbose argv "install" "--cache" ".npm_cache"
9 verbose logfile logs-max:10 dir:/Users/asfanshanu/Desktop/hijamabyasfan/.npm_cache/_logs/2026-07-11T23_09_03_450Z-
10 verbose logfile /Users/asfanshanu/Desktop/hijamabyasfan/.npm_cache/_logs/2026-07-11T23_09_03_450Z-debug-0.log
11 silly logfile done cleaning log files
12 silly packumentCache heap:2348810240 maxSize:587202560 maxEntrySize:293601280
13 silly idealTree buildDeps
14 silly fetch manifest next@16.2.10
15 silly packumentCache full:https://registry.npmjs.org/next cache-miss
16 http fetch GET 200 https://registry.npmjs.org/npm 429ms
17 http fetch GET 200 https://registry.npmjs.org/next 998ms (cache miss)
18 silly packumentCache full:https://registry.npmjs.org/next set size:undefined disposed:false
19 silly fetch manifest @opentelemetry/api@^1.1.0
20 silly packumentCache full:https://registry.npmjs.org/@opentelemetry%2fapi cache-miss
21 http fetch GET 200 https://registry.npmjs.org/@opentelemetry%2fapi 125ms (cache miss)
22 silly packumentCache full:https://registry.npmjs.org/@opentelemetry%2fapi set size:undefined disposed:false
23 silly fetch manifest @playwright/test@^1.51.1
24 silly packumentCache full:https://registry.npmjs.org/@playwright%2ftest cache-miss
25 http fetch GET 200 https://registry.npmjs.org/@playwright%2ftest 692ms (cache miss)
26 silly packumentCache full:https://registry.npmjs.org/@playwright%2ftest set size:undefined disposed:false
27 silly fetch manifest babel-plugin-react-compiler@*
28 silly packumentCache full:https://registry.npmjs.org/babel-plugin-react-compiler cache-miss
29 http fetch GET 200 https://registry.npmjs.org/babel-plugin-react-compiler 442ms (cache miss)
30 silly packumentCache full:https://registry.npmjs.org/babel-plugin-react-compiler set size:undefined disposed:false
31 silly fetch manifest react@19.2.4
32 silly packumentCache full:https://registry.npmjs.org/react cache-miss
33 http fetch GET 200 https://registry.npmjs.org/react 349ms (cache miss)
34 silly packumentCache full:https://registry.npmjs.org/react set size:undefined disposed:false
35 silly fetch manifest react-dom@19.2.4
36 silly packumentCache full:https://registry.npmjs.org/react-dom cache-miss
37 http fetch GET 200 https://registry.npmjs.org/react-dom 385ms (cache miss)
38 silly packumentCache full:https://registry.npmjs.org/react-dom set size:undefined disposed:false
39 silly fetch manifest sass@^1.3.0
40 silly packumentCache full:https://registry.npmjs.org/sass cache-miss
41 http fetch GET 200 https://registry.npmjs.org/sass 128ms (cache miss)
42 silly packumentCache full:https://registry.npmjs.org/sass set size:undefined disposed:false
43 silly fetch manifest @tailwindcss/postcss@^4
44 silly packumentCache full:https://registry.npmjs.org/@tailwindcss%2fpostcss cache-miss
45 http fetch GET 200 https://registry.npmjs.org/@tailwindcss%2fpostcss 334ms (cache miss)
46 silly packumentCache full:https://registry.npmjs.org/@tailwindcss%2fpostcss set size:undefined disposed:false
47 silly fetch manifest @types/node@^20
48 silly packumentCache full:https://registry.npmjs.org/@types%2fnode cache-miss
49 http fetch GET 200 https://registry.npmjs.org/@types%2fnode 384ms (cache miss)
50 silly packumentCache full:https://registry.npmjs.org/@types%2fnode set size:undefined disposed:false
51 silly fetch manifest @types/react@^19
52 silly packumentCache full:https://registry.npmjs.org/@types%2freact cache-miss
53 http fetch GET 200 https://registry.npmjs.org/@types%2freact 192ms (cache miss)
54 silly packumentCache full:https://registry.npmjs.org/@types%2freact set size:undefined disposed:false
55 silly fetch manifest @types/react-dom@^19
56 silly packumentCache full:https://registry.npmjs.org/@types%2freact-dom cache-miss
57 http fetch GET 200 https://registry.npmjs.org/@types%2freact-dom 117ms (cache miss)
58 silly packumentCache full:https://registry.npmjs.org/@types%2freact-dom set size:undefined disposed:false
59 silly fetch manifest eslint@^9
60 silly packumentCache full:https://registry.npmjs.org/eslint cache-miss
61 http fetch GET 200 https://registry.npmjs.org/eslint 364ms (cache miss)
62 silly packumentCache full:https://registry.npmjs.org/eslint set size:undefined disposed:false
63 silly fetch manifest jiti@*
64 silly packumentCache full:https://registry.npmjs.org/jiti cache-miss
65 http fetch GET 200 https://registry.npmjs.org/jiti 287ms (cache miss)
66 silly packumentCache full:https://registry.npmjs.org/jiti set size:undefined disposed:false
67 silly fetch manifest eslint-config-next@16.2.10
68 silly packumentCache full:https://registry.npmjs.org/eslint-config-next cache-miss
69 http fetch GET 200 https://registry.npmjs.org/eslint-config-next 291ms (cache miss)
70 silly packumentCache full:https://registry.npmjs.org/eslint-config-next set size:undefined disposed:false
71 silly fetch manifest typescript@^5
72 silly packumentCache full:https://registry.npmjs.org/typescript cache-miss
73 http fetch GET 200 https://registry.npmjs.org/typescript 453ms (cache miss)
74 silly packumentCache full:https://registry.npmjs.org/typescript set size:undefined disposed:false
75 silly fetch manifest tailwindcss@^4
76 silly packumentCache full:https://registry.npmjs.org/tailwindcss cache-miss
77 http fetch GET 200 https://registry.npmjs.org/tailwindcss 358ms (cache miss)
78 silly packumentCache full:https://registry.npmjs.org/tailwindcss set size:undefined disposed:false
79 silly placeDep ROOT @tailwindcss/postcss@4.3.2 OK for: hijamabyasfan@0.1.0 want: ^4
80 silly placeDep ROOT @types/node@20.19.43 OK for: hijamabyasfan@0.1.0 want: ^20
81 silly placeDep ROOT @types/react@19.2.17 OK for: hijamabyasfan@0.1.0 want: ^19
82 silly placeDep ROOT @types/react-dom@19.2.3 OK for: hijamabyasfan@0.1.0 want: ^19
83 silly placeDep ROOT eslint@9.39.5 OK for: hijamabyasfan@0.1.0 want: ^9
84 silly placeDep ROOT eslint-config-next@16.2.10 OK for: hijamabyasfan@0.1.0 want: 16.2.10
85 silly placeDep ROOT next@16.2.10 OK for: hijamabyasfan@0.1.0 want: 16.2.10
86 silly placeDep ROOT react@19.2.4 OK for: next@16.2.10 want: ^18.2.0 || 19.0.0-rc-de68d2f4-20241204 || ^19.0.0
87 silly placeDep ROOT react-dom@19.2.4 OK for: next@16.2.10 want: ^18.2.0 || 19.0.0-rc-de68d2f4-20241204 || ^19.0.0
88 silly placeDep ROOT tailwindcss@4.3.2 OK for: hijamabyasfan@0.1.0 want: ^4
89 silly placeDep ROOT typescript@5.9.3 OK for: hijamabyasfan@0.1.0 want: ^5
90 silly fetch manifest postcss@^8.5.15
91 silly packumentCache full:https://registry.npmjs.org/postcss cache-miss
92 silly fetch manifest tailwindcss@4.3.2
93 silly packumentCache full:https://registry.npmjs.org/tailwindcss cache-miss
94 silly fetch manifest @alloc/quick-lru@^5.2.0
95 silly packumentCache full:https://registry.npmjs.org/@alloc%2fquick-lru cache-miss
96 silly fetch manifest @tailwindcss/node@4.3.2
97 silly packumentCache full:https://registry.npmjs.org/@tailwindcss%2fnode cache-miss
98 silly fetch manifest @tailwindcss/oxide@4.3.2
99 silly packumentCache full:https://registry.npmjs.org/@tailwindcss%2foxide cache-miss
100 silly fetch manifest undici-types@~6.21.0
101 silly packumentCache full:https://registry.npmjs.org/undici-types cache-miss
102 silly fetch manifest csstype@^3.2.2
103 silly packumentCache full:https://registry.npmjs.org/csstype cache-miss
104 http cache https://registry.npmjs.org/tailwindcss 46ms (cache hit)
105 silly packumentCache full:https://registry.npmjs.org/tailwindcss set size:10756033 disposed:false
106 silly fetch manifest ajv@^6.14.0
107 silly packumentCache full:https://registry.npmjs.org/ajv cache-miss
108 http fetch GET 200 https://registry.npmjs.org/postcss 128ms (cache miss)
109 silly packumentCache full:https://registry.npmjs.org/postcss set size:undefined disposed:false
110 silly fetch manifest chalk@^4.0.0
111 silly packumentCache full:https://registry.npmjs.org/chalk cache-miss
112 http fetch GET 200 https://registry.npmjs.org/chalk 98ms (cache miss)
113 silly packumentCache full:https://registry.npmjs.org/chalk set size:undefined disposed:false
114 silly fetch manifest debug@^4.3.2
115 silly packumentCache full:https://registry.npmjs.org/debug cache-miss
116 http fetch GET 200 https://registry.npmjs.org/debug 81ms (cache miss)
117 silly packumentCache full:https://registry.npmjs.org/debug set size:undefined disposed:false
118 silly fetch manifest espree@^10.4.0
119 silly packumentCache full:https://registry.npmjs.org/espree cache-miss
120 http fetch GET 200 https://registry.npmjs.org/csstype 353ms (cache miss)
121 silly packumentCache full:https://registry.npmjs.org/csstype set size:undefined disposed:false
122 silly fetch manifest ignore@^5.2.0
123 silly packumentCache full:https://registry.npmjs.org/ignore cache-miss
124 http fetch GET 200 https://registry.npmjs.org/ajv 312ms (cache miss)
125 silly packumentCache full:https://registry.npmjs.org/ajv set size:undefined disposed:false
126 silly fetch manifest esquery@^1.5.0
127 silly packumentCache full:https://registry.npmjs.org/esquery cache-miss
128 http fetch GET 200 https://registry.npmjs.org/@alloc%2fquick-lru 466ms (cache miss)
129 silly packumentCache full:https://registry.npmjs.org/@alloc%2fquick-lru set size:undefined disposed:false
130 silly fetch manifest esutils@^2.0.2
131 silly packumentCache full:https://registry.npmjs.org/esutils cache-miss
132 http fetch GET 200 https://registry.npmjs.org/esquery 79ms (cache miss)
133 silly packumentCache full:https://registry.npmjs.org/esquery set size:undefined disposed:false
134 silly fetch manifest find-up@^5.0.0
135 silly packumentCache full:https://registry.npmjs.org/find-up cache-miss
136 http fetch GET 200 https://registry.npmjs.org/esutils 76ms (cache miss)
137 silly packumentCache full:https://registry.npmjs.org/esutils set size:undefined disposed:false
138 silly fetch manifest is-glob@^4.0.0
139 silly packumentCache full:https://registry.npmjs.org/is-glob cache-miss
140 http fetch GET 200 https://registry.npmjs.org/undici-types 563ms (cache miss)
141 silly packumentCache full:https://registry.npmjs.org/undici-types set size:undefined disposed:false
142 silly fetch manifest minimatch@^3.1.5
143 silly packumentCache full:https://registry.npmjs.org/minimatch cache-miss
144 http fetch GET 200 https://registry.npmjs.org/find-up 82ms (cache miss)
145 silly packumentCache full:https://registry.npmjs.org/find-up set size:undefined disposed:false
146 silly fetch manifest @eslint/js@9.39.5
147 silly packumentCache full:https://registry.npmjs.org/@eslint%2fjs cache-miss
148 http fetch GET 200 https://registry.npmjs.org/@tailwindcss%2fnode 636ms (cache miss)
149 silly packumentCache full:https://registry.npmjs.org/@tailwindcss%2fnode set size:undefined disposed:false
150 silly fetch manifest optionator@^0.9.3
151 silly packumentCache full:https://registry.npmjs.org/optionator cache-miss
152 http fetch GET 200 https://registry.npmjs.org/espree 345ms (cache miss)
153 silly packumentCache full:https://registry.npmjs.org/espree set size:undefined disposed:false
154 silly fetch manifest cross-spawn@^7.0.6
155 silly packumentCache full:https://registry.npmjs.org/cross-spawn cache-miss
156 http fetch GET 200 https://registry.npmjs.org/minimatch 120ms (cache miss)
157 silly packumentCache full:https://registry.npmjs.org/minimatch set size:undefined disposed:false
158 silly fetch manifest glob-parent@^6.0.2
159 silly packumentCache full:https://registry.npmjs.org/glob-parent cache-miss
160 http fetch GET 200 https://registry.npmjs.org/ignore 381ms (cache miss)
161 silly packumentCache full:https://registry.npmjs.org/ignore set size:undefined disposed:false
162 silly fetch manifest imurmurhash@^0.1.4
163 silly packumentCache full:https://registry.npmjs.org/imurmurhash cache-miss
164 http fetch GET 200 https://registry.npmjs.org/optionator 89ms (cache miss)
165 silly packumentCache full:https://registry.npmjs.org/optionator set size:undefined disposed:false
166 silly fetch manifest @eslint/core@^0.17.0
167 silly packumentCache full:https://registry.npmjs.org/@eslint%2fcore cache-miss
168 http fetch GET 200 https://registry.npmjs.org/cross-spawn 84ms (cache miss)
169 silly packumentCache full:https://registry.npmjs.org/cross-spawn set size:undefined disposed:false
170 silly fetch manifest eslint-scope@^8.4.0
171 silly packumentCache full:https://registry.npmjs.org/eslint-scope cache-miss
172 http fetch GET 200 https://registry.npmjs.org/glob-parent 81ms (cache miss)
173 silly packumentCache full:https://registry.npmjs.org/glob-parent set size:undefined disposed:false
174 silly fetch manifest lodash.merge@^4.6.2
175 silly packumentCache full:https://registry.npmjs.org/lodash.merge cache-miss
176 http fetch GET 200 https://registry.npmjs.org/@tailwindcss%2foxide 799ms (cache miss)
177 silly packumentCache full:https://registry.npmjs.org/@tailwindcss%2foxide set size:undefined disposed:false
178 silly fetch manifest @humanfs/node@^0.16.6
179 silly packumentCache full:https://registry.npmjs.org/@humanfs%2fnode cache-miss
180 http fetch GET 200 https://registry.npmjs.org/imurmurhash 87ms (cache miss)
181 silly packumentCache full:https://registry.npmjs.org/imurmurhash set size:undefined disposed:false
182 silly fetch manifest @types/estree@^1.0.6
183 silly packumentCache full:https://registry.npmjs.org/@types%2festree cache-miss
184 http fetch GET 200 https://registry.npmjs.org/eslint-scope 80ms (cache miss)
185 silly packumentCache full:https://registry.npmjs.org/eslint-scope set size:undefined disposed:false
186 silly fetch manifest fast-deep-equal@^3.1.3
187 silly packumentCache full:https://registry.npmjs.org/fast-deep-equal cache-miss
188 http fetch GET 200 https://registry.npmjs.org/lodash.merge 62ms (cache miss)
189 silly packumentCache full:https://registry.npmjs.org/lodash.merge set size:undefined disposed:false
190 silly fetch manifest natural-compare@^1.4.0
191 silly packumentCache full:https://registry.npmjs.org/natural-compare cache-miss
192 http fetch GET 200 https://registry.npmjs.org/is-glob 324ms (cache miss)
193 silly packumentCache full:https://registry.npmjs.org/is-glob set size:undefined disposed:false
194 silly fetch manifest @eslint/eslintrc@^3.3.6
195 silly packumentCache full:https://registry.npmjs.org/@eslint%2feslintrc cache-miss
196 http fetch GET 200 https://registry.npmjs.org/fast-deep-equal 58ms (cache miss)
197 silly packumentCache full:https://registry.npmjs.org/fast-deep-equal set size:undefined disposed:false
198 silly fetch manifest file-entry-cache@^8.0.0
199 silly packumentCache full:https://registry.npmjs.org/file-entry-cache cache-miss
200 http fetch GET 200 https://registry.npmjs.org/@eslint%2fcore 228ms (cache miss)
201 silly packumentCache full:https://registry.npmjs.org/@eslint%2fcore set size:undefined disposed:false
202 silly fetch manifest @eslint/plugin-kit@^0.4.1
203 silly packumentCache full:https://registry.npmjs.org/@eslint%2fplugin-kit cache-miss
204 http fetch GET 200 https://registry.npmjs.org/@humanfs%2fnode 253ms (cache miss)
205 silly packumentCache full:https://registry.npmjs.org/@humanfs%2fnode set size:undefined disposed:false
206 silly fetch manifest eslint-visitor-keys@^4.2.1
207 silly packumentCache full:https://registry.npmjs.org/eslint-visitor-keys cache-miss
208 http fetch GET 200 https://registry.npmjs.org/@types%2festree 312ms (cache miss)
209 silly packumentCache full:https://registry.npmjs.org/@types%2festree set size:undefined disposed:false
210 silly fetch manifest @eslint/config-array@^0.21.2
211 silly packumentCache full:https://registry.npmjs.org/@eslint%2fconfig-array cache-miss
212 http fetch GET 200 https://registry.npmjs.org/@eslint%2fjs 542ms (cache miss)
213 silly packumentCache full:https://registry.npmjs.org/@eslint%2fjs set size:undefined disposed:false
214 silly fetch manifest @humanwhocodes/retry@^0.4.2
215 silly packumentCache full:https://registry.npmjs.org/@humanwhocodes%2fretry cache-miss
216 http fetch GET 200 https://registry.npmjs.org/eslint-visitor-keys 73ms (cache miss)
217 silly packumentCache full:https://registry.npmjs.org/eslint-visitor-keys set size:undefined disposed:false
218 silly fetch manifest escape-string-regexp@^4.0.0
219 silly packumentCache full:https://registry.npmjs.org/escape-string-regexp cache-miss
220 http fetch GET 200 https://registry.npmjs.org/natural-compare 318ms (cache miss)
221 silly packumentCache full:https://registry.npmjs.org/natural-compare set size:undefined disposed:false
222 silly fetch manifest @eslint/config-helpers@^0.4.2
223 silly packumentCache full:https://registry.npmjs.org/@eslint%2fconfig-helpers cache-miss
224 http fetch GET 200 https://registry.npmjs.org/file-entry-cache 320ms (cache miss)
225 silly packumentCache full:https://registry.npmjs.org/file-entry-cache set size:undefined disposed:false
226 silly fetch manifest @eslint-community/regexpp@^4.12.1
227 silly packumentCache full:https://registry.npmjs.org/@eslint-community%2fregexpp cache-miss
228 http fetch GET 200 https://registry.npmjs.org/escape-string-regexp 62ms (cache miss)
229 silly packumentCache full:https://registry.npmjs.org/escape-string-regexp set size:undefined disposed:false
230 silly fetch manifest @eslint-community/eslint-utils@^4.8.0
231 silly packumentCache full:https://registry.npmjs.org/@eslint-community%2feslint-utils cache-miss
232 http fetch GET 200 https://registry.npmjs.org/@eslint%2feslintrc 510ms (cache miss)
233 silly packumentCache full:https://registry.npmjs.org/@eslint%2feslintrc set size:undefined disposed:false
234 silly fetch manifest @humanwhocodes/module-importer@^1.0.1
235 silly packumentCache full:https://registry.npmjs.org/@humanwhocodes%2fmodule-importer cache-miss
236 http fetch GET 200 https://registry.npmjs.org/@humanwhocodes%2fretry 236ms (cache miss)
237 silly packumentCache full:https://registry.npmjs.org/@humanwhocodes%2fretry set size:undefined disposed:false
238 silly fetch manifest json-stable-stringify-without-jsonify@^1.0.1
239 silly packumentCache full:https://registry.npmjs.org/json-stable-stringify-without-jsonify cache-miss
240 http fetch GET 200 https://registry.npmjs.org/@eslint%2fconfig-helpers 234ms (cache miss)
241 silly packumentCache full:https://registry.npmjs.org/@eslint%2fconfig-helpers set size:undefined disposed:false
242 silly fetch manifest globals@16.4.0
243 silly packumentCache full:https://registry.npmjs.org/globals cache-miss
244 http fetch GET 200 https://registry.npmjs.org/@eslint%2fplugin-kit 465ms (cache miss)
245 silly packumentCache full:https://registry.npmjs.org/@eslint%2fplugin-kit set size:undefined disposed:false
246 silly fetch manifest typescript-eslint@^8.46.0
247 silly packumentCache full:https://registry.npmjs.org/typescript-eslint cache-miss
248 http fetch GET 200 https://registry.npmjs.org/json-stable-stringify-without-jsonify 62ms (cache miss)
249 silly packumentCache full:https://registry.npmjs.org/json-stable-stringify-without-jsonify set size:undefined disposed:false
250 silly fetch manifest eslint-plugin-react@^7.37.0
251 silly packumentCache full:https://registry.npmjs.org/eslint-plugin-react cache-miss
252 http fetch GET 200 https://registry.npmjs.org/@eslint-community%2fregexpp 249ms (cache miss)
253 silly packumentCache full:https://registry.npmjs.org/@eslint-community%2fregexpp set size:undefined disposed:false
254 silly fetch manifest eslint-plugin-import@^2.32.0
255 silly packumentCache full:https://registry.npmjs.org/eslint-plugin-import cache-miss
256 http fetch GET 200 https://registry.npmjs.org/@eslint-community%2feslint-utils 247ms (cache miss)
257 silly packumentCache full:https://registry.npmjs.org/@eslint-community%2feslint-utils set size:undefined disposed:false
258 silly fetch manifest eslint-plugin-jsx-a11y@^6.10.0
259 silly packumentCache full:https://registry.npmjs.org/eslint-plugin-jsx-a11y cache-miss
260 http fetch GET 200 https://registry.npmjs.org/eslint-plugin-react 110ms (cache miss)
261 silly packumentCache full:https://registry.npmjs.org/eslint-plugin-react set size:undefined disposed:false
262 silly fetch manifest @next/eslint-plugin-next@16.2.10
263 silly packumentCache full:https://registry.npmjs.org/@next%2feslint-plugin-next cache-miss
264 http fetch GET 200 https://registry.npmjs.org/@eslint%2fconfig-array 466ms (cache miss)
265 silly packumentCache full:https://registry.npmjs.org/@eslint%2fconfig-array set size:undefined disposed:false
266 silly fetch manifest eslint-plugin-react-hooks@^7.0.0
267 silly packumentCache full:https://registry.npmjs.org/eslint-plugin-react-hooks cache-miss
268 http fetch GET 200 https://registry.npmjs.org/@humanwhocodes%2fmodule-importer 230ms (cache miss)
269 silly packumentCache full:https://registry.npmjs.org/@humanwhocodes%2fmodule-importer set size:undefined disposed:false
270 silly fetch manifest eslint-import-resolver-node@^0.3.6
271 silly packumentCache full:https://registry.npmjs.org/eslint-import-resolver-node cache-miss
272 http fetch GET 200 https://registry.npmjs.org/eslint-import-resolver-node 83ms (cache miss)
273 silly packumentCache full:https://registry.npmjs.org/eslint-import-resolver-node set size:undefined disposed:false
274 silly fetch manifest eslint-import-resolver-typescript@^3.5.2
275 silly packumentCache full:https://registry.npmjs.org/eslint-import-resolver-typescript cache-miss
276 http fetch GET 200 https://registry.npmjs.org/globals 319ms (cache miss)
277 silly packumentCache full:https://registry.npmjs.org/globals set size:undefined disposed:false
278 silly fetch manifest postcss@8.4.31
279 silly packumentCache full:https://registry.npmjs.org/postcss cache-miss
280 http cache https://registry.npmjs.org/postcss 3ms (cache hit)
281 silly packumentCache full:https://registry.npmjs.org/postcss set size:729928 disposed:false
282 silly fetch manifest @next/env@16.2.10
283 silly packumentCache full:https://registry.npmjs.org/@next%2fenv cache-miss
284 http fetch GET 200 https://registry.npmjs.org/eslint-plugin-jsx-a11y 312ms (cache miss)
285 silly packumentCache full:https://registry.npmjs.org/eslint-plugin-jsx-a11y set size:undefined disposed:false
286 silly fetch manifest styled-jsx@5.1.6
287 silly packumentCache full:https://registry.npmjs.org/styled-jsx cache-miss
288 http fetch GET 200 https://registry.npmjs.org/eslint-import-resolver-typescript 85ms (cache miss)
289 silly packumentCache full:https://registry.npmjs.org/eslint-import-resolver-typescript set size:undefined disposed:false
290 silly fetch manifest @swc/helpers@0.5.15
291 silly packumentCache full:https://registry.npmjs.org/@swc%2fhelpers cache-miss
292 http fetch GET 200 https://registry.npmjs.org/eslint-plugin-import 368ms (cache miss)
293 silly packumentCache full:https://registry.npmjs.org/eslint-plugin-import set size:undefined disposed:false
294 silly fetch manifest caniuse-lite@^1.0.30001579
295 silly packumentCache full:https://registry.npmjs.org/caniuse-lite cache-miss
296 http fetch GET 200 https://registry.npmjs.org/styled-jsx 175ms (cache miss)
297 silly packumentCache full:https://registry.npmjs.org/styled-jsx set size:undefined disposed:false
298 silly fetch manifest baseline-browser-mapping@^2.9.19
299 silly packumentCache full:https://registry.npmjs.org/baseline-browser-mapping cache-miss
300 http fetch GET 200 https://registry.npmjs.org/caniuse-lite 359ms (cache miss)
301 silly packumentCache full:https://registry.npmjs.org/caniuse-lite set size:undefined disposed:false
302 silly fetch manifest sharp@^0.34.5
303 silly packumentCache full:https://registry.npmjs.org/sharp cache-miss
304 http fetch GET 200 https://registry.npmjs.org/eslint-plugin-react-hooks 650ms (cache miss)
305 silly packumentCache full:https://registry.npmjs.org/eslint-plugin-react-hooks set size:undefined disposed:false
306 silly fetch manifest @next/swc-darwin-x64@16.2.10
307 silly packumentCache full:https://registry.npmjs.org/@next%2fswc-darwin-x64 cache-miss
308 http fetch GET 200 https://registry.npmjs.org/baseline-browser-mapping 346ms (cache miss)
309 silly packumentCache full:https://registry.npmjs.org/baseline-browser-mapping set size:undefined disposed:false
310 silly fetch manifest @next/swc-darwin-arm64@16.2.10
311 silly packumentCache full:https://registry.npmjs.org/@next%2fswc-darwin-arm64 cache-miss
312 http fetch GET 200 https://registry.npmjs.org/@swc%2fhelpers 517ms (cache miss)
313 silly packumentCache full:https://registry.npmjs.org/@swc%2fhelpers set size:undefined disposed:false
314 silly fetch manifest @next/swc-linux-x64-gnu@16.2.10
315 silly packumentCache full:https://registry.npmjs.org/@next%2fswc-linux-x64-gnu cache-miss
316 http fetch GET 200 https://registry.npmjs.org/typescript-eslint 869ms (cache miss)
317 silly packumentCache full:https://registry.npmjs.org/typescript-eslint set size:undefined disposed:false
318 silly fetch manifest @next/swc-linux-x64-musl@16.2.10
319 silly packumentCache full:https://registry.npmjs.org/@next%2fswc-linux-x64-musl cache-miss
320 http fetch GET 200 https://registry.npmjs.org/sharp 168ms (cache miss)
321 silly packumentCache full:https://registry.npmjs.org/sharp set size:undefined disposed:false
322 silly fetch manifest @next/swc-win32-x64-msvc@16.2.10
323 silly packumentCache full:https://registry.npmjs.org/@next%2fswc-win32-x64-msvc cache-miss
324 http fetch GET 200 https://registry.npmjs.org/@next%2fenv 952ms (cache miss)
325 silly packumentCache full:https://registry.npmjs.org/@next%2fenv set size:undefined disposed:false
326 silly fetch manifest @next/swc-linux-arm64-gnu@16.2.10
327 silly packumentCache full:https://registry.npmjs.org/@next%2fswc-linux-arm64-gnu cache-miss
328 http fetch GET 200 https://registry.npmjs.org/@next%2fswc-darwin-arm64 1000ms (cache miss)
329 silly packumentCache full:https://registry.npmjs.org/@next%2fswc-darwin-arm64 set size:undefined disposed:false
330 silly fetch manifest @next/swc-linux-arm64-musl@16.2.10
331 silly packumentCache full:https://registry.npmjs.org/@next%2fswc-linux-arm64-musl cache-miss
332 http fetch GET 200 https://registry.npmjs.org/@next%2feslint-plugin-next 1758ms (cache miss)
333 silly packumentCache full:https://registry.npmjs.org/@next%2feslint-plugin-next set size:undefined disposed:false
334 silly fetch manifest @next/swc-win32-arm64-msvc@16.2.10
335 silly packumentCache full:https://registry.npmjs.org/@next%2fswc-win32-arm64-msvc cache-miss
336 http fetch GET 200 https://registry.npmjs.org/@next%2fswc-win32-x64-msvc 1106ms (cache miss)
337 silly packumentCache full:https://registry.npmjs.org/@next%2fswc-win32-x64-msvc set size:undefined disposed:false
338 silly fetch manifest scheduler@^0.27.0
339 silly packumentCache full:https://registry.npmjs.org/scheduler cache-miss
340 http fetch GET 200 https://registry.npmjs.org/@next%2fswc-darwin-x64 1271ms (cache miss)
341 silly packumentCache full:https://registry.npmjs.org/@next%2fswc-darwin-x64 set size:undefined disposed:false
342 http fetch GET 200 https://registry.npmjs.org/@next%2fswc-linux-x64-gnu 1266ms (cache miss)
343 silly packumentCache full:https://registry.npmjs.org/@next%2fswc-linux-x64-gnu set size:undefined disposed:false
344 http fetch GET 200 https://registry.npmjs.org/@next%2fswc-linux-arm64-gnu 1185ms (cache miss)
345 silly packumentCache full:https://registry.npmjs.org/@next%2fswc-linux-arm64-gnu set size:undefined disposed:false
346 http fetch GET 200 https://registry.npmjs.org/@next%2fswc-linux-arm64-musl 801ms (cache miss)
347 silly packumentCache full:https://registry.npmjs.org/@next%2fswc-linux-arm64-musl set size:undefined disposed:false
348 http fetch GET 200 https://registry.npmjs.org/scheduler 671ms (cache miss)
349 silly packumentCache full:https://registry.npmjs.org/scheduler set size:undefined disposed:false
350 http fetch GET 200 https://registry.npmjs.org/@next%2fswc-linux-x64-musl 2088ms (cache miss)
351 silly packumentCache full:https://registry.npmjs.org/@next%2fswc-linux-x64-musl set size:undefined disposed:false
352 http fetch GET 200 https://registry.npmjs.org/@next%2fswc-win32-arm64-msvc 1097ms (cache miss)
353 silly packumentCache full:https://registry.npmjs.org/@next%2fswc-win32-arm64-msvc set size:undefined disposed:false
354 silly placeDep ROOT @alloc/quick-lru@5.2.0 OK for: @tailwindcss/postcss@4.3.2 want: ^5.2.0
355 silly placeDep ROOT @tailwindcss/node@4.3.2 OK for: @tailwindcss/postcss@4.3.2 want: 4.3.2
356 silly placeDep ROOT @tailwindcss/oxide@4.3.2 OK for: @tailwindcss/postcss@4.3.2 want: 4.3.2
357 silly placeDep ROOT postcss@8.5.17 OK for: @tailwindcss/postcss@4.3.2 want: ^8.5.15
358 silly fetch manifest jiti@^2.7.0
359 silly packumentCache full:https://registry.npmjs.org/jiti cache-miss
360 silly fetch manifest lightningcss@1.32.0
361 silly packumentCache full:https://registry.npmjs.org/lightningcss cache-miss
362 silly fetch manifest magic-string@^0.30.21
363 silly packumentCache full:https://registry.npmjs.org/magic-string cache-miss
364 silly fetch manifest source-map-js@^1.2.1
365 silly packumentCache full:https://registry.npmjs.org/source-map-js cache-miss
366 silly fetch manifest enhanced-resolve@5.21.6
367 silly packumentCache full:https://registry.npmjs.org/enhanced-resolve cache-miss
368 silly fetch manifest @jridgewell/remapping@^2.3.5
369 silly packumentCache full:https://registry.npmjs.org/@jridgewell%2fremapping cache-miss
370 silly fetch manifest @tailwindcss/oxide-darwin-x64@4.3.2
371 silly packumentCache full:https://registry.npmjs.org/@tailwindcss%2foxide-darwin-x64 cache-miss
372 http cache https://registry.npmjs.org/jiti 6ms (cache hit)
373 silly packumentCache full:https://registry.npmjs.org/jiti set size:387989 disposed:false
374 silly fetch manifest @tailwindcss/oxide-freebsd-x64@4.3.2
375 silly packumentCache full:https://registry.npmjs.org/@tailwindcss%2foxide-freebsd-x64 cache-miss
376 http fetch GET 200 https://registry.npmjs.org/source-map-js 72ms (cache miss)
377 silly packumentCache full:https://registry.npmjs.org/source-map-js set size:undefined disposed:false
378 silly fetch manifest @tailwindcss/oxide-wasm32-wasi@4.3.2
379 silly packumentCache full:https://registry.npmjs.org/@tailwindcss%2foxide-wasm32-wasi cache-miss
380 http fetch GET 200 https://registry.npmjs.org/lightningcss 96ms (cache miss)
381 silly packumentCache full:https://registry.npmjs.org/lightningcss set size:undefined disposed:false
382 silly fetch manifest @tailwindcss/oxide-darwin-arm64@4.3.2
383 silly packumentCache full:https://registry.npmjs.org/@tailwindcss%2foxide-darwin-arm64 cache-miss
384 http fetch GET 200 https://registry.npmjs.org/enhanced-resolve 119ms (cache miss)
385 silly packumentCache full:https://registry.npmjs.org/enhanced-resolve set size:undefined disposed:false
386 silly fetch manifest @tailwindcss/oxide-android-arm64@4.3.2
387 silly packumentCache full:https://registry.npmjs.org/@tailwindcss%2foxide-android-arm64 cache-miss
388 http fetch GET 200 https://registry.npmjs.org/magic-string 122ms (cache miss)
389 silly packumentCache full:https://registry.npmjs.org/magic-string set size:undefined disposed:false
390 silly fetch manifest @tailwindcss/oxide-linux-x64-gnu@4.3.2
391 silly packumentCache full:https://registry.npmjs.org/@tailwindcss%2foxide-linux-x64-gnu cache-miss
392 http fetch GET 200 https://registry.npmjs.org/@jridgewell%2fremapping 342ms (cache miss)
393 silly packumentCache full:https://registry.npmjs.org/@jridgewell%2fremapping set size:undefined disposed:false
394 silly fetch manifest @tailwindcss/oxide-linux-x64-musl@4.3.2
395 silly packumentCache full:https://registry.npmjs.org/@tailwindcss%2foxide-linux-x64-musl cache-miss
396 http fetch GET 200 https://registry.npmjs.org/@tailwindcss%2foxide-wasm32-wasi 289ms (cache miss)
397 silly packumentCache full:https://registry.npmjs.org/@tailwindcss%2foxide-wasm32-wasi set size:undefined disposed:false
398 silly fetch manifest @tailwindcss/oxide-win32-x64-msvc@4.3.2
399 silly packumentCache full:https://registry.npmjs.org/@tailwindcss%2foxide-win32-x64-msvc cache-miss
400 http fetch GET 200 https://registry.npmjs.org/@tailwindcss%2foxide-android-arm64 382ms (cache miss)
401 silly packumentCache full:https://registry.npmjs.org/@tailwindcss%2foxide-android-arm64 set size:undefined disposed:false
402 silly fetch manifest @tailwindcss/oxide-linux-arm64-gnu@4.3.2
403 silly packumentCache full:https://registry.npmjs.org/@tailwindcss%2foxide-linux-arm64-gnu cache-miss
404 http fetch GET 200 https://registry.npmjs.org/@tailwindcss%2foxide-darwin-arm64 484ms (cache miss)
405 silly packumentCache full:https://registry.npmjs.org/@tailwindcss%2foxide-darwin-arm64 set size:undefined disposed:false
406 silly fetch manifest @tailwindcss/oxide-linux-arm64-musl@4.3.2
407 silly packumentCache full:https://registry.npmjs.org/@tailwindcss%2foxide-linux-arm64-musl cache-miss
408 http fetch GET 200 https://registry.npmjs.org/@tailwindcss%2foxide-linux-x64-gnu 488ms (cache miss)
409 silly packumentCache full:https://registry.npmjs.org/@tailwindcss%2foxide-linux-x64-gnu set size:undefined disposed:false
410 silly fetch manifest @tailwindcss/oxide-win32-arm64-msvc@4.3.2
411 silly packumentCache full:https://registry.npmjs.org/@tailwindcss%2foxide-win32-arm64-msvc cache-miss
412 http fetch GET 200 https://registry.npmjs.org/@tailwindcss%2foxide-freebsd-x64 728ms (cache miss)
413 silly packumentCache full:https://registry.npmjs.org/@tailwindcss%2foxide-freebsd-x64 set size:undefined disposed:false
414 silly fetch manifest @tailwindcss/oxide-linux-arm-gnueabihf@4.3.2
415 silly packumentCache full:https://registry.npmjs.org/@tailwindcss%2foxide-linux-arm-gnueabihf cache-miss
416 http fetch GET 200 https://registry.npmjs.org/@tailwindcss%2foxide-linux-arm64-gnu 385ms (cache miss)
417 silly packumentCache full:https://registry.npmjs.org/@tailwindcss%2foxide-linux-arm64-gnu set size:undefined disposed:false
418 silly fetch manifest nanoid@^3.3.12
419 silly packumentCache full:https://registry.npmjs.org/nanoid cache-miss
420 http fetch GET 200 https://registry.npmjs.org/@tailwindcss%2foxide-linux-x64-musl 656ms (cache miss)
421 silly packumentCache full:https://registry.npmjs.org/@tailwindcss%2foxide-linux-x64-musl set size:undefined disposed:false
422 silly fetch manifest picocolors@^1.1.1
423 silly packumentCache full:https://registry.npmjs.org/picocolors cache-miss
424 http fetch GET 200 https://registry.npmjs.org/@tailwindcss%2foxide-win32-arm64-msvc 553ms (cache miss)
425 silly packumentCache full:https://registry.npmjs.org/@tailwindcss%2foxide-win32-arm64-msvc set size:undefined disposed:false
426 http fetch GET 200 https://registry.npmjs.org/nanoid 315ms (cache miss)
427 silly packumentCache full:https://registry.npmjs.org/nanoid set size:undefined disposed:false
428 http fetch GET 200 https://registry.npmjs.org/@tailwindcss%2foxide-darwin-x64 1236ms (cache miss)
429 silly packumentCache full:https://registry.npmjs.org/@tailwindcss%2foxide-darwin-x64 set size:undefined disposed:false
430 http fetch GET 200 https://registry.npmjs.org/@tailwindcss%2foxide-win32-x64-msvc 895ms (cache miss)
431 silly packumentCache full:https://registry.npmjs.org/@tailwindcss%2foxide-win32-x64-msvc set size:undefined disposed:false
432 http fetch GET 200 https://registry.npmjs.org/@tailwindcss%2foxide-linux-arm64-musl 685ms (cache miss)
433 silly packumentCache full:https://registry.npmjs.org/@tailwindcss%2foxide-linux-arm64-musl set size:undefined disposed:false
434 http fetch GET 200 https://registry.npmjs.org/@tailwindcss%2foxide-linux-arm-gnueabihf 591ms (cache miss)
435 silly packumentCache full:https://registry.npmjs.org/@tailwindcss%2foxide-linux-arm-gnueabihf set size:undefined disposed:false
436 http fetch GET 200 https://registry.npmjs.org/picocolors 324ms (cache miss)
437 silly packumentCache full:https://registry.npmjs.org/picocolors set size:undefined disposed:false
438 silly placeDep ROOT @jridgewell/remapping@2.3.5 OK for: @tailwindcss/node@4.3.2 want: ^2.3.5
439 silly placeDep ROOT enhanced-resolve@5.21.6 OK for: @tailwindcss/node@4.3.2 want: 5.21.6
440 silly placeDep ROOT jiti@2.7.0 OK for: @tailwindcss/node@4.3.2 want: ^2.7.0
441 silly placeDep ROOT lightningcss@1.32.0 OK for: @tailwindcss/node@4.3.2 want: 1.32.0
442 silly placeDep ROOT magic-string@0.30.21 OK for: @tailwindcss/node@4.3.2 want: ^0.30.21
443 silly placeDep ROOT source-map-js@1.2.1 OK for: @tailwindcss/node@4.3.2 want: ^1.2.1
444 silly fetch manifest @jridgewell/gen-mapping@^0.3.5
445 silly packumentCache full:https://registry.npmjs.org/@jridgewell%2fgen-mapping cache-miss
446 silly fetch manifest @jridgewell/trace-mapping@^0.3.24
447 silly packumentCache full:https://registry.npmjs.org/@jridgewell%2ftrace-mapping cache-miss
448 silly fetch manifest tapable@^2.3.3
449 silly packumentCache full:https://registry.npmjs.org/tapable cache-miss
450 silly fetch manifest graceful-fs@^4.2.4
451 silly packumentCache full:https://registry.npmjs.org/graceful-fs cache-miss
452 silly fetch manifest detect-libc@^2.0.3
453 silly packumentCache full:https://registry.npmjs.org/detect-libc cache-miss
454 silly fetch manifest lightningcss-darwin-x64@1.32.0
455 silly packumentCache full:https://registry.npmjs.org/lightningcss-darwin-x64 cache-miss
456 silly fetch manifest lightningcss-linux-x64-gnu@1.32.0
457 silly packumentCache full:https://registry.npmjs.org/lightningcss-linux-x64-gnu cache-miss
458 http fetch GET 200 https://registry.npmjs.org/graceful-fs 72ms (cache miss)
459 silly packumentCache full:https://registry.npmjs.org/graceful-fs set size:undefined disposed:false
460 silly fetch manifest lightningcss-win32-x64-msvc@1.32.0
461 silly packumentCache full:https://registry.npmjs.org/lightningcss-win32-x64-msvc cache-miss
462 http fetch GET 200 https://registry.npmjs.org/lightningcss-linux-x64-gnu 96ms (cache miss)
463 silly packumentCache full:https://registry.npmjs.org/lightningcss-linux-x64-gnu set size:undefined disposed:false
464 silly fetch manifest lightningcss-win32-arm64-msvc@1.32.0
465 silly packumentCache full:https://registry.npmjs.org/lightningcss-win32-arm64-msvc cache-miss
466 http fetch GET 200 https://registry.npmjs.org/detect-libc 98ms (cache miss)
467 silly packumentCache full:https://registry.npmjs.org/detect-libc set size:undefined disposed:false
468 silly fetch manifest lightningcss-darwin-arm64@1.32.0
469 silly packumentCache full:https://registry.npmjs.org/lightningcss-darwin-arm64 cache-miss
470 http fetch GET 200 https://registry.npmjs.org/lightningcss-darwin-x64 99ms (cache miss)
471 silly packumentCache full:https://registry.npmjs.org/lightningcss-darwin-x64 set size:undefined disposed:false
472 silly fetch manifest lightningcss-linux-arm64-gnu@1.32.0
473 silly packumentCache full:https://registry.npmjs.org/lightningcss-linux-arm64-gnu cache-miss
474 http fetch GET 200 https://registry.npmjs.org/tapable 104ms (cache miss)
475 silly packumentCache full:https://registry.npmjs.org/tapable set size:undefined disposed:false
476 silly fetch manifest lightningcss-linux-arm-gnueabihf@1.32.0
477 silly packumentCache full:https://registry.npmjs.org/lightningcss-linux-arm-gnueabihf cache-miss
478 http fetch GET 200 https://registry.npmjs.org/lightningcss-win32-x64-msvc 111ms (cache miss)
479 silly packumentCache full:https://registry.npmjs.org/lightningcss-win32-x64-msvc set size:undefined disposed:false
480 silly fetch manifest lightningcss-linux-arm64-musl@1.32.0
481 silly packumentCache full:https://registry.npmjs.org/lightningcss-linux-arm64-musl cache-miss
482 http fetch GET 200 https://registry.npmjs.org/lightningcss-win32-arm64-msvc 88ms (cache miss)
483 silly packumentCache full:https://registry.npmjs.org/lightningcss-win32-arm64-msvc set size:undefined disposed:false
484 silly fetch manifest lightningcss-linux-x64-musl@1.32.0
485 silly packumentCache full:https://registry.npmjs.org/lightningcss-linux-x64-musl cache-miss
486 http fetch GET 200 https://registry.npmjs.org/lightningcss-linux-arm64-gnu 88ms (cache miss)
487 silly packumentCache full:https://registry.npmjs.org/lightningcss-linux-arm64-gnu set size:undefined disposed:false
488 silly fetch manifest lightningcss-freebsd-x64@1.32.0
489 silly packumentCache full:https://registry.npmjs.org/lightningcss-freebsd-x64 cache-miss
490 http fetch GET 200 https://registry.npmjs.org/lightningcss-linux-arm-gnueabihf 85ms (cache miss)
491 silly packumentCache full:https://registry.npmjs.org/lightningcss-linux-arm-gnueabihf set size:undefined disposed:false
492 silly fetch manifest lightningcss-android-arm64@1.32.0
493 silly packumentCache full:https://registry.npmjs.org/lightningcss-android-arm64 cache-miss
494 http fetch GET 200 https://registry.npmjs.org/@jridgewell%2fgen-mapping 227ms (cache miss)
495 silly packumentCache full:https://registry.npmjs.org/@jridgewell%2fgen-mapping set size:undefined disposed:false
496 silly fetch manifest @jridgewell/sourcemap-codec@^1.5.5
497 silly packumentCache full:https://registry.npmjs.org/@jridgewell%2fsourcemap-codec cache-miss
498 http fetch GET 200 https://registry.npmjs.org/@jridgewell%2ftrace-mapping 238ms (cache miss)
499 silly packumentCache full:https://registry.npmjs.org/@jridgewell%2ftrace-mapping set size:undefined disposed:false
500 http fetch GET 200 https://registry.npmjs.org/lightningcss-linux-arm64-musl 134ms (cache miss)
501 silly packumentCache full:https://registry.npmjs.org/lightningcss-linux-arm64-musl set size:undefined disposed:false
502 http fetch GET 200 https://registry.npmjs.org/lightningcss-android-arm64 152ms (cache miss)
503 silly packumentCache full:https://registry.npmjs.org/lightningcss-android-arm64 set size:undefined disposed:false
504 http fetch GET 200 https://registry.npmjs.org/lightningcss-linux-x64-musl 164ms (cache miss)
505 silly packumentCache full:https://registry.npmjs.org/lightningcss-linux-x64-musl set size:undefined disposed:false
506 http fetch GET 200 https://registry.npmjs.org/lightningcss-darwin-arm64 285ms (cache miss)
507 silly packumentCache full:https://registry.npmjs.org/lightningcss-darwin-arm64 set size:undefined disposed:false
508 http fetch GET 200 https://registry.npmjs.org/@jridgewell%2fsourcemap-codec 293ms (cache miss)
509 silly packumentCache full:https://registry.npmjs.org/@jridgewell%2fsourcemap-codec set size:undefined disposed:false
510 http fetch GET 200 https://registry.npmjs.org/lightningcss-freebsd-x64 426ms (cache miss)
511 silly packumentCache full:https://registry.npmjs.org/lightningcss-freebsd-x64 set size:undefined disposed:false
512 silly placeDep ROOT @jridgewell/gen-mapping@0.3.13 OK for: @jridgewell/remapping@2.3.5 want: ^0.3.5
513 silly placeDep ROOT @jridgewell/trace-mapping@0.3.31 OK for: @jridgewell/remapping@2.3.5 want: ^0.3.24
514 silly fetch manifest @jridgewell/sourcemap-codec@^1.5.0
515 silly packumentCache full:https://registry.npmjs.org/@jridgewell%2fsourcemap-codec cache-miss
516 silly fetch manifest @jridgewell/resolve-uri@^3.1.0
517 silly packumentCache full:https://registry.npmjs.org/@jridgewell%2fresolve-uri cache-miss
518 silly fetch manifest @jridgewell/sourcemap-codec@^1.4.14
519 silly packumentCache full:https://registry.npmjs.org/@jridgewell%2fsourcemap-codec cache-miss
520 http cache https://registry.npmjs.org/@jridgewell%2fsourcemap-codec 4ms (cache hit)
521 silly packumentCache full:https://registry.npmjs.org/@jridgewell%2fsourcemap-codec set size:51856 disposed:false
522 http cache https://registry.npmjs.org/@jridgewell%2fsourcemap-codec 5ms (cache hit)
523 silly packumentCache full:https://registry.npmjs.org/@jridgewell%2fsourcemap-codec set size:51856 disposed:false
524 silly packumentCache full:https://registry.npmjs.org/@jridgewell%2fsourcemap-codec dispose
525 http fetch GET 200 https://registry.npmjs.org/@jridgewell%2fresolve-uri 249ms (cache miss)
526 silly packumentCache full:https://registry.npmjs.org/@jridgewell%2fresolve-uri set size:undefined disposed:false
527 silly placeDep ROOT @jridgewell/sourcemap-codec@1.5.5 OK for: @jridgewell/gen-mapping@0.3.13 want: ^1.5.0
528 silly placeDep ROOT @jridgewell/resolve-uri@3.1.2 OK for: @jridgewell/trace-mapping@0.3.31 want: ^3.1.0
529 silly placeDep ROOT @tailwindcss/oxide-android-arm64@4.3.2 OK for: @tailwindcss/oxide@4.3.2 want: 4.3.2
530 silly placeDep ROOT @tailwindcss/oxide-darwin-arm64@4.3.2 OK for: @tailwindcss/oxide@4.3.2 want: 4.3.2
531 silly placeDep ROOT @tailwindcss/oxide-darwin-x64@4.3.2 OK for: @tailwindcss/oxide@4.3.2 want: 4.3.2
532 silly placeDep ROOT @tailwindcss/oxide-freebsd-x64@4.3.2 OK for: @tailwindcss/oxide@4.3.2 want: 4.3.2
533 silly placeDep ROOT @tailwindcss/oxide-linux-arm-gnueabihf@4.3.2 OK for: @tailwindcss/oxide@4.3.2 want: 4.3.2
534 silly placeDep ROOT @tailwindcss/oxide-linux-arm64-gnu@4.3.2 OK for: @tailwindcss/oxide@4.3.2 want: 4.3.2
535 silly placeDep ROOT @tailwindcss/oxide-linux-arm64-musl@4.3.2 OK for: @tailwindcss/oxide@4.3.2 want: 4.3.2
536 silly placeDep ROOT @tailwindcss/oxide-linux-x64-gnu@4.3.2 OK for: @tailwindcss/oxide@4.3.2 want: 4.3.2
537 silly placeDep ROOT @tailwindcss/oxide-linux-x64-musl@4.3.2 OK for: @tailwindcss/oxide@4.3.2 want: 4.3.2
538 silly placeDep ROOT @tailwindcss/oxide-wasm32-wasi@4.3.2 OK for: @tailwindcss/oxide@4.3.2 want: 4.3.2
539 silly placeDep ROOT @tailwindcss/oxide-win32-arm64-msvc@4.3.2 OK for: @tailwindcss/oxide@4.3.2 want: 4.3.2
540 silly placeDep ROOT @tailwindcss/oxide-win32-x64-msvc@4.3.2 OK for: @tailwindcss/oxide@4.3.2 want: 4.3.2
541 silly placeDep ROOT undici-types@6.21.0 OK for: @types/node@20.19.43 want: ~6.21.0
542 silly placeDep ROOT csstype@3.2.3 OK for: @types/react@19.2.17 want: ^3.2.2
543 silly placeDep ROOT graceful-fs@4.2.11 OK for: enhanced-resolve@5.21.6 want: ^4.2.4
544 silly placeDep ROOT tapable@2.3.3 OK for: enhanced-resolve@5.21.6 want: ^2.3.3
545 silly fetch manifest eslint@^6.0.0 || ^7.0.0 || >=8.0.0
546 silly packumentCache full:https://registry.npmjs.org/eslint cache-miss
547 http cache https://registry.npmjs.org/eslint 5ms (cache hit)
548 silly packumentCache full:https://registry.npmjs.org/eslint set size:2033084 disposed:false
549 silly placeDep ROOT @eslint-community/eslint-utils@4.9.1 OK for: eslint@9.39.5 want: ^4.8.0
550 silly placeDep ROOT @eslint-community/regexpp@4.12.2 OK for: eslint@9.39.5 want: ^4.12.1
551 silly placeDep ROOT @eslint/config-array@0.21.2 OK for: eslint@9.39.5 want: ^0.21.2
552 silly placeDep ROOT @eslint/config-helpers@0.4.2 OK for: eslint@9.39.5 want: ^0.4.2
553 silly placeDep ROOT @eslint/core@0.17.0 OK for: eslint@9.39.5 want: ^0.17.0
554 silly placeDep ROOT @eslint/eslintrc@3.3.6 OK for: eslint@9.39.5 want: ^3.3.6
555 silly placeDep ROOT @eslint/js@9.39.5 OK for: eslint@9.39.5 want: 9.39.5
556 silly placeDep ROOT @eslint/plugin-kit@0.4.1 OK for: eslint@9.39.5 want: ^0.4.1
557 silly placeDep ROOT @humanfs/node@0.16.8 OK for: eslint@9.39.5 want: ^0.16.6
558 silly placeDep ROOT @humanwhocodes/module-importer@1.0.1 OK for: eslint@9.39.5 want: ^1.0.1
559 silly placeDep ROOT @humanwhocodes/retry@0.4.3 OK for: eslint@9.39.5 want: ^0.4.2
560 silly placeDep ROOT @types/estree@1.0.9 OK for: eslint@9.39.5 want: ^1.0.6
561 silly placeDep ROOT ajv@6.15.0 OK for: eslint@9.39.5 want: ^6.14.0
562 silly placeDep ROOT chalk@4.1.2 OK for: eslint@9.39.5 want: ^4.0.0
563 silly placeDep ROOT cross-spawn@7.0.6 OK for: eslint@9.39.5 want: ^7.0.6
564 silly placeDep ROOT debug@4.4.3 OK for: eslint@9.39.5 want: ^4.3.2
565 silly placeDep ROOT escape-string-regexp@4.0.0 OK for: eslint@9.39.5 want: ^4.0.0
566 silly placeDep ROOT eslint-scope@8.4.0 OK for: eslint@9.39.5 want: ^8.4.0
567 silly placeDep ROOT eslint-visitor-keys@4.2.1 OK for: eslint@9.39.5 want: ^4.2.1
568 silly placeDep ROOT espree@10.4.0 OK for: eslint@9.39.5 want: ^10.4.0
569 silly placeDep ROOT esquery@1.7.0 OK for: eslint@9.39.5 want: ^1.5.0
570 silly placeDep ROOT esutils@2.0.3 OK for: eslint@9.39.5 want: ^2.0.2
571 silly placeDep ROOT fast-deep-equal@3.1.3 OK for: eslint@9.39.5 want: ^3.1.3
572 silly placeDep ROOT file-entry-cache@8.0.0 OK for: eslint@9.39.5 want: ^8.0.0
573 silly placeDep ROOT find-up@5.0.0 OK for: eslint@9.39.5 want: ^5.0.0
574 silly placeDep ROOT glob-parent@6.0.2 OK for: eslint@9.39.5 want: ^6.0.2
575 silly placeDep ROOT ignore@5.3.2 OK for: eslint@9.39.5 want: ^5.2.0
576 silly placeDep ROOT imurmurhash@0.1.4 OK for: eslint@9.39.5 want: ^0.1.4
577 silly placeDep ROOT is-glob@4.0.3 OK for: eslint@9.39.5 want: ^4.0.0
578 silly placeDep ROOT json-stable-stringify-without-jsonify@1.0.1 OK for: eslint@9.39.5 want: ^1.0.1
579 silly placeDep ROOT lodash.merge@4.6.2 OK for: eslint@9.39.5 want: ^4.6.2
580 silly placeDep ROOT minimatch@3.1.5 OK for: eslint@9.39.5 want: ^3.1.5
581 silly placeDep ROOT natural-compare@1.4.0 OK for: eslint@9.39.5 want: ^1.4.0
582 silly placeDep ROOT optionator@0.9.4 OK for: eslint@9.39.5 want: ^0.9.3
583 silly fetch manifest eslint-visitor-keys@^3.4.3
584 silly packumentCache full:https://registry.npmjs.org/eslint-visitor-keys cache-miss
585 silly fetch manifest debug@^4.3.1
586 silly packumentCache full:https://registry.npmjs.org/debug cache-miss
587 silly fetch manifest @eslint/object-schema@^2.1.7
588 silly packumentCache full:https://registry.npmjs.org/@eslint%2fobject-schema cache-miss
589 silly fetch manifest @types/json-schema@^7.0.15
590 silly packumentCache full:https://registry.npmjs.org/@types%2fjson-schema cache-miss
591 silly fetch manifest espree@^10.0.1
592 silly packumentCache full:https://registry.npmjs.org/espree cache-miss
593 silly fetch manifest globals@^14.0.0
594 silly packumentCache full:https://registry.npmjs.org/globals cache-miss
595 silly fetch manifest import-fresh@^3.2.1
596 silly packumentCache full:https://registry.npmjs.org/import-fresh cache-miss
597 http cache https://registry.npmjs.org/eslint-visitor-keys 5ms (cache hit)
598 silly packumentCache full:https://registry.npmjs.org/eslint-visitor-keys set size:69949 disposed:false
599 silly fetch manifest js-yaml@^4.3.0
600 silly packumentCache full:https://registry.npmjs.org/js-yaml cache-miss
601 http cache https://registry.npmjs.org/debug 5ms (cache hit)
602 silly packumentCache full:https://registry.npmjs.org/debug set size:195840 disposed:false
603 silly fetch manifest strip-json-comments@^3.1.1
604 silly packumentCache full:https://registry.npmjs.org/strip-json-comments cache-miss
605 http cache https://registry.npmjs.org/espree 6ms (cache hit)
606 silly packumentCache full:https://registry.npmjs.org/espree set size:326080 disposed:false
607 silly fetch manifest levn@^0.4.1
608 silly packumentCache full:https://registry.npmjs.org/levn cache-miss
609 http cache https://registry.npmjs.org/globals 9ms (cache hit)
610 silly packumentCache full:https://registry.npmjs.org/globals set size:319673 disposed:false
611 silly fetch manifest @humanwhocodes/retry@^0.4.0
612 silly packumentCache full:https://registry.npmjs.org/@humanwhocodes%2fretry cache-miss
613 http cache https://registry.npmjs.org/@humanwhocodes%2fretry 1ms (cache hit)
614 silly packumentCache full:https://registry.npmjs.org/@humanwhocodes%2fretry set size:42348 disposed:false
615 silly fetch manifest @humanfs/core@^0.19.2
616 silly packumentCache full:https://registry.npmjs.org/@humanfs%2fcore cache-miss
617 http fetch GET 200 https://registry.npmjs.org/js-yaml 84ms (cache miss)
618 silly packumentCache full:https://registry.npmjs.org/js-yaml set size:undefined disposed:false
619 silly fetch manifest @humanfs/types@^0.15.0
620 silly packumentCache full:https://registry.npmjs.org/@humanfs%2ftypes cache-miss
621 http fetch GET 200 https://registry.npmjs.org/levn 89ms (cache miss)
622 silly packumentCache full:https://registry.npmjs.org/levn set size:undefined disposed:false
623 silly fetch manifest uri-js@^4.2.2
624 silly packumentCache full:https://registry.npmjs.org/uri-js cache-miss
625 http fetch GET 200 https://registry.npmjs.org/@types%2fjson-schema 99ms (cache miss)
626 silly packumentCache full:https://registry.npmjs.org/@types%2fjson-schema set size:undefined disposed:false
627 silly fetch manifest fast-deep-equal@^3.1.1
628 silly packumentCache full:https://registry.npmjs.org/fast-deep-equal cache-miss
629 http cache https://registry.npmjs.org/fast-deep-equal 1ms (cache hit)
630 silly packumentCache full:https://registry.npmjs.org/fast-deep-equal set size:48634 disposed:false
631 silly fetch manifest json-schema-traverse@^0.4.1
632 silly packumentCache full:https://registry.npmjs.org/json-schema-traverse cache-miss
633 http fetch GET 200 https://registry.npmjs.org/json-schema-traverse 67ms (cache miss)
634 silly packumentCache full:https://registry.npmjs.org/json-schema-traverse set size:undefined disposed:false
635 silly fetch manifest fast-json-stable-stringify@^2.0.0
636 silly packumentCache full:https://registry.npmjs.org/fast-json-stable-stringify cache-miss
637 http fetch GET 200 https://registry.npmjs.org/uri-js 75ms (cache miss)
638 silly packumentCache full:https://registry.npmjs.org/uri-js set size:undefined disposed:false
639 silly fetch manifest ansi-styles@^4.1.0
640 silly packumentCache full:https://registry.npmjs.org/ansi-styles cache-miss
641 http fetch GET 200 https://registry.npmjs.org/@humanfs%2fcore 238ms (cache miss)
642 silly packumentCache full:https://registry.npmjs.org/@humanfs%2fcore set size:undefined disposed:false
643 silly fetch manifest supports-color@^7.1.0
644 silly packumentCache full:https://registry.npmjs.org/supports-color cache-miss
645 http fetch GET 200 https://registry.npmjs.org/ansi-styles 81ms (cache miss)
646 silly packumentCache full:https://registry.npmjs.org/ansi-styles set size:undefined disposed:false
647 silly fetch manifest which@^2.0.1
648 silly packumentCache full:https://registry.npmjs.org/which cache-miss
649 http fetch GET 200 https://registry.npmjs.org/import-fresh 358ms (cache miss)
650 silly packumentCache full:https://registry.npmjs.org/import-fresh set size:undefined disposed:false
651 silly fetch manifest path-key@^3.1.0
652 silly packumentCache full:https://registry.npmjs.org/path-key cache-miss
653 http fetch GET 200 https://registry.npmjs.org/strip-json-comments 354ms (cache miss)
654 silly packumentCache full:https://registry.npmjs.org/strip-json-comments set size:undefined disposed:false
655 silly fetch manifest shebang-command@^2.0.0
656 silly packumentCache full:https://registry.npmjs.org/shebang-command cache-miss
657 http fetch GET 200 https://registry.npmjs.org/which 107ms (cache miss)
658 silly packumentCache full:https://registry.npmjs.org/which set size:undefined disposed:false
659 silly fetch manifest ms@^2.1.3
660 silly packumentCache full:https://registry.npmjs.org/ms cache-miss
661 http fetch GET 200 https://registry.npmjs.org/supports-color 113ms (cache miss)
662 silly packumentCache full:https://registry.npmjs.org/supports-color set size:undefined disposed:false
663 silly fetch manifest esrecurse@^4.3.0
664 silly packumentCache full:https://registry.npmjs.org/esrecurse cache-miss
665 http fetch GET 200 https://registry.npmjs.org/fast-json-stable-stringify 262ms (cache miss)
666 silly packumentCache full:https://registry.npmjs.org/fast-json-stable-stringify set size:undefined disposed:false
667 silly fetch manifest estraverse@^5.2.0
668 silly packumentCache full:https://registry.npmjs.org/estraverse cache-miss
669 http fetch GET 200 https://registry.npmjs.org/ms 85ms (cache miss)
670 silly packumentCache full:https://registry.npmjs.org/ms set size:undefined disposed:false
671 silly fetch manifest acorn@^8.15.0
672 silly packumentCache full:https://registry.npmjs.org/acorn cache-miss
673 http fetch GET 200 https://registry.npmjs.org/shebang-command 88ms (cache miss)
674 silly packumentCache full:https://registry.npmjs.org/shebang-command set size:undefined disposed:false
675 silly fetch manifest acorn-jsx@^5.3.2
676 silly packumentCache full:https://registry.npmjs.org/acorn-jsx cache-miss
677 http fetch GET 200 https://registry.npmjs.org/esrecurse 100ms (cache miss)
678 silly packumentCache full:https://registry.npmjs.org/esrecurse set size:undefined disposed:false
679 silly fetch manifest estraverse@^5.1.0
680 silly packumentCache full:https://registry.npmjs.org/estraverse cache-miss
681 http fetch GET 200 https://registry.npmjs.org/@eslint%2fobject-schema 472ms (cache miss)
682 silly packumentCache full:https://registry.npmjs.org/@eslint%2fobject-schema set size:undefined disposed:false
683 silly fetch manifest flat-cache@^4.0.0
684 silly packumentCache full:https://registry.npmjs.org/flat-cache cache-miss
685 http fetch GET 200 https://registry.npmjs.org/flat-cache 74ms (cache miss)
686 silly packumentCache full:https://registry.npmjs.org/flat-cache set size:undefined disposed:false
687 silly fetch manifest locate-path@^6.0.0
688 silly packumentCache full:https://registry.npmjs.org/locate-path cache-miss
689 http fetch GET 200 https://registry.npmjs.org/acorn 107ms (cache miss)
690 silly packumentCache full:https://registry.npmjs.org/acorn set size:undefined disposed:false
691 silly fetch manifest path-exists@^4.0.0
692 silly packumentCache full:https://registry.npmjs.org/path-exists cache-miss
693 http fetch GET 200 https://registry.npmjs.org/@humanfs%2ftypes 475ms (cache miss)
694 silly packumentCache full:https://registry.npmjs.org/@humanfs%2ftypes set size:undefined disposed:false
695 silly fetch manifest is-glob@^4.0.3
696 silly packumentCache full:https://registry.npmjs.org/is-glob cache-miss
697 http cache https://registry.npmjs.org/is-glob 2ms (cache hit)
698 silly packumentCache full:https://registry.npmjs.org/is-glob set size:40530 disposed:false
699 silly fetch manifest is-extglob@^2.1.1
700 silly packumentCache full:https://registry.npmjs.org/is-extglob cache-miss
701 http fetch GET 200 https://registry.npmjs.org/path-exists 65ms (cache miss)
702 silly packumentCache full:https://registry.npmjs.org/path-exists set size:undefined disposed:false
703 silly fetch manifest brace-expansion@^1.1.7
704 silly packumentCache full:https://registry.npmjs.org/brace-expansion cache-miss
705 http fetch GET 200 https://registry.npmjs.org/path-key 323ms (cache miss)
706 silly packumentCache full:https://registry.npmjs.org/path-key set size:undefined disposed:false
707 silly fetch manifest prelude-ls@^1.2.1
708 silly packumentCache full:https://registry.npmjs.org/prelude-ls cache-miss
709 http fetch GET 200 https://registry.npmjs.org/brace-expansion 69ms (cache miss)
710 silly packumentCache full:https://registry.npmjs.org/brace-expansion set size:undefined disposed:false
711 silly fetch manifest deep-is@^0.1.3
712 silly packumentCache full:https://registry.npmjs.org/deep-is cache-miss
713 http fetch GET 200 https://registry.npmjs.org/prelude-ls 71ms (cache miss)
714 silly packumentCache full:https://registry.npmjs.org/prelude-ls set size:undefined disposed:false
715 silly fetch manifest word-wrap@^1.2.5
716 silly packumentCache full:https://registry.npmjs.org/word-wrap cache-miss
717 http fetch GET 200 https://registry.npmjs.org/deep-is 62ms (cache miss)
718 silly packumentCache full:https://registry.npmjs.org/deep-is set size:undefined disposed:false
719 silly fetch manifest type-check@^0.4.0
720 silly packumentCache full:https://registry.npmjs.org/type-check cache-miss
721 http fetch GET 200 https://registry.npmjs.org/estraverse 305ms (cache miss)
722 silly packumentCache full:https://registry.npmjs.org/estraverse set size:undefined disposed:false
723 silly fetch manifest fast-levenshtein@^2.0.6
724 silly packumentCache full:https://registry.npmjs.org/fast-levenshtein cache-miss
725 http fetch GET 200 https://registry.npmjs.org/acorn-jsx 322ms (cache miss)
726 silly packumentCache full:https://registry.npmjs.org/acorn-jsx set size:undefined disposed:false
727 http fetch GET 200 https://registry.npmjs.org/estraverse 352ms (cache miss)
728 silly packumentCache full:https://registry.npmjs.org/estraverse set size:undefined disposed:false
729 http fetch GET 200 https://registry.npmjs.org/word-wrap 111ms (cache miss)
730 silly packumentCache full:https://registry.npmjs.org/word-wrap set size:undefined disposed:false
731 http fetch GET 200 https://registry.npmjs.org/type-check 111ms (cache miss)
732 silly packumentCache full:https://registry.npmjs.org/type-check set size:undefined disposed:false
733 http fetch GET 200 https://registry.npmjs.org/locate-path 319ms (cache miss)
734 silly packumentCache full:https://registry.npmjs.org/locate-path set size:undefined disposed:false
735 http fetch GET 200 https://registry.npmjs.org/fast-levenshtein 97ms (cache miss)
736 silly packumentCache full:https://registry.npmjs.org/fast-levenshtein set size:undefined disposed:false
737 http fetch GET 200 https://registry.npmjs.org/is-extglob 299ms (cache miss)
738 silly packumentCache full:https://registry.npmjs.org/is-extglob set size:undefined disposed:false
739 silly placeDep node_modules/@eslint-community/eslint-utils eslint-visitor-keys@3.4.3 OK for: @eslint-community/eslint-utils@4.9.1 want: ^3.4.3
740 silly placeDep ROOT @eslint/object-schema@2.1.7 OK for: @eslint/config-array@0.21.2 want: ^2.1.7
741 silly placeDep ROOT @types/json-schema@7.0.15 OK for: @eslint/core@0.17.0 want: ^7.0.15
742 silly placeDep ROOT globals@14.0.0 OK for: @eslint/eslintrc@3.3.6 want: ^14.0.0
743 silly placeDep ROOT import-fresh@3.3.1 OK for: @eslint/eslintrc@3.3.6 want: ^3.2.1
744 silly placeDep ROOT js-yaml@4.3.0 OK for: @eslint/eslintrc@3.3.6 want: ^4.3.0
745 silly placeDep ROOT strip-json-comments@3.1.1 OK for: @eslint/eslintrc@3.3.6 want: ^3.1.1
746 silly fetch manifest resolve-from@^4.0.0
747 silly packumentCache full:https://registry.npmjs.org/resolve-from cache-miss
748 silly fetch manifest parent-module@^1.0.0
749 silly packumentCache full:https://registry.npmjs.org/parent-module cache-miss
750 silly fetch manifest argparse@^2.0.1
751 silly packumentCache full:https://registry.npmjs.org/argparse cache-miss
752 http fetch GET 200 https://registry.npmjs.org/parent-module 80ms (cache miss)
753 silly packumentCache full:https://registry.npmjs.org/parent-module set size:undefined disposed:false
754 http fetch GET 200 https://registry.npmjs.org/resolve-from 84ms (cache miss)
755 silly packumentCache full:https://registry.npmjs.org/resolve-from set size:undefined disposed:false
756 http fetch GET 200 https://registry.npmjs.org/argparse 332ms (cache miss)
757 silly packumentCache full:https://registry.npmjs.org/argparse set size:undefined disposed:false
758 silly placeDep ROOT levn@0.4.1 OK for: @eslint/plugin-kit@0.4.1 want: ^0.4.1
759 silly fetch manifest type-check@~0.4.0
760 silly packumentCache full:https://registry.npmjs.org/type-check cache-miss
761 http cache https://registry.npmjs.org/type-check 1ms (cache hit)
762 silly packumentCache full:https://registry.npmjs.org/type-check set size:21221 disposed:false
763 silly placeDep ROOT @humanfs/core@0.19.2 OK for: @humanfs/node@0.16.8 want: ^0.19.2
764 silly placeDep ROOT @humanfs/types@0.15.0 OK for: @humanfs/node@0.16.8 want: ^0.15.0
765 silly placeDep ROOT fast-json-stable-stringify@2.1.0 OK for: ajv@6.15.0 want: ^2.0.0
766 silly placeDep ROOT json-schema-traverse@0.4.1 OK for: ajv@6.15.0 want: ^0.4.1
767 silly placeDep ROOT uri-js@4.4.1 OK for: ajv@6.15.0 want: ^4.2.2
768 silly fetch manifest punycode@^2.1.0
769 silly packumentCache full:https://registry.npmjs.org/punycode cache-miss
770 http fetch GET 200 https://registry.npmjs.org/punycode 78ms (cache miss)
771 silly packumentCache full:https://registry.npmjs.org/punycode set size:undefined disposed:false
772 silly placeDep ROOT ansi-styles@4.3.0 OK for: chalk@4.1.2 want: ^4.1.0
773 silly placeDep ROOT supports-color@7.2.0 OK for: chalk@4.1.2 want: ^7.1.0
774 silly fetch manifest color-convert@^2.0.1
775 silly packumentCache full:https://registry.npmjs.org/color-convert cache-miss
776 silly fetch manifest has-flag@^4.0.0
777 silly packumentCache full:https://registry.npmjs.org/has-flag cache-miss
778 http fetch GET 200 https://registry.npmjs.org/has-flag 67ms (cache miss)
779 silly packumentCache full:https://registry.npmjs.org/has-flag set size:undefined disposed:false
780 http fetch GET 200 https://registry.npmjs.org/color-convert 85ms (cache miss)
781 silly packumentCache full:https://registry.npmjs.org/color-convert set size:undefined disposed:false
782 silly placeDep ROOT color-convert@2.0.1 OK for: ansi-styles@4.3.0 want: ^2.0.1
783 silly fetch manifest color-name@~1.1.4
784 silly packumentCache full:https://registry.npmjs.org/color-name cache-miss
785 http fetch GET 200 https://registry.npmjs.org/color-name 70ms (cache miss)
786 silly packumentCache full:https://registry.npmjs.org/color-name set size:undefined disposed:false
787 silly placeDep ROOT color-name@1.1.4 OK for: color-convert@2.0.1 want: ~1.1.4
788 silly placeDep ROOT path-key@3.1.1 OK for: cross-spawn@7.0.6 want: ^3.1.0
789 silly placeDep ROOT shebang-command@2.0.0 OK for: cross-spawn@7.0.6 want: ^2.0.0
790 silly placeDep ROOT which@2.0.2 OK for: cross-spawn@7.0.6 want: ^2.0.1
791 silly fetch manifest shebang-regex@^3.0.0
792 silly packumentCache full:https://registry.npmjs.org/shebang-regex cache-miss
793 silly fetch manifest isexe@^2.0.0
794 silly packumentCache full:https://registry.npmjs.org/isexe cache-miss
795 http fetch GET 200 https://registry.npmjs.org/shebang-regex 80ms (cache miss)
796 silly packumentCache full:https://registry.npmjs.org/shebang-regex set size:undefined disposed:false
797 http fetch GET 200 https://registry.npmjs.org/isexe 82ms (cache miss)
798 silly packumentCache full:https://registry.npmjs.org/isexe set size:undefined disposed:false
799 silly placeDep ROOT ms@2.1.3 OK for: debug@4.4.3 want: ^2.1.3
800 silly fetch manifest eslint@>=9.0.0
801 silly packumentCache full:https://registry.npmjs.org/eslint cache-miss
802 http cache https://registry.npmjs.org/eslint 5ms (cache hit)
803 silly packumentCache full:https://registry.npmjs.org/eslint set size:2033084 disposed:false
804 silly fetch manifest typescript@>=3.3.1
805 silly packumentCache full:https://registry.npmjs.org/typescript cache-miss
806 http cache https://registry.npmjs.org/typescript 21ms (cache hit)
807 silly packumentCache full:https://registry.npmjs.org/typescript set size:15427890 disposed:false
808 silly fetch manifest typescript@>=4.8.4 <6.1.0
809 silly packumentCache full:https://registry.npmjs.org/typescript cache-miss
810 http cache https://registry.npmjs.org/typescript 17ms (cache hit)
811 silly packumentCache full:https://registry.npmjs.org/typescript set size:15427890 disposed:false
812 silly fetch manifest eslint@^3 || ^4 || ^5 || ^6 || ^7 || ^8 || ^9.7
813 silly packumentCache full:https://registry.npmjs.org/eslint cache-miss
814 http cache https://registry.npmjs.org/eslint 5ms (cache hit)
815 silly packumentCache full:https://registry.npmjs.org/eslint set size:2033084 disposed:false
816 silly fetch manifest eslint@^2 || ^3 || ^4 || ^5 || ^6 || ^7.2.0 || ^8 || ^9
817 silly packumentCache full:https://registry.npmjs.org/eslint cache-miss
818 http cache https://registry.npmjs.org/eslint 6ms (cache hit)
819 silly packumentCache full:https://registry.npmjs.org/eslint set size:2033084 disposed:false
820 silly fetch manifest eslint@^3 || ^4 || ^5 || ^6 || ^7 || ^8 || ^9
821 silly packumentCache full:https://registry.npmjs.org/eslint cache-miss
822 http cache https://registry.npmjs.org/eslint 3ms (cache hit)
823 silly packumentCache full:https://registry.npmjs.org/eslint set size:2033084 disposed:false
824 silly fetch manifest eslint-plugin-import-x@*
825 silly packumentCache full:https://registry.npmjs.org/eslint-plugin-import-x cache-miss
826 http fetch GET 200 https://registry.npmjs.org/eslint-plugin-import-x 102ms (cache miss)
827 silly packumentCache full:https://registry.npmjs.org/eslint-plugin-import-x set size:undefined disposed:false
828 silly fetch manifest @typescript-eslint/utils@^8.56.0
829 silly packumentCache full:https://registry.npmjs.org/@typescript-eslint%2futils cache-miss
830 http fetch GET 200 https://registry.npmjs.org/@typescript-eslint%2futils 799ms (cache miss)
831 silly packumentCache full:https://registry.npmjs.org/@typescript-eslint%2futils set size:undefined disposed:false
832 silly placeDep ROOT @next/eslint-plugin-next@16.2.10 OK for: eslint-config-next@16.2.10 want: 16.2.10
833 silly placeDep ROOT eslint-import-resolver-node@0.3.10 OK for: eslint-config-next@16.2.10 want: ^0.3.6
834 silly placeDep ROOT eslint-import-resolver-typescript@3.10.1 OK for: eslint-config-next@16.2.10 want: ^3.5.2
835 silly placeDep ROOT eslint-plugin-import@2.32.0 OK for: eslint-config-next@16.2.10 want: ^2.32.0
836 silly placeDep ROOT eslint-plugin-jsx-a11y@6.10.2 OK for: eslint-config-next@16.2.10 want: ^6.10.0
837 silly placeDep ROOT eslint-plugin-react@7.37.5 OK for: eslint-config-next@16.2.10 want: ^7.37.0
838 silly placeDep ROOT eslint-plugin-react-hooks@7.1.1 OK for: eslint-config-next@16.2.10 want: ^7.0.0
839 silly placeDep node_modules/eslint-config-next globals@16.4.0 OK for: eslint-config-next@16.2.10 want: 16.4.0
840 silly placeDep ROOT typescript-eslint@8.63.0 OK for: eslint-config-next@16.2.10 want: ^8.46.0
841 silly fetch manifest fast-glob@3.3.1
842 silly packumentCache full:https://registry.npmjs.org/fast-glob cache-miss
843 silly fetch manifest debug@^3.2.7
844 silly packumentCache full:https://registry.npmjs.org/debug cache-hit
845 silly fetch manifest resolve@^2.0.0-next.6
846 silly packumentCache full:https://registry.npmjs.org/resolve cache-miss
847 silly fetch manifest is-core-module@^2.16.1
848 silly packumentCache full:https://registry.npmjs.org/is-core-module cache-miss
849 silly fetch manifest tinyglobby@^0.2.13
850 silly packumentCache full:https://registry.npmjs.org/tinyglobby cache-miss
851 silly fetch manifest stable-hash@^0.0.5
852 silly packumentCache full:https://registry.npmjs.org/stable-hash cache-miss
853 silly fetch manifest get-tsconfig@^4.10.0
854 silly packumentCache full:https://registry.npmjs.org/get-tsconfig cache-miss
855 silly fetch manifest is-bun-module@^2.0.0
856 silly packumentCache full:https://registry.npmjs.org/is-bun-module cache-miss
857 http fetch GET 200 https://registry.npmjs.org/fast-glob 215ms (cache miss)
858 silly packumentCache full:https://registry.npmjs.org/fast-glob set size:undefined disposed:false
859 silly fetch manifest unrs-resolver@^1.6.2
860 silly packumentCache full:https://registry.npmjs.org/unrs-resolver cache-miss
861 http fetch GET 200 https://registry.npmjs.org/stable-hash 217ms (cache miss)
862 silly packumentCache full:https://registry.npmjs.org/stable-hash set size:undefined disposed:false
863 silly fetch manifest @nolyfill/is-core-module@1.0.39
864 silly packumentCache full:https://registry.npmjs.org/@nolyfill%2fis-core-module cache-miss
865 http fetch GET 200 https://registry.npmjs.org/is-core-module 219ms (cache miss)
866 silly packumentCache full:https://registry.npmjs.org/is-core-module set size:undefined disposed:false
867 silly fetch manifest @rtsao/scc@^1.1.0
868 silly packumentCache full:https://registry.npmjs.org/@rtsao%2fscc cache-miss
869 http fetch GET 200 https://registry.npmjs.org/is-bun-module 220ms (cache miss)
870 silly packumentCache full:https://registry.npmjs.org/is-bun-module set size:undefined disposed:false
871 silly fetch manifest array-includes@^3.1.9
872 silly packumentCache full:https://registry.npmjs.org/array-includes cache-miss
873 http fetch GET 200 https://registry.npmjs.org/tinyglobby 224ms (cache miss)
874 silly packumentCache full:https://registry.npmjs.org/tinyglobby set size:undefined disposed:false
875 silly fetch manifest array.prototype.findlastindex@^1.2.6
876 silly packumentCache full:https://registry.npmjs.org/array.prototype.findlastindex cache-miss
877 http fetch GET 200 https://registry.npmjs.org/get-tsconfig 235ms (cache miss)
878 silly packumentCache full:https://registry.npmjs.org/get-tsconfig set size:undefined disposed:false
879 silly fetch manifest array.prototype.flat@^1.3.3
880 silly packumentCache full:https://registry.npmjs.org/array.prototype.flat cache-miss
881 http fetch GET 200 https://registry.npmjs.org/unrs-resolver 72ms (cache miss)
882 silly packumentCache full:https://registry.npmjs.org/unrs-resolver set size:undefined disposed:false
883 silly fetch manifest array.prototype.flatmap@^1.3.3
884 silly packumentCache full:https://registry.npmjs.org/array.prototype.flatmap cache-miss
885 http fetch GET 200 https://registry.npmjs.org/array.prototype.findlastindex 69ms (cache miss)
886 silly packumentCache full:https://registry.npmjs.org/array.prototype.findlastindex set size:undefined disposed:false
887 silly fetch manifest doctrine@^2.1.0
888 silly packumentCache full:https://registry.npmjs.org/doctrine cache-miss
889 http fetch GET 200 https://registry.npmjs.org/array-includes 74ms (cache miss)
890 silly packumentCache full:https://registry.npmjs.org/array-includes set size:undefined disposed:false
891 silly fetch manifest eslint-module-utils@^2.12.1
892 silly packumentCache full:https://registry.npmjs.org/eslint-module-utils cache-miss
893 http fetch GET 200 https://registry.npmjs.org/array.prototype.flat 89ms (cache miss)
894 silly packumentCache full:https://registry.npmjs.org/array.prototype.flat set size:undefined disposed:false
895 silly fetch manifest hasown@^2.0.2
896 silly packumentCache full:https://registry.npmjs.org/hasown cache-miss
897 http fetch GET 200 https://registry.npmjs.org/array.prototype.flatmap 66ms (cache miss)
898 silly packumentCache full:https://registry.npmjs.org/array.prototype.flatmap set size:undefined disposed:false
899 silly fetch manifest object.fromentries@^2.0.8
900 silly packumentCache full:https://registry.npmjs.org/object.fromentries cache-miss
901 http fetch GET 200 https://registry.npmjs.org/doctrine 66ms (cache miss)
902 silly packumentCache full:https://registry.npmjs.org/doctrine set size:undefined disposed:false
903 silly fetch manifest object.groupby@^1.0.3
904 silly packumentCache full:https://registry.npmjs.org/object.groupby cache-miss
905 http fetch GET 200 https://registry.npmjs.org/eslint-module-utils 75ms (cache miss)
906 silly packumentCache full:https://registry.npmjs.org/eslint-module-utils set size:undefined disposed:false
907 silly fetch manifest object.values@^1.2.1
908 silly packumentCache full:https://registry.npmjs.org/object.values cache-miss
909 http fetch GET 200 https://registry.npmjs.org/hasown 72ms (cache miss)
910 silly packumentCache full:https://registry.npmjs.org/hasown set size:undefined disposed:false
911 silly fetch manifest semver@^6.3.1
912 silly packumentCache full:https://registry.npmjs.org/semver cache-miss
913 http fetch GET 200 https://registry.npmjs.org/object.groupby 70ms (cache miss)
914 silly packumentCache full:https://registry.npmjs.org/object.groupby set size:undefined disposed:false
915 silly fetch manifest string.prototype.trimend@^1.0.9
916 silly packumentCache full:https://registry.npmjs.org/string.prototype.trimend cache-miss
917 http fetch GET 200 https://registry.npmjs.org/object.values 62ms (cache miss)
918 silly packumentCache full:https://registry.npmjs.org/object.values set size:undefined disposed:false
919 silly fetch manifest tsconfig-paths@^3.15.0
920 silly packumentCache full:https://registry.npmjs.org/tsconfig-paths cache-miss
921 http fetch GET 200 https://registry.npmjs.org/@rtsao%2fscc 224ms (cache miss)
922 silly packumentCache full:https://registry.npmjs.org/@rtsao%2fscc set size:undefined disposed:false
923 silly fetch manifest aria-query@^5.3.2
924 silly packumentCache full:https://registry.npmjs.org/aria-query cache-miss
925 http fetch GET 200 https://registry.npmjs.org/@nolyfill%2fis-core-module 233ms (cache miss)
926 silly packumentCache full:https://registry.npmjs.org/@nolyfill%2fis-core-module set size:undefined disposed:false
927 silly fetch manifest array-includes@^3.1.8
928 silly packumentCache full:https://registry.npmjs.org/array-includes cache-miss
929 http cache https://registry.npmjs.org/array-includes 3ms (cache hit)
930 silly packumentCache full:https://registry.npmjs.org/array-includes set size:77143 disposed:false
931 silly fetch manifest array.prototype.flatmap@^1.3.2
932 silly packumentCache full:https://registry.npmjs.org/array.prototype.flatmap cache-miss
933 http cache https://registry.npmjs.org/array.prototype.flatmap 1ms (cache hit)
934 silly packumentCache full:https://registry.npmjs.org/array.prototype.flatmap set size:51458 disposed:false
935 silly fetch manifest ast-types-flow@^0.0.8
936 silly packumentCache full:https://registry.npmjs.org/ast-types-flow cache-miss
937 http fetch GET 200 https://registry.npmjs.org/resolve 471ms (cache miss)
938 silly packumentCache full:https://registry.npmjs.org/resolve set size:undefined disposed:false
939 silly fetch manifest axe-core@^4.10.0
940 silly packumentCache full:https://registry.npmjs.org/axe-core cache-miss
941 http fetch GET 200 https://registry.npmjs.org/semver 127ms (cache miss)
942 silly packumentCache full:https://registry.npmjs.org/semver set size:undefined disposed:false
943 silly fetch manifest axobject-query@^4.1.0
944 silly packumentCache full:https://registry.npmjs.org/axobject-query cache-miss
945 http fetch GET 200 https://registry.npmjs.org/ast-types-flow 126ms (cache miss)
946 silly packumentCache full:https://registry.npmjs.org/ast-types-flow set size:undefined disposed:false
947 silly fetch manifest damerau-levenshtein@^1.0.8
948 silly packumentCache full:https://registry.npmjs.org/damerau-levenshtein cache-miss
949 http fetch GET 200 https://registry.npmjs.org/string.prototype.trimend 153ms (cache miss)
950 silly packumentCache full:https://registry.npmjs.org/string.prototype.trimend set size:undefined disposed:false
951 silly fetch manifest emoji-regex@^9.2.2
952 silly packumentCache full:https://registry.npmjs.org/emoji-regex cache-miss
953 http fetch GET 200 https://registry.npmjs.org/object.fromentries 254ms (cache miss)
954 silly packumentCache full:https://registry.npmjs.org/object.fromentries set size:undefined disposed:false
955 silly fetch manifest jsx-ast-utils@^3.3.5
956 silly packumentCache full:https://registry.npmjs.org/jsx-ast-utils cache-miss
957 http fetch GET 200 https://registry.npmjs.org/axobject-query 87ms (cache miss)
958 silly packumentCache full:https://registry.npmjs.org/axobject-query set size:undefined disposed:false
959 silly fetch manifest language-tags@^1.0.9
960 silly packumentCache full:https://registry.npmjs.org/language-tags cache-miss
961 http fetch GET 200 https://registry.npmjs.org/damerau-levenshtein 61ms (cache miss)
962 silly packumentCache full:https://registry.npmjs.org/damerau-levenshtein set size:undefined disposed:false
963 silly fetch manifest safe-regex-test@^1.0.3
964 silly packumentCache full:https://registry.npmjs.org/safe-regex-test cache-miss
965 http fetch GET 200 https://registry.npmjs.org/emoji-regex 77ms (cache miss)
966 silly packumentCache full:https://registry.npmjs.org/emoji-regex set size:undefined disposed:false
967 silly fetch manifest string.prototype.includes@^2.0.1
968 silly packumentCache full:https://registry.npmjs.org/string.prototype.includes cache-miss
969 http fetch GET 200 https://registry.npmjs.org/language-tags 70ms (cache miss)
970 silly packumentCache full:https://registry.npmjs.org/language-tags set size:undefined disposed:false
971 silly fetch manifest array.prototype.findlast@^1.2.5
972 silly packumentCache full:https://registry.npmjs.org/array.prototype.findlast cache-miss
973 http fetch GET 200 https://registry.npmjs.org/safe-regex-test 66ms (cache miss)
974 silly packumentCache full:https://registry.npmjs.org/safe-regex-test set size:undefined disposed:false
975 silly fetch manifest array.prototype.tosorted@^1.1.4
976 silly packumentCache full:https://registry.npmjs.org/array.prototype.tosorted cache-miss
977 http fetch GET 200 https://registry.npmjs.org/string.prototype.includes 76ms (cache miss)
978 silly packumentCache full:https://registry.npmjs.org/string.prototype.includes set size:undefined disposed:false
979 silly fetch manifest es-iterator-helpers@^1.2.1
980 silly packumentCache full:https://registry.npmjs.org/es-iterator-helpers cache-miss
981 http fetch GET 200 https://registry.npmjs.org/array.prototype.tosorted 78ms (cache miss)
982 silly packumentCache full:https://registry.npmjs.org/array.prototype.tosorted set size:undefined disposed:false
983 silly fetch manifest estraverse@^5.3.0
984 silly packumentCache full:https://registry.npmjs.org/estraverse cache-miss
985 http cache https://registry.npmjs.org/estraverse 5ms (cache hit)
986 silly packumentCache full:https://registry.npmjs.org/estraverse set size:62412 disposed:false
987 silly fetch manifest jsx-ast-utils@^2.4.1 || ^3.0.0
988 silly packumentCache full:https://registry.npmjs.org/jsx-ast-utils cache-miss
989 http fetch GET 200 https://registry.npmjs.org/es-iterator-helpers 82ms (cache miss)
990 silly packumentCache full:https://registry.npmjs.org/es-iterator-helpers set size:undefined disposed:false
991 silly fetch manifest object.entries@^1.1.9
992 silly packumentCache full:https://registry.npmjs.org/object.entries cache-miss
993 http fetch GET 200 https://registry.npmjs.org/aria-query 393ms (cache miss)
994 silly packumentCache full:https://registry.npmjs.org/aria-query set size:undefined disposed:false
995 silly fetch manifest prop-types@^15.8.1
996 silly packumentCache full:https://registry.npmjs.org/prop-types cache-miss
997 http fetch GET 200 https://registry.npmjs.org/tsconfig-paths 404ms (cache miss)
998 silly packumentCache full:https://registry.npmjs.org/tsconfig-paths set size:undefined disposed:false
999 silly fetch manifest resolve@^2.0.0-next.5
1000 silly packumentCache full:https://registry.npmjs.org/resolve cache-miss
1001 http cache https://registry.npmjs.org/resolve 1ms (cache hit)
1002 silly packumentCache full:https://registry.npmjs.org/resolve set size:244568 disposed:false
1003 silly fetch manifest string.prototype.matchall@^4.0.12
1004 silly packumentCache full:https://registry.npmjs.org/string.prototype.matchall cache-miss
1005 http fetch GET 200 https://registry.npmjs.org/object.entries 74ms (cache miss)
1006 silly packumentCache full:https://registry.npmjs.org/object.entries set size:undefined disposed:false
1007 silly fetch manifest string.prototype.repeat@^1.0.0
1008 silly packumentCache full:https://registry.npmjs.org/string.prototype.repeat cache-miss
1009 http fetch GET 200 https://registry.npmjs.org/string.prototype.matchall 79ms (cache miss)
1010 silly packumentCache full:https://registry.npmjs.org/string.prototype.matchall set size:undefined disposed:false
1011 silly fetch manifest zod@^3.25.0 || ^4.0.0
1012 silly packumentCache full:https://registry.npmjs.org/zod cache-miss
1013 http fetch GET 200 https://registry.npmjs.org/prop-types 86ms (cache miss)
1014 silly packumentCache full:https://registry.npmjs.org/prop-types set size:undefined disposed:false
1015 silly fetch manifest @babel/core@^7.24.4
1016 silly packumentCache full:https://registry.npmjs.org/@babel%2fcore cache-miss
1017 http fetch GET 200 https://registry.npmjs.org/jsx-ast-utils 318ms (cache miss)
1018 silly packumentCache full:https://registry.npmjs.org/jsx-ast-utils set size:undefined disposed:false
1019 silly fetch manifest @babel/parser@^7.24.4
1020 silly packumentCache full:https://registry.npmjs.org/@babel%2fparser cache-miss
1021 http fetch GET 200 https://registry.npmjs.org/jsx-ast-utils 138ms (cache miss)
1022 silly packumentCache full:https://registry.npmjs.org/jsx-ast-utils set size:undefined disposed:false
1023 silly fetch manifest hermes-parser@^0.25.1
1024 silly packumentCache full:https://registry.npmjs.org/hermes-parser cache-miss
1025 http fetch GET 200 https://registry.npmjs.org/array.prototype.findlast 272ms (cache miss)
1026 silly packumentCache full:https://registry.npmjs.org/array.prototype.findlast set size:undefined disposed:false
1027 silly fetch manifest zod-validation-error@^3.5.0 || ^4.0.0
1028 silly packumentCache full:https://registry.npmjs.org/zod-validation-error cache-miss
1029 http fetch GET 200 https://registry.npmjs.org/string.prototype.repeat 65ms (cache miss)
1030 silly packumentCache full:https://registry.npmjs.org/string.prototype.repeat set size:undefined disposed:false
1031 silly fetch manifest @typescript-eslint/utils@8.63.0
1032 silly packumentCache full:https://registry.npmjs.org/@typescript-eslint%2futils cache-miss
1033 http cache https://registry.npmjs.org/@typescript-eslint%2futils 10ms (cache hit)
1034 silly packumentCache full:https://registry.npmjs.org/@typescript-eslint%2futils set size:10434655 disposed:false
1035 silly fetch manifest @typescript-eslint/parser@8.63.0
1036 silly packumentCache full:https://registry.npmjs.org/@typescript-eslint%2fparser cache-miss
1037 http fetch GET 200 https://registry.npmjs.org/zod-validation-error 140ms (cache miss)
1038 silly packumentCache full:https://registry.npmjs.org/zod-validation-error set size:undefined disposed:false
1039 silly fetch manifest @typescript-eslint/eslint-plugin@8.63.0
1040 silly packumentCache full:https://registry.npmjs.org/@typescript-eslint%2feslint-plugin cache-miss
1041 http fetch GET 200 https://registry.npmjs.org/@babel%2fcore 186ms (cache miss)
1042 silly packumentCache full:https://registry.npmjs.org/@babel%2fcore set size:undefined disposed:false
1043 silly fetch manifest @typescript-eslint/typescript-estree@8.63.0
1044 silly packumentCache full:https://registry.npmjs.org/@typescript-eslint%2ftypescript-estree cache-miss
1045 http fetch GET 200 https://registry.npmjs.org/axe-core 719ms (cache miss)
1046 silly packumentCache full:https://registry.npmjs.org/axe-core set size:undefined disposed:false
1047 http fetch GET 200 https://registry.npmjs.org/zod 293ms (cache miss)
1048 silly packumentCache full:https://registry.npmjs.org/zod set size:undefined disposed:false
1049 http fetch GET 200 https://registry.npmjs.org/hermes-parser 311ms (cache miss)
1050 silly packumentCache full:https://registry.npmjs.org/hermes-parser set size:undefined disposed:false
1051 http fetch GET 200 https://registry.npmjs.org/@babel%2fparser 386ms (cache miss)
1052 silly packumentCache full:https://registry.npmjs.org/@babel%2fparser set size:undefined disposed:false
1053 http fetch GET 200 https://registry.npmjs.org/@typescript-eslint%2fparser 1305ms (cache miss)
1054 silly packumentCache full:https://registry.npmjs.org/@typescript-eslint%2fparser set size:undefined disposed:false
1055 http fetch GET 200 https://registry.npmjs.org/@typescript-eslint%2ftypescript-estree 2859ms (cache miss)
1056 silly packumentCache full:https://registry.npmjs.org/@typescript-eslint%2ftypescript-estree set size:undefined disposed:false
1057 http fetch GET 200 https://registry.npmjs.org/@typescript-eslint%2feslint-plugin 3321ms (cache miss)
1058 silly packumentCache full:https://registry.npmjs.org/@typescript-eslint%2feslint-plugin set size:undefined disposed:false
1059 silly placeDep ROOT fast-glob@3.3.1 OK for: @next/eslint-plugin-next@16.2.10 want: 3.3.1
1060 silly fetch manifest merge2@^1.3.0
1061 silly packumentCache full:https://registry.npmjs.org/merge2 cache-miss
1062 silly fetch manifest micromatch@^4.0.4
1063 silly packumentCache full:https://registry.npmjs.org/micromatch cache-miss
1064 silly fetch manifest glob-parent@^5.1.2
1065 silly packumentCache full:https://registry.npmjs.org/glob-parent cache-miss
1066 silly fetch manifest @nodelib/fs.stat@^2.0.2
1067 silly packumentCache full:https://registry.npmjs.org/@nodelib%2ffs.stat cache-miss
1068 silly fetch manifest @nodelib/fs.walk@^1.2.3
1069 silly packumentCache full:https://registry.npmjs.org/@nodelib%2ffs.walk cache-miss
1070 http cache https://registry.npmjs.org/glob-parent 3ms (cache hit)
1071 silly packumentCache full:https://registry.npmjs.org/glob-parent set size:42445 disposed:false
1072 http fetch GET 200 https://registry.npmjs.org/micromatch 92ms (cache miss)
1073 silly packumentCache full:https://registry.npmjs.org/micromatch set size:undefined disposed:false
1074 http fetch GET 200 https://registry.npmjs.org/@nodelib%2ffs.stat 250ms (cache miss)
1075 silly packumentCache full:https://registry.npmjs.org/@nodelib%2ffs.stat set size:undefined disposed:false
1076 http fetch GET 200 https://registry.npmjs.org/@nodelib%2ffs.walk 261ms (cache miss)
1077 silly packumentCache full:https://registry.npmjs.org/@nodelib%2ffs.walk set size:undefined disposed:false
1078 http fetch GET 200 https://registry.npmjs.org/merge2 343ms (cache miss)
1079 silly packumentCache full:https://registry.npmjs.org/merge2 set size:undefined disposed:false
1080 silly placeDep node_modules/eslint-import-resolver-node debug@3.2.7 OK for: eslint-import-resolver-node@0.3.10 want: ^3.2.7
1081 silly placeDep ROOT is-core-module@2.16.2 OK for: eslint-import-resolver-node@0.3.10 want: ^2.16.1
1082 silly placeDep ROOT resolve@2.0.0-next.7 OK for: eslint-import-resolver-node@0.3.10 want: ^2.0.0-next.6
1083 silly fetch manifest hasown@^2.0.3
1084 silly packumentCache full:https://registry.npmjs.org/hasown cache-miss
1085 silly fetch manifest es-errors@^1.3.0
1086 silly packumentCache full:https://registry.npmjs.org/es-errors cache-miss
1087 silly fetch manifest node-exports-info@^1.6.0
1088 silly packumentCache full:https://registry.npmjs.org/node-exports-info cache-miss
1089 silly fetch manifest object-keys@^1.1.1
1090 silly packumentCache full:https://registry.npmjs.org/object-keys cache-miss
1091 silly fetch manifest path-parse@^1.0.7
1092 silly packumentCache full:https://registry.npmjs.org/path-parse cache-miss
1093 silly fetch manifest supports-preserve-symlinks-flag@^1.0.0
1094 silly packumentCache full:https://registry.npmjs.org/supports-preserve-symlinks-flag cache-miss
1095 http cache https://registry.npmjs.org/hasown 3ms (cache hit)
1096 silly packumentCache full:https://registry.npmjs.org/hasown set size:18361 disposed:false
1097 http fetch GET 200 https://registry.npmjs.org/supports-preserve-symlinks-flag 82ms (cache miss)
1098 silly packumentCache full:https://registry.npmjs.org/supports-preserve-symlinks-flag set size:undefined disposed:false
1099 http fetch GET 200 https://registry.npmjs.org/path-parse 82ms (cache miss)
1100 silly packumentCache full:https://registry.npmjs.org/path-parse set size:undefined disposed:false
1101 http fetch GET 200 https://registry.npmjs.org/object-keys 82ms (cache miss)
1102 silly packumentCache full:https://registry.npmjs.org/object-keys set size:undefined disposed:false
1103 http fetch GET 200 https://registry.npmjs.org/es-errors 83ms (cache miss)
1104 silly packumentCache full:https://registry.npmjs.org/es-errors set size:undefined disposed:false
1105 http fetch GET 200 https://registry.npmjs.org/node-exports-info 83ms (cache miss)
1106 silly packumentCache full:https://registry.npmjs.org/node-exports-info set size:undefined disposed:false
1107 silly placeDep ROOT @nolyfill/is-core-module@1.0.39 OK for: eslint-import-resolver-typescript@3.10.1 want: 1.0.39
1108 silly placeDep ROOT get-tsconfig@4.14.0 OK for: eslint-import-resolver-typescript@3.10.1 want: ^4.10.0
1109 silly placeDep ROOT is-bun-module@2.0.0 OK for: eslint-import-resolver-typescript@3.10.1 want: ^2.0.0
1110 silly placeDep ROOT stable-hash@0.0.5 OK for: eslint-import-resolver-typescript@3.10.1 want: ^0.0.5
1111 silly placeDep ROOT tinyglobby@0.2.17 OK for: eslint-import-resolver-typescript@3.10.1 want: ^0.2.13
1112 silly placeDep ROOT unrs-resolver@1.12.2 OK for: eslint-import-resolver-typescript@3.10.1 want: ^1.6.2
1113 silly fetch manifest resolve-pkg-maps@^1.0.0
1114 silly packumentCache full:https://registry.npmjs.org/resolve-pkg-maps cache-miss
1115 silly fetch manifest semver@^7.7.1
1116 silly packumentCache full:https://registry.npmjs.org/semver cache-miss
1117 silly fetch manifest fdir@^6.5.0
1118 silly packumentCache full:https://registry.npmjs.org/fdir cache-miss
1119 silly fetch manifest picomatch@^4.0.4
1120 silly packumentCache full:https://registry.npmjs.org/picomatch cache-miss
1121 silly fetch manifest napi-postinstall@^0.3.4
1122 silly packumentCache full:https://registry.npmjs.org/napi-postinstall cache-miss
1123 silly fetch manifest @unrs/resolver-binding-darwin-arm64@1.12.2
1124 silly packumentCache full:https://registry.npmjs.org/@unrs%2fresolver-binding-darwin-arm64 cache-miss
1125 silly fetch manifest @unrs/resolver-binding-android-arm64@1.12.2
1126 silly packumentCache full:https://registry.npmjs.org/@unrs%2fresolver-binding-android-arm64 cache-miss
1127 http cache https://registry.npmjs.org/semver 3ms (cache hit)
1128 silly packumentCache full:https://registry.npmjs.org/semver set size:246069 disposed:false
1129 silly fetch manifest @unrs/resolver-binding-win32-arm64-msvc@1.12.2
1130 silly packumentCache full:https://registry.npmjs.org/@unrs%2fresolver-binding-win32-arm64-msvc cache-miss
1131 http fetch GET 200 https://registry.npmjs.org/resolve-pkg-maps 68ms (cache miss)
1132 silly packumentCache full:https://registry.npmjs.org/resolve-pkg-maps set size:undefined disposed:false
1133 silly fetch manifest @unrs/resolver-binding-linux-arm64-gnu@1.12.2
1134 silly packumentCache full:https://registry.npmjs.org/@unrs%2fresolver-binding-linux-arm64-gnu cache-miss
1135 http fetch GET 200 https://registry.npmjs.org/napi-postinstall 74ms (cache miss)
1136 silly packumentCache full:https://registry.npmjs.org/napi-postinstall set size:undefined disposed:false
1137 silly fetch manifest @unrs/resolver-binding-linux-arm64-musl@1.12.2
1138 silly packumentCache full:https://registry.npmjs.org/@unrs%2fresolver-binding-linux-arm64-musl cache-miss
1139 http fetch GET 200 https://registry.npmjs.org/fdir 80ms (cache miss)
1140 silly packumentCache full:https://registry.npmjs.org/fdir set size:undefined disposed:false
1141 silly fetch manifest @unrs/resolver-binding-openharmony-arm64@1.12.2
1142 silly packumentCache full:https://registry.npmjs.org/@unrs%2fresolver-binding-openharmony-arm64 cache-miss
1143 http fetch GET 200 https://registry.npmjs.org/@unrs%2fresolver-binding-android-arm64 246ms (cache miss)
1144 silly packumentCache full:https://registry.npmjs.org/@unrs%2fresolver-binding-android-arm64 set size:undefined disposed:false
1145 silly fetch manifest @unrs/resolver-binding-android-arm-eabi@1.12.2
1146 silly packumentCache full:https://registry.npmjs.org/@unrs%2fresolver-binding-android-arm-eabi cache-miss
1147 http fetch GET 200 https://registry.npmjs.org/@unrs%2fresolver-binding-win32-arm64-msvc 244ms (cache miss)
1148 silly packumentCache full:https://registry.npmjs.org/@unrs%2fresolver-binding-win32-arm64-msvc set size:undefined disposed:false
1149 silly fetch manifest @unrs/resolver-binding-linux-arm-gnueabihf@1.12.2
1150 silly packumentCache full:https://registry.npmjs.org/@unrs%2fresolver-binding-linux-arm-gnueabihf cache-miss
1151 http fetch GET 200 https://registry.npmjs.org/@unrs%2fresolver-binding-openharmony-arm64 237ms (cache miss)
1152 silly packumentCache full:https://registry.npmjs.org/@unrs%2fresolver-binding-openharmony-arm64 set size:undefined disposed:false
1153 silly fetch manifest @unrs/resolver-binding-linux-arm-musleabihf@1.12.2
1154 silly packumentCache full:https://registry.npmjs.org/@unrs%2fresolver-binding-linux-arm-musleabihf cache-miss
1155 http fetch GET 200 https://registry.npmjs.org/@unrs%2fresolver-binding-linux-arm64-gnu 252ms (cache miss)
1156 silly packumentCache full:https://registry.npmjs.org/@unrs%2fresolver-binding-linux-arm64-gnu set size:undefined disposed:false
1157 silly fetch manifest @unrs/resolver-binding-win32-ia32-msvc@1.12.2
1158 silly packumentCache full:https://registry.npmjs.org/@unrs%2fresolver-binding-win32-ia32-msvc cache-miss
1159 http fetch GET 200 https://registry.npmjs.org/picomatch 348ms (cache miss)
1160 silly packumentCache full:https://registry.npmjs.org/picomatch set size:undefined disposed:false
1161 silly fetch manifest @unrs/resolver-binding-linux-loong64-gnu@1.12.2
1162 silly packumentCache full:https://registry.npmjs.org/@unrs%2fresolver-binding-linux-loong64-gnu cache-miss
1163 http fetch GET 200 https://registry.npmjs.org/@unrs%2fresolver-binding-linux-arm-gnueabihf 232ms (cache miss)
1164 silly packumentCache full:https://registry.npmjs.org/@unrs%2fresolver-binding-linux-arm-gnueabihf set size:undefined disposed:false
1165 silly fetch manifest @unrs/resolver-binding-linux-loong64-musl@1.12.2
1166 silly packumentCache full:https://registry.npmjs.org/@unrs%2fresolver-binding-linux-loong64-musl cache-miss
1167 http fetch GET 200 https://registry.npmjs.org/@unrs%2fresolver-binding-darwin-arm64 495ms (cache miss)
1168 silly packumentCache full:https://registry.npmjs.org/@unrs%2fresolver-binding-darwin-arm64 set size:undefined disposed:false
1169 silly fetch manifest @unrs/resolver-binding-linux-ppc64-gnu@1.12.2
1170 silly packumentCache full:https://registry.npmjs.org/@unrs%2fresolver-binding-linux-ppc64-gnu cache-miss
1171 http fetch GET 200 https://registry.npmjs.org/@unrs%2fresolver-binding-linux-arm64-musl 423ms (cache miss)
1172 silly packumentCache full:https://registry.npmjs.org/@unrs%2fresolver-binding-linux-arm64-musl set size:undefined disposed:false
1173 silly fetch manifest @unrs/resolver-binding-linux-riscv64-gnu@1.12.2
1174 silly packumentCache full:https://registry.npmjs.org/@unrs%2fresolver-binding-linux-riscv64-gnu cache-miss
1175 http fetch GET 200 https://registry.npmjs.org/@unrs%2fresolver-binding-win32-ia32-msvc 236ms (cache miss)
1176 silly packumentCache full:https://registry.npmjs.org/@unrs%2fresolver-binding-win32-ia32-msvc set size:undefined disposed:false
1177 silly fetch manifest @unrs/resolver-binding-linux-riscv64-musl@1.12.2
1178 silly packumentCache full:https://registry.npmjs.org/@unrs%2fresolver-binding-linux-riscv64-musl cache-miss
1179 http fetch GET 200 https://registry.npmjs.org/@unrs%2fresolver-binding-linux-loong64-musl 244ms (cache miss)
1180 silly packumentCache full:https://registry.npmjs.org/@unrs%2fresolver-binding-linux-loong64-musl set size:undefined disposed:false
1181 silly fetch manifest @unrs/resolver-binding-linux-s390x-gnu@1.12.2
1182 silly packumentCache full:https://registry.npmjs.org/@unrs%2fresolver-binding-linux-s390x-gnu cache-miss
1183 http fetch GET 200 https://registry.npmjs.org/@unrs%2fresolver-binding-linux-ppc64-gnu 229ms (cache miss)
1184 silly packumentCache full:https://registry.npmjs.org/@unrs%2fresolver-binding-linux-ppc64-gnu set size:undefined disposed:false
1185 silly fetch manifest @unrs/resolver-binding-wasm32-wasi@1.12.2
1186 silly packumentCache full:https://registry.npmjs.org/@unrs%2fresolver-binding-wasm32-wasi cache-miss
1187 http fetch GET 200 https://registry.npmjs.org/@unrs%2fresolver-binding-linux-riscv64-gnu 235ms (cache miss)
1188 silly packumentCache full:https://registry.npmjs.org/@unrs%2fresolver-binding-linux-riscv64-gnu set size:undefined disposed:false
1189 silly fetch manifest @unrs/resolver-binding-darwin-x64@1.12.2
1190 silly packumentCache full:https://registry.npmjs.org/@unrs%2fresolver-binding-darwin-x64 cache-miss
1191 http fetch GET 200 https://registry.npmjs.org/@unrs%2fresolver-binding-android-arm-eabi 487ms (cache miss)
1192 silly packumentCache full:https://registry.npmjs.org/@unrs%2fresolver-binding-android-arm-eabi set size:undefined disposed:false
1193 silly fetch manifest @unrs/resolver-binding-win32-x64-msvc@1.12.2
1194 silly packumentCache full:https://registry.npmjs.org/@unrs%2fresolver-binding-win32-x64-msvc cache-miss
1195 http fetch GET 200 https://registry.npmjs.org/@unrs%2fresolver-binding-linux-arm-musleabihf 463ms (cache miss)
1196 silly packumentCache full:https://registry.npmjs.org/@unrs%2fresolver-binding-linux-arm-musleabihf set size:undefined disposed:false
1197 silly fetch manifest @unrs/resolver-binding-freebsd-x64@1.12.2
1198 silly packumentCache full:https://registry.npmjs.org/@unrs%2fresolver-binding-freebsd-x64 cache-miss
1199 http fetch GET 200 https://registry.npmjs.org/@unrs%2fresolver-binding-linux-riscv64-musl 225ms (cache miss)
1200 silly packumentCache full:https://registry.npmjs.org/@unrs%2fresolver-binding-linux-riscv64-musl set size:undefined disposed:false
1201 silly fetch manifest @unrs/resolver-binding-linux-x64-gnu@1.12.2
1202 silly packumentCache full:https://registry.npmjs.org/@unrs%2fresolver-binding-linux-x64-gnu cache-miss
1203 http fetch GET 200 https://registry.npmjs.org/@unrs%2fresolver-binding-linux-loong64-gnu 497ms (cache miss)
1204 silly packumentCache full:https://registry.npmjs.org/@unrs%2fresolver-binding-linux-loong64-gnu set size:undefined disposed:false
1205 silly fetch manifest @unrs/resolver-binding-linux-x64-musl@1.12.2
1206 silly packumentCache full:https://registry.npmjs.org/@unrs%2fresolver-binding-linux-x64-musl cache-miss
1207 http fetch GET 200 https://registry.npmjs.org/@unrs%2fresolver-binding-wasm32-wasi 232ms (cache miss)
1208 silly packumentCache full:https://registry.npmjs.org/@unrs%2fresolver-binding-wasm32-wasi set size:undefined disposed:false
1209 http fetch GET 200 https://registry.npmjs.org/@unrs%2fresolver-binding-darwin-x64 239ms (cache miss)
1210 silly packumentCache full:https://registry.npmjs.org/@unrs%2fresolver-binding-darwin-x64 set size:undefined disposed:false
1211 http fetch GET 200 https://registry.npmjs.org/@unrs%2fresolver-binding-linux-s390x-gnu 248ms (cache miss)
1212 silly packumentCache full:https://registry.npmjs.org/@unrs%2fresolver-binding-linux-s390x-gnu set size:undefined disposed:false
1213 http fetch GET 200 https://registry.npmjs.org/@unrs%2fresolver-binding-freebsd-x64 239ms (cache miss)
1214 silly packumentCache full:https://registry.npmjs.org/@unrs%2fresolver-binding-freebsd-x64 set size:undefined disposed:false
1215 http fetch GET 200 https://registry.npmjs.org/@unrs%2fresolver-binding-linux-x64-musl 249ms (cache miss)
1216 silly packumentCache full:https://registry.npmjs.org/@unrs%2fresolver-binding-linux-x64-musl set size:undefined disposed:false
1217 http fetch GET 200 https://registry.npmjs.org/@unrs%2fresolver-binding-win32-x64-msvc 481ms (cache miss)
1218 silly packumentCache full:https://registry.npmjs.org/@unrs%2fresolver-binding-win32-x64-msvc set size:undefined disposed:false
1219 http fetch GET 200 https://registry.npmjs.org/@unrs%2fresolver-binding-linux-x64-gnu 488ms (cache miss)
1220 silly packumentCache full:https://registry.npmjs.org/@unrs%2fresolver-binding-linux-x64-gnu set size:undefined disposed:false
1221 silly placeDep ROOT @rtsao/scc@1.1.0 OK for: eslint-plugin-import@2.32.0 want: ^1.1.0
1222 silly placeDep ROOT array-includes@3.1.9 OK for: eslint-plugin-import@2.32.0 want: ^3.1.9
1223 silly placeDep ROOT array.prototype.findlastindex@1.2.6 OK for: eslint-plugin-import@2.32.0 want: ^1.2.6
1224 silly placeDep ROOT array.prototype.flat@1.3.3 OK for: eslint-plugin-import@2.32.0 want: ^1.3.3
1225 silly placeDep ROOT array.prototype.flatmap@1.3.3 OK for: eslint-plugin-import@2.32.0 want: ^1.3.3
1226 silly placeDep node_modules/eslint-plugin-import debug@3.2.7 OK for: eslint-plugin-import@2.32.0 want: ^3.2.7
1227 silly placeDep ROOT doctrine@2.1.0 OK for: eslint-plugin-import@2.32.0 want: ^2.1.0
1228 silly placeDep ROOT eslint-module-utils@2.14.0 OK for: eslint-plugin-import@2.32.0 want: ^2.12.1
1229 silly placeDep ROOT hasown@2.0.4 OK for: eslint-plugin-import@2.32.0 want: ^2.0.2
1230 silly placeDep ROOT object.fromentries@2.0.8 OK for: eslint-plugin-import@2.32.0 want: ^2.0.8
1231 silly placeDep ROOT object.groupby@1.0.3 OK for: eslint-plugin-import@2.32.0 want: ^1.0.3
1232 silly placeDep ROOT object.values@1.2.1 OK for: eslint-plugin-import@2.32.0 want: ^1.2.1
1233 silly placeDep ROOT semver@6.3.1 OK for: eslint-plugin-import@2.32.0 want: ^6.3.1
1234 silly placeDep ROOT string.prototype.trimend@1.0.10 OK for: eslint-plugin-import@2.32.0 want: ^1.0.9
1235 silly placeDep ROOT tsconfig-paths@3.15.0 OK for: eslint-plugin-import@2.32.0 want: ^3.15.0
1236 silly fetch manifest call-bind@^1.0.8
1237 silly packumentCache full:https://registry.npmjs.org/call-bind cache-miss
1238 silly fetch manifest call-bound@^1.0.4
1239 silly packumentCache full:https://registry.npmjs.org/call-bound cache-miss
1240 silly fetch manifest define-properties@^1.2.1
1241 silly packumentCache full:https://registry.npmjs.org/define-properties cache-miss
1242 silly fetch manifest es-abstract@^1.24.0
1243 silly packumentCache full:https://registry.npmjs.org/es-abstract cache-miss
1244 silly fetch manifest es-object-atoms@^1.1.1
1245 silly packumentCache full:https://registry.npmjs.org/es-object-atoms cache-miss
1246 silly fetch manifest get-intrinsic@^1.3.0
1247 silly packumentCache full:https://registry.npmjs.org/get-intrinsic cache-miss
1248 silly fetch manifest is-string@^1.1.1
1249 silly packumentCache full:https://registry.npmjs.org/is-string cache-miss
1250 http fetch GET 200 https://registry.npmjs.org/is-string 97ms (cache miss)
1251 silly packumentCache full:https://registry.npmjs.org/is-string set size:undefined disposed:false
1252 silly fetch manifest math-intrinsics@^1.1.0
1253 silly packumentCache full:https://registry.npmjs.org/math-intrinsics cache-miss
1254 http fetch GET 200 https://registry.npmjs.org/call-bound 99ms (cache miss)
1255 silly packumentCache full:https://registry.npmjs.org/call-bound set size:undefined disposed:false
1256 silly fetch manifest call-bind@^1.0.8
1257 silly packumentCache full:https://registry.npmjs.org/call-bind cache-miss
1258 http fetch GET 200 https://registry.npmjs.org/call-bind 101ms (cache miss)
1259 silly packumentCache full:https://registry.npmjs.org/call-bind set size:undefined disposed:false
1260 silly fetch manifest define-properties@^1.2.1
1261 silly packumentCache full:https://registry.npmjs.org/define-properties cache-miss
1262 http fetch GET 200 https://registry.npmjs.org/define-properties 118ms (cache miss)
1263 silly packumentCache full:https://registry.npmjs.org/define-properties set size:undefined disposed:false
1264 silly fetch manifest es-abstract@^1.23.9
1265 silly packumentCache full:https://registry.npmjs.org/es-abstract cache-miss
1266 http fetch GET 200 https://registry.npmjs.org/es-object-atoms 124ms (cache miss)
1267 silly packumentCache full:https://registry.npmjs.org/es-object-atoms set size:undefined disposed:false
1268 silly fetch manifest es-shim-unscopables@^1.1.0
1269 silly packumentCache full:https://registry.npmjs.org/es-shim-unscopables cache-miss
1270 http fetch GET 200 https://registry.npmjs.org/get-intrinsic 126ms (cache miss)
1271 silly packumentCache full:https://registry.npmjs.org/get-intrinsic set size:undefined disposed:false
1272 silly fetch manifest es-abstract@^1.23.5
1273 silly packumentCache full:https://registry.npmjs.org/es-abstract cache-miss
1274 http fetch GET 200 https://registry.npmjs.org/es-abstract 129ms (cache miss)
1275 silly packumentCache full:https://registry.npmjs.org/es-abstract set size:undefined disposed:false
1276 silly fetch manifest es-shim-unscopables@^1.0.2
1277 silly packumentCache full:https://registry.npmjs.org/es-shim-unscopables cache-miss
1278 http cache https://registry.npmjs.org/es-abstract 6ms (cache hit)
1279 silly packumentCache full:https://registry.npmjs.org/es-abstract set size:384124 disposed:false
1280 silly fetch manifest es-shim-unscopables@^1.0.2
1281 silly packumentCache full:https://registry.npmjs.org/es-shim-unscopables cache-miss
1282 http fetch GET 200 https://registry.npmjs.org/math-intrinsics 68ms (cache miss)
1283 silly packumentCache full:https://registry.npmjs.org/math-intrinsics set size:undefined disposed:false
1284 silly fetch manifest function-bind@^1.1.2
1285 silly packumentCache full:https://registry.npmjs.org/function-bind cache-miss
1286 http fetch GET 200 https://registry.npmjs.org/define-properties 68ms (cache miss)
1287 silly packumentCache full:https://registry.npmjs.org/define-properties set size:undefined disposed:false
1288 silly fetch manifest call-bind@^1.0.7
1289 silly packumentCache full:https://registry.npmjs.org/call-bind cache-miss
1290 http cache https://registry.npmjs.org/call-bind 1ms (cache hit)
1291 silly packumentCache full:https://registry.npmjs.org/call-bind set size:32985 disposed:false
1292 silly fetch manifest es-abstract@^1.23.2
1293 silly packumentCache full:https://registry.npmjs.org/es-abstract cache-hit
1294 silly fetch manifest es-object-atoms@^1.0.0
1295 silly packumentCache full:https://registry.npmjs.org/es-object-atoms cache-miss
1296 http fetch GET 200 https://registry.npmjs.org/call-bind 74ms (cache miss)
1297 silly packumentCache full:https://registry.npmjs.org/call-bind set size:undefined disposed:false
1298 silly packumentCache full:https://registry.npmjs.org/call-bind dispose
1299 silly fetch manifest call-bound@^1.0.3
1300 silly packumentCache full:https://registry.npmjs.org/call-bound cache-miss
1301 http cache https://registry.npmjs.org/es-object-atoms 2ms (cache hit)
1302 silly packumentCache full:https://registry.npmjs.org/es-object-atoms set size:18278 disposed:false
1303 silly fetch manifest call-bind@^1.0.9
1304 silly packumentCache full:https://registry.npmjs.org/call-bind cache-miss
1305 http cache https://registry.npmjs.org/call-bound 2ms (cache hit)
1306 silly packumentCache full:https://registry.npmjs.org/call-bound set size:15317 disposed:false
1307 silly fetch manifest es-object-atoms@^1.1.2
1308 silly packumentCache full:https://registry.npmjs.org/es-object-atoms cache-hit
1309 silly fetch manifest json5@^1.0.2
1310 silly packumentCache full:https://registry.npmjs.org/json5 cache-miss
1311 http cache https://registry.npmjs.org/call-bind 2ms (cache hit)
1312 silly packumentCache full:https://registry.npmjs.org/call-bind set size:32985 disposed:true
1313 silly fetch manifest minimist@^1.2.6
1314 silly packumentCache full:https://registry.npmjs.org/minimist cache-miss
1315 http fetch GET 200 https://registry.npmjs.org/es-shim-unscopables 73ms (cache miss)
1316 silly packumentCache full:https://registry.npmjs.org/es-shim-unscopables set size:undefined disposed:false
1317 silly fetch manifest strip-bom@^3.0.0
1318 silly packumentCache full:https://registry.npmjs.org/strip-bom cache-miss
1319 http fetch GET 200 https://registry.npmjs.org/es-shim-unscopables 68ms (cache miss)
1320 silly packumentCache full:https://registry.npmjs.org/es-shim-unscopables set size:undefined disposed:false
1321 silly fetch manifest @types/json5@^0.0.29
1322 silly packumentCache full:https://registry.npmjs.org/@types%2fjson5 cache-miss
1323 http fetch GET 200 https://registry.npmjs.org/es-shim-unscopables 67ms (cache miss)
1324 silly packumentCache full:https://registry.npmjs.org/es-shim-unscopables set size:undefined disposed:false
1325 http fetch GET 200 https://registry.npmjs.org/es-abstract 107ms (cache miss)
1326 silly packumentCache full:https://registry.npmjs.org/es-abstract set size:undefined disposed:false
1327 silly packumentCache full:https://registry.npmjs.org/es-abstract dispose
1328 http fetch GET 200 https://registry.npmjs.org/minimist 103ms (cache miss)
1329 silly packumentCache full:https://registry.npmjs.org/minimist set size:undefined disposed:false
1330 http fetch GET 200 https://registry.npmjs.org/json5 105ms (cache miss)
1331 silly packumentCache full:https://registry.npmjs.org/json5 set size:undefined disposed:false
1332 http fetch GET 200 https://registry.npmjs.org/strip-bom 87ms (cache miss)
1333 silly packumentCache full:https://registry.npmjs.org/strip-bom set size:undefined disposed:false
1334 http fetch GET 200 https://registry.npmjs.org/function-bind 294ms (cache miss)
1335 silly packumentCache full:https://registry.npmjs.org/function-bind set size:undefined disposed:false
1336 http fetch GET 200 https://registry.npmjs.org/@types%2fjson5 300ms (cache miss)
1337 silly packumentCache full:https://registry.npmjs.org/@types%2fjson5 set size:undefined disposed:false
1338 silly placeDep ROOT call-bind@1.0.9 OK for: array-includes@3.1.9 want: ^1.0.8
1339 silly placeDep ROOT call-bound@1.0.4 OK for: array-includes@3.1.9 want: ^1.0.4
1340 silly placeDep ROOT define-properties@1.2.1 OK for: array-includes@3.1.9 want: ^1.2.1
1341 silly placeDep ROOT es-abstract@1.24.2 OK for: array-includes@3.1.9 want: ^1.24.0
1342 silly placeDep ROOT es-object-atoms@1.1.2 OK for: array-includes@3.1.9 want: ^1.1.1
1343 silly placeDep ROOT get-intrinsic@1.3.0 OK for: array-includes@3.1.9 want: ^1.3.0
1344 silly placeDep ROOT is-string@1.1.1 OK for: array-includes@3.1.9 want: ^1.1.1
1345 silly placeDep ROOT math-intrinsics@1.1.0 OK for: array-includes@3.1.9 want: ^1.1.0
1346 silly fetch manifest call-bind-apply-helpers@^1.0.2
1347 silly packumentCache full:https://registry.npmjs.org/call-bind-apply-helpers cache-miss
1348 silly fetch manifest es-define-property@^1.0.1
1349 silly packumentCache full:https://registry.npmjs.org/es-define-property cache-miss
1350 silly fetch manifest set-function-length@^1.2.2
1351 silly packumentCache full:https://registry.npmjs.org/set-function-length cache-miss
1352 silly fetch manifest call-bind-apply-helpers@^1.0.2
1353 silly packumentCache full:https://registry.npmjs.org/call-bind-apply-helpers cache-miss
1354 silly fetch manifest define-data-property@^1.0.1
1355 silly packumentCache full:https://registry.npmjs.org/define-data-property cache-miss
1356 silly fetch manifest has-property-descriptors@^1.0.0
1357 silly packumentCache full:https://registry.npmjs.org/has-property-descriptors cache-miss
1358 silly fetch manifest array-buffer-byte-length@^1.0.2
1359 silly packumentCache full:https://registry.npmjs.org/array-buffer-byte-length cache-miss
1360 http fetch GET 200 https://registry.npmjs.org/has-property-descriptors 58ms (cache miss)
1361 silly packumentCache full:https://registry.npmjs.org/has-property-descriptors set size:undefined disposed:false
1362 silly fetch manifest arraybuffer.prototype.slice@^1.0.4
1363 silly packumentCache full:https://registry.npmjs.org/arraybuffer.prototype.slice cache-miss
1364 http fetch GET 200 https://registry.npmjs.org/define-data-property 73ms (cache miss)
1365 silly packumentCache full:https://registry.npmjs.org/define-data-property set size:undefined disposed:false
1366 silly fetch manifest available-typed-arrays@^1.0.7
1367 silly packumentCache full:https://registry.npmjs.org/available-typed-arrays cache-miss
1368 http fetch GET 200 https://registry.npmjs.org/call-bind-apply-helpers 74ms (cache miss)
1369 silly packumentCache full:https://registry.npmjs.org/call-bind-apply-helpers set size:undefined disposed:false
1370 silly fetch manifest data-view-buffer@^1.0.2
1371 silly packumentCache full:https://registry.npmjs.org/data-view-buffer cache-miss
1372 http fetch GET 200 https://registry.npmjs.org/call-bind-apply-helpers 75ms (cache miss)
1373 silly packumentCache full:https://registry.npmjs.org/call-bind-apply-helpers set size:undefined disposed:false
1374 silly fetch manifest data-view-byte-length@^1.0.2
1375 silly packumentCache full:https://registry.npmjs.org/data-view-byte-length cache-miss
1376 http fetch GET 200 https://registry.npmjs.org/es-define-property 76ms (cache miss)
1377 silly packumentCache full:https://registry.npmjs.org/es-define-property set size:undefined disposed:false
1378 silly fetch manifest data-view-byte-offset@^1.0.1
1379 silly packumentCache full:https://registry.npmjs.org/data-view-byte-offset cache-miss
1380 http fetch GET 200 https://registry.npmjs.org/array-buffer-byte-length 75ms (cache miss)
1381 silly packumentCache full:https://registry.npmjs.org/array-buffer-byte-length set size:undefined disposed:false
1382 silly fetch manifest es-set-tostringtag@^2.1.0
1383 silly packumentCache full:https://registry.npmjs.org/es-set-tostringtag cache-miss
1384 http fetch GET 200 https://registry.npmjs.org/arraybuffer.prototype.slice 82ms (cache miss)
1385 silly packumentCache full:https://registry.npmjs.org/arraybuffer.prototype.slice set size:undefined disposed:false
1386 silly fetch manifest es-to-primitive@^1.3.0
1387 silly packumentCache full:https://registry.npmjs.org/es-to-primitive cache-miss
1388 http fetch GET 200 https://registry.npmjs.org/data-view-buffer 76ms (cache miss)
1389 silly packumentCache full:https://registry.npmjs.org/data-view-buffer set size:undefined disposed:false
1390 silly fetch manifest function.prototype.name@^1.1.8
1391 silly packumentCache full:https://registry.npmjs.org/function.prototype.name cache-miss
1392 http fetch GET 200 https://registry.npmjs.org/data-view-byte-length 79ms (cache miss)
1393 silly packumentCache full:https://registry.npmjs.org/data-view-byte-length set size:undefined disposed:false
1394 silly fetch manifest get-proto@^1.0.1
1395 silly packumentCache full:https://registry.npmjs.org/get-proto cache-miss
1396 http fetch GET 200 https://registry.npmjs.org/es-set-tostringtag 94ms (cache miss)
1397 silly packumentCache full:https://registry.npmjs.org/es-set-tostringtag set size:undefined disposed:false
1398 silly fetch manifest get-symbol-description@^1.1.0
1399 silly packumentCache full:https://registry.npmjs.org/get-symbol-description cache-miss
1400 http fetch GET 200 https://registry.npmjs.org/available-typed-arrays 98ms (cache miss)
1401 silly packumentCache full:https://registry.npmjs.org/available-typed-arrays set size:undefined disposed:false
1402 silly fetch manifest globalthis@^1.0.4
1403 silly packumentCache full:https://registry.npmjs.org/globalthis cache-miss
1404 http fetch GET 200 https://registry.npmjs.org/data-view-byte-offset 97ms (cache miss)
1405 silly packumentCache full:https://registry.npmjs.org/data-view-byte-offset set size:undefined disposed:false
1406 silly fetch manifest gopd@^1.2.0
1407 silly packumentCache full:https://registry.npmjs.org/gopd cache-miss
1408 http fetch GET 200 https://registry.npmjs.org/es-to-primitive 92ms (cache miss)
1409 silly packumentCache full:https://registry.npmjs.org/es-to-primitive set size:undefined disposed:false
1410 silly fetch manifest has-property-descriptors@^1.0.2
1411 silly packumentCache full:https://registry.npmjs.org/has-property-descriptors cache-miss
1412 http cache https://registry.npmjs.org/has-property-descriptors 1ms (cache hit)
1413 silly packumentCache full:https://registry.npmjs.org/has-property-descriptors set size:12452 disposed:false
1414 silly fetch manifest has-proto@^1.2.0
1415 silly packumentCache full:https://registry.npmjs.org/has-proto cache-miss
1416 http fetch GET 200 https://registry.npmjs.org/globalthis 80ms (cache miss)
1417 silly packumentCache full:https://registry.npmjs.org/globalthis set size:undefined disposed:false
1418 silly fetch manifest has-symbols@^1.1.0
1419 silly packumentCache full:https://registry.npmjs.org/has-symbols cache-miss
1420 http fetch GET 200 https://registry.npmjs.org/get-symbol-description 90ms (cache miss)
1421 silly packumentCache full:https://registry.npmjs.org/get-symbol-description set size:undefined disposed:false
1422 silly fetch manifest internal-slot@^1.1.0
1423 silly packumentCache full:https://registry.npmjs.org/internal-slot cache-miss
1424 http fetch GET 200 https://registry.npmjs.org/get-proto 108ms (cache miss)
1425 silly packumentCache full:https://registry.npmjs.org/get-proto set size:undefined disposed:false
1426 silly fetch manifest is-array-buffer@^3.0.5
1427 silly packumentCache full:https://registry.npmjs.org/is-array-buffer cache-miss
1428 http fetch GET 200 https://registry.npmjs.org/function.prototype.name 119ms (cache miss)
1429 silly packumentCache full:https://registry.npmjs.org/function.prototype.name set size:undefined disposed:false
1430 silly fetch manifest is-callable@^1.2.7
1431 silly packumentCache full:https://registry.npmjs.org/is-callable cache-miss
1432 http fetch GET 200 https://registry.npmjs.org/set-function-length 272ms (cache miss)
1433 silly packumentCache full:https://registry.npmjs.org/set-function-length set size:undefined disposed:false
1434 silly fetch manifest is-data-view@^1.0.2
1435 silly packumentCache full:https://registry.npmjs.org/is-data-view cache-miss
1436 http fetch GET 200 https://registry.npmjs.org/gopd 100ms (cache miss)
1437 silly packumentCache full:https://registry.npmjs.org/gopd set size:undefined disposed:false
1438 silly fetch manifest is-negative-zero@^2.0.3
1439 silly packumentCache full:https://registry.npmjs.org/is-negative-zero cache-miss
1440 http fetch GET 200 https://registry.npmjs.org/has-symbols 81ms (cache miss)
1441 silly packumentCache full:https://registry.npmjs.org/has-symbols set size:undefined disposed:false
1442 silly fetch manifest is-regex@^1.2.1
1443 silly packumentCache full:https://registry.npmjs.org/is-regex cache-miss
1444 http fetch GET 200 https://registry.npmjs.org/is-data-view 64ms (cache miss)
1445 silly packumentCache full:https://registry.npmjs.org/is-data-view set size:undefined disposed:false
1446 silly fetch manifest is-set@^2.0.3
1447 silly packumentCache full:https://registry.npmjs.org/is-set cache-miss
1448 http fetch GET 200 https://registry.npmjs.org/is-array-buffer 86ms (cache miss)
1449 silly packumentCache full:https://registry.npmjs.org/is-array-buffer set size:undefined disposed:false
1450 silly fetch manifest is-shared-array-buffer@^1.0.4
1451 silly packumentCache full:https://registry.npmjs.org/is-shared-array-buffer cache-miss
1452 http fetch GET 200 https://registry.npmjs.org/is-callable 79ms (cache miss)
1453 silly packumentCache full:https://registry.npmjs.org/is-callable set size:undefined disposed:false
1454 silly fetch manifest is-typed-array@^1.1.15
1455 silly packumentCache full:https://registry.npmjs.org/is-typed-array cache-miss
1456 http fetch GET 200 https://registry.npmjs.org/is-set 60ms (cache miss)
1457 silly packumentCache full:https://registry.npmjs.org/is-set set size:undefined disposed:false
1458 silly fetch manifest is-weakref@^1.1.1
1459 silly packumentCache full:https://registry.npmjs.org/is-weakref cache-miss
1460 http fetch GET 200 https://registry.npmjs.org/is-regex 83ms (cache miss)
1461 silly packumentCache full:https://registry.npmjs.org/is-regex set size:undefined disposed:false
1462 silly fetch manifest object-inspect@^1.13.4
1463 silly packumentCache full:https://registry.npmjs.org/object-inspect cache-miss
1464 http fetch GET 200 https://registry.npmjs.org/is-shared-array-buffer 72ms (cache miss)
1465 silly packumentCache full:https://registry.npmjs.org/is-shared-array-buffer set size:undefined disposed:false
1466 silly fetch manifest object.assign@^4.1.7
1467 silly packumentCache full:https://registry.npmjs.org/object.assign cache-miss
1468 http fetch GET 200 https://registry.npmjs.org/is-typed-array 75ms (cache miss)
1469 silly packumentCache full:https://registry.npmjs.org/is-typed-array set size:undefined disposed:false
1470 silly fetch manifest own-keys@^1.0.1
1471 silly packumentCache full:https://registry.npmjs.org/own-keys cache-miss
1472 http fetch GET 200 https://registry.npmjs.org/is-weakref 93ms (cache miss)
1473 silly packumentCache full:https://registry.npmjs.org/is-weakref set size:undefined disposed:false
1474 silly fetch manifest regexp.prototype.flags@^1.5.4
1475 silly packumentCache full:https://registry.npmjs.org/regexp.prototype.flags cache-miss
1476 http fetch GET 200 https://registry.npmjs.org/object-inspect 82ms (cache miss)
1477 silly packumentCache full:https://registry.npmjs.org/object-inspect set size:undefined disposed:false
1478 silly fetch manifest safe-array-concat@^1.1.3
1479 silly packumentCache full:https://registry.npmjs.org/safe-array-concat cache-miss
1480 http fetch GET 200 https://registry.npmjs.org/object.assign 82ms (cache miss)
1481 silly packumentCache full:https://registry.npmjs.org/object.assign set size:undefined disposed:false
1482 silly fetch manifest safe-push-apply@^1.0.0
1483 silly packumentCache full:https://registry.npmjs.org/safe-push-apply cache-miss
1484 http fetch GET 200 https://registry.npmjs.org/own-keys 80ms (cache miss)
1485 silly packumentCache full:https://registry.npmjs.org/own-keys set size:undefined disposed:false
1486 silly fetch manifest safe-regex-test@^1.1.0
1487 silly packumentCache full:https://registry.npmjs.org/safe-regex-test cache-miss
1488 http cache https://registry.npmjs.org/safe-regex-test 1ms (cache hit)
1489 silly packumentCache full:https://registry.npmjs.org/safe-regex-test set size:17412 disposed:false
1490 silly fetch manifest set-proto@^1.0.0
1491 silly packumentCache full:https://registry.npmjs.org/set-proto cache-miss
1492 http fetch GET 200 https://registry.npmjs.org/has-proto 302ms (cache miss)
1493 silly packumentCache full:https://registry.npmjs.org/has-proto set size:undefined disposed:false
1494 silly fetch manifest stop-iteration-iterator@^1.1.0
1495 silly packumentCache full:https://registry.npmjs.org/stop-iteration-iterator cache-miss
1496 http fetch GET 200 https://registry.npmjs.org/safe-array-concat 75ms (cache miss)
1497 silly packumentCache full:https://registry.npmjs.org/safe-array-concat set size:undefined disposed:false
1498 silly fetch manifest string.prototype.trim@^1.2.10
1499 silly packumentCache full:https://registry.npmjs.org/string.prototype.trim cache-miss
1500 http fetch GET 200 https://registry.npmjs.org/safe-push-apply 72ms (cache miss)
1501 silly packumentCache full:https://registry.npmjs.org/safe-push-apply set size:undefined disposed:false
1502 silly fetch manifest string.prototype.trimstart@^1.0.8
1503 silly packumentCache full:https://registry.npmjs.org/string.prototype.trimstart cache-miss
1504 http fetch GET 200 https://registry.npmjs.org/regexp.prototype.flags 87ms (cache miss)
1505 silly packumentCache full:https://registry.npmjs.org/regexp.prototype.flags set size:undefined disposed:false
1506 silly fetch manifest typed-array-buffer@^1.0.3
1507 silly packumentCache full:https://registry.npmjs.org/typed-array-buffer cache-miss
1508 http fetch GET 200 https://registry.npmjs.org/set-proto 72ms (cache miss)
1509 silly packumentCache full:https://registry.npmjs.org/set-proto set size:undefined disposed:false
1510 silly fetch manifest typed-array-byte-length@^1.0.3
1511 silly packumentCache full:https://registry.npmjs.org/typed-array-byte-length cache-miss
1512 http fetch GET 200 https://registry.npmjs.org/internal-slot 319ms (cache miss)
1513 silly packumentCache full:https://registry.npmjs.org/internal-slot set size:undefined disposed:false
1514 silly fetch manifest typed-array-byte-offset@^1.0.4
1515 silly packumentCache full:https://registry.npmjs.org/typed-array-byte-offset cache-miss
1516 http fetch GET 200 https://registry.npmjs.org/is-negative-zero 312ms (cache miss)
1517 silly packumentCache full:https://registry.npmjs.org/is-negative-zero set size:undefined disposed:false
1518 silly fetch manifest typed-array-length@^1.0.7
1519 silly packumentCache full:https://registry.npmjs.org/typed-array-length cache-miss
1520 http fetch GET 200 https://registry.npmjs.org/stop-iteration-iterator 67ms (cache miss)
1521 silly packumentCache full:https://registry.npmjs.org/stop-iteration-iterator set size:undefined disposed:false
1522 silly fetch manifest unbox-primitive@^1.1.0
1523 silly packumentCache full:https://registry.npmjs.org/unbox-primitive cache-miss
1524 http fetch GET 200 https://registry.npmjs.org/typed-array-byte-offset 72ms (cache miss)
1525 silly packumentCache full:https://registry.npmjs.org/typed-array-byte-offset set size:undefined disposed:false
1526 silly fetch manifest which-typed-array@^1.1.19
1527 silly packumentCache full:https://registry.npmjs.org/which-typed-array cache-miss
1528 http fetch GET 200 https://registry.npmjs.org/typed-array-buffer 76ms (cache miss)
1529 silly packumentCache full:https://registry.npmjs.org/typed-array-buffer set size:undefined disposed:false
1530 silly fetch manifest has-tostringtag@^1.0.2
1531 silly packumentCache full:https://registry.npmjs.org/has-tostringtag cache-miss
1532 http fetch GET 200 https://registry.npmjs.org/typed-array-length 75ms (cache miss)
1533 silly packumentCache full:https://registry.npmjs.org/typed-array-length set size:undefined disposed:false
1534 http fetch GET 200 https://registry.npmjs.org/unbox-primitive 65ms (cache miss)
1535 silly packumentCache full:https://registry.npmjs.org/unbox-primitive set size:undefined disposed:false
1536 http fetch GET 200 https://registry.npmjs.org/string.prototype.trimstart 94ms (cache miss)
1537 silly packumentCache full:https://registry.npmjs.org/string.prototype.trimstart set size:undefined disposed:false
1538 http fetch GET 200 https://registry.npmjs.org/string.prototype.trim 98ms (cache miss)
1539 silly packumentCache full:https://registry.npmjs.org/string.prototype.trim set size:undefined disposed:false
1540 http fetch GET 200 https://registry.npmjs.org/has-tostringtag 60ms (cache miss)
1541 silly packumentCache full:https://registry.npmjs.org/has-tostringtag set size:undefined disposed:false
1542 http fetch GET 200 https://registry.npmjs.org/which-typed-array 78ms (cache miss)
1543 silly packumentCache full:https://registry.npmjs.org/which-typed-array set size:undefined disposed:false
1544 http fetch GET 200 https://registry.npmjs.org/typed-array-byte-length 314ms (cache miss)
1545 silly packumentCache full:https://registry.npmjs.org/typed-array-byte-length set size:undefined disposed:false
1546 silly placeDep ROOT es-errors@1.3.0 OK for: array.prototype.findlastindex@1.2.6 want: ^1.3.0
1547 silly placeDep ROOT es-shim-unscopables@1.1.0 OK for: array.prototype.findlastindex@1.2.6 want: ^1.1.0
1548 silly placeDep ROOT call-bind-apply-helpers@1.0.2 OK for: call-bind@1.0.9 want: ^1.0.2
1549 silly placeDep ROOT es-define-property@1.0.1 OK for: call-bind@1.0.9 want: ^1.0.1
1550 silly placeDep ROOT set-function-length@1.2.2 OK for: call-bind@1.0.9 want: ^1.2.2
1551 silly fetch manifest define-data-property@^1.1.4
1552 silly packumentCache full:https://registry.npmjs.org/define-data-property cache-miss
1553 silly fetch manifest gopd@^1.0.1
1554 silly packumentCache full:https://registry.npmjs.org/gopd cache-miss
1555 http cache https://registry.npmjs.org/define-data-property 2ms (cache hit)
1556 silly packumentCache full:https://registry.npmjs.org/define-data-property set size:28048 disposed:false
1557 http cache https://registry.npmjs.org/gopd 2ms (cache hit)
1558 silly packumentCache full:https://registry.npmjs.org/gopd set size:11483 disposed:false
1559 silly placeDep ROOT function-bind@1.1.2 OK for: call-bind-apply-helpers@1.0.2 want: ^1.1.2
1560 silly placeDep ROOT define-data-property@1.1.4 OK for: define-properties@1.2.1 want: ^1.0.1
1561 silly placeDep ROOT has-property-descriptors@1.0.2 OK for: define-properties@1.2.1 want: ^1.0.0
1562 silly placeDep ROOT object-keys@1.1.1 OK for: define-properties@1.2.1 want: ^1.1.1
1563 silly placeDep ROOT gopd@1.2.0 OK for: define-data-property@1.1.4 want: ^1.0.1
1564 silly placeDep ROOT array-buffer-byte-length@1.0.2 OK for: es-abstract@1.24.2 want: ^1.0.2
1565 silly placeDep ROOT arraybuffer.prototype.slice@1.0.4 OK for: es-abstract@1.24.2 want: ^1.0.4
1566 silly placeDep ROOT available-typed-arrays@1.0.7 OK for: es-abstract@1.24.2 want: ^1.0.7
1567 silly placeDep ROOT data-view-buffer@1.0.2 OK for: es-abstract@1.24.2 want: ^1.0.2
1568 silly placeDep ROOT data-view-byte-length@1.0.2 OK for: es-abstract@1.24.2 want: ^1.0.2
1569 silly placeDep ROOT data-view-byte-offset@1.0.1 OK for: es-abstract@1.24.2 want: ^1.0.1
1570 silly placeDep ROOT es-set-tostringtag@2.1.0 OK for: es-abstract@1.24.2 want: ^2.1.0
1571 silly placeDep ROOT es-to-primitive@1.3.4 OK for: es-abstract@1.24.2 want: ^1.3.0
1572 silly placeDep ROOT function.prototype.name@1.2.0 OK for: es-abstract@1.24.2 want: ^1.1.8
1573 silly placeDep ROOT get-proto@1.0.1 OK for: es-abstract@1.24.2 want: ^1.0.1
1574 silly placeDep ROOT get-symbol-description@1.1.0 OK for: es-abstract@1.24.2 want: ^1.1.0
1575 silly placeDep ROOT globalthis@1.0.4 OK for: es-abstract@1.24.2 want: ^1.0.4
1576 silly placeDep ROOT has-proto@1.2.0 OK for: es-abstract@1.24.2 want: ^1.2.0
1577 silly placeDep ROOT has-symbols@1.1.0 OK for: es-abstract@1.24.2 want: ^1.1.0
1578 silly placeDep ROOT internal-slot@1.1.0 OK for: es-abstract@1.24.2 want: ^1.1.0
1579 silly placeDep ROOT is-array-buffer@3.0.5 OK for: es-abstract@1.24.2 want: ^3.0.5
1580 silly placeDep ROOT is-callable@1.2.7 OK for: es-abstract@1.24.2 want: ^1.2.7
1581 silly placeDep ROOT is-data-view@1.0.2 OK for: es-abstract@1.24.2 want: ^1.0.2
1582 silly placeDep ROOT is-negative-zero@2.0.3 OK for: es-abstract@1.24.2 want: ^2.0.3
1583 silly placeDep ROOT is-regex@1.2.1 OK for: es-abstract@1.24.2 want: ^1.2.1
1584 silly placeDep ROOT is-set@2.0.3 OK for: es-abstract@1.24.2 want: ^2.0.3
1585 silly placeDep ROOT is-shared-array-buffer@1.0.4 OK for: es-abstract@1.24.2 want: ^1.0.4
1586 silly placeDep ROOT is-typed-array@1.1.15 OK for: es-abstract@1.24.2 want: ^1.1.15
1587 silly placeDep ROOT is-weakref@1.1.1 OK for: es-abstract@1.24.2 want: ^1.1.1
1588 silly placeDep ROOT object-inspect@1.13.4 OK for: es-abstract@1.24.2 want: ^1.13.4
1589 silly placeDep ROOT object.assign@4.1.7 OK for: es-abstract@1.24.2 want: ^4.1.7
1590 silly placeDep ROOT own-keys@1.0.1 OK for: es-abstract@1.24.2 want: ^1.0.1
1591 silly placeDep ROOT regexp.prototype.flags@1.5.4 OK for: es-abstract@1.24.2 want: ^1.5.4
1592 silly placeDep ROOT safe-array-concat@1.1.4 OK for: es-abstract@1.24.2 want: ^1.1.3
1593 silly placeDep ROOT safe-push-apply@1.0.0 OK for: es-abstract@1.24.2 want: ^1.0.0
1594 silly placeDep ROOT safe-regex-test@1.1.0 OK for: es-abstract@1.24.2 want: ^1.1.0
1595 silly placeDep ROOT set-proto@1.0.0 OK for: es-abstract@1.24.2 want: ^1.0.0
1596 silly placeDep ROOT stop-iteration-iterator@1.1.0 OK for: es-abstract@1.24.2 want: ^1.1.0
1597 silly placeDep ROOT string.prototype.trim@1.2.11 OK for: es-abstract@1.24.2 want: ^1.2.10
1598 silly placeDep ROOT string.prototype.trimstart@1.0.8 OK for: es-abstract@1.24.2 want: ^1.0.8
1599 silly placeDep ROOT typed-array-buffer@1.0.3 OK for: es-abstract@1.24.2 want: ^1.0.3
1600 silly placeDep ROOT typed-array-byte-length@1.0.3 OK for: es-abstract@1.24.2 want: ^1.0.3
1601 silly placeDep ROOT typed-array-byte-offset@1.0.4 OK for: es-abstract@1.24.2 want: ^1.0.4
1602 silly placeDep ROOT typed-array-length@1.0.8 OK for: es-abstract@1.24.2 want: ^1.0.7
1603 silly placeDep ROOT unbox-primitive@1.1.0 OK for: es-abstract@1.24.2 want: ^1.1.0
1604 silly placeDep ROOT which-typed-array@1.1.22 OK for: es-abstract@1.24.2 want: ^1.1.19
1605 silly fetch manifest is-array-buffer@^3.0.4
1606 silly packumentCache full:https://registry.npmjs.org/is-array-buffer cache-miss
1607 silly fetch manifest possible-typed-array-names@^1.0.0
1608 silly packumentCache full:https://registry.npmjs.org/possible-typed-array-names cache-miss
1609 silly fetch manifest is-data-view@^1.0.1
1610 silly packumentCache full:https://registry.npmjs.org/is-data-view cache-miss
1611 silly fetch manifest is-symbol@^1.1.1
1612 silly packumentCache full:https://registry.npmjs.org/is-symbol cache-miss
1613 silly fetch manifest is-date-object@^1.1.0
1614 silly packumentCache full:https://registry.npmjs.org/is-date-object cache-miss
1615 silly fetch manifest es-abstract-get@^1.0.0
1616 silly packumentCache full:https://registry.npmjs.org/es-abstract-get cache-miss
1617 silly fetch manifest is-document.all@^1.0.0
1618 silly packumentCache full:https://registry.npmjs.org/is-document.all cache-miss
1619 http cache https://registry.npmjs.org/is-array-buffer 4ms (cache hit)
1620 silly packumentCache full:https://registry.npmjs.org/is-array-buffer set size:33562 disposed:false
1621 silly fetch manifest functions-have-names@^1.2.3
1622 silly packumentCache full:https://registry.npmjs.org/functions-have-names cache-miss
1623 http cache https://registry.npmjs.org/is-data-view 4ms (cache hit)
1624 silly packumentCache full:https://registry.npmjs.org/is-data-view set size:13756 disposed:false
1625 silly fetch manifest dunder-proto@^1.0.1
1626 silly packumentCache full:https://registry.npmjs.org/dunder-proto cache-miss
1627 http fetch GET 200 https://registry.npmjs.org/es-abstract-get 71ms (cache miss)
1628 silly packumentCache full:https://registry.npmjs.org/es-abstract-get set size:undefined disposed:false
1629 silly fetch manifest dunder-proto@^1.0.0
1630 silly packumentCache full:https://registry.npmjs.org/dunder-proto cache-miss
1631 http fetch GET 200 https://registry.npmjs.org/is-symbol 72ms (cache miss)
1632 silly packumentCache full:https://registry.npmjs.org/is-symbol set size:undefined disposed:false
1633 silly fetch manifest side-channel@^1.1.0
1634 silly packumentCache full:https://registry.npmjs.org/side-channel cache-miss
1635 http fetch GET 200 https://registry.npmjs.org/possible-typed-array-names 75ms (cache miss)
1636 silly packumentCache full:https://registry.npmjs.org/possible-typed-array-names set size:undefined disposed:false
1637 silly fetch manifest is-typed-array@^1.1.13
1638 silly packumentCache full:https://registry.npmjs.org/is-typed-array cache-miss
1639 http cache https://registry.npmjs.org/is-typed-array 1ms (cache hit)
1640 silly packumentCache full:https://registry.npmjs.org/is-typed-array set size:79965 disposed:false
1641 silly fetch manifest which-typed-array@^1.1.16
1642 silly packumentCache full:https://registry.npmjs.org/which-typed-array cache-miss
1643 http cache https://registry.npmjs.org/which-typed-array 2ms (cache hit)
1644 silly packumentCache full:https://registry.npmjs.org/which-typed-array set size:101551 disposed:false
1645 silly fetch manifest set-function-name@^2.0.2
1646 silly packumentCache full:https://registry.npmjs.org/set-function-name cache-miss
1647 http fetch GET 200 https://registry.npmjs.org/functions-have-names 78ms (cache miss)
1648 silly packumentCache full:https://registry.npmjs.org/functions-have-names set size:undefined disposed:false
1649 silly fetch manifest isarray@^2.0.5
1650 silly packumentCache full:https://registry.npmjs.org/isarray cache-miss
1651 http fetch GET 200 https://registry.npmjs.org/is-date-object 82ms (cache miss)
1652 silly packumentCache full:https://registry.npmjs.org/is-date-object set size:undefined disposed:false
1653 silly fetch manifest isarray@^2.0.5
1654 silly packumentCache full:https://registry.npmjs.org/isarray cache-miss
1655 http fetch GET 200 https://registry.npmjs.org/is-document.all 83ms (cache miss)
1656 silly packumentCache full:https://registry.npmjs.org/is-document.all set size:undefined disposed:false
1657 silly fetch manifest dunder-proto@^1.0.1
1658 silly packumentCache full:https://registry.npmjs.org/dunder-proto cache-miss
1659 http fetch GET 200 https://registry.npmjs.org/dunder-proto 81ms (cache miss)
1660 silly packumentCache full:https://registry.npmjs.org/dunder-proto set size:undefined disposed:false
1661 silly fetch manifest for-each@^0.3.3
1662 silly packumentCache full:https://registry.npmjs.org/for-each cache-miss
1663 http fetch GET 200 https://registry.npmjs.org/dunder-proto 57ms (cache miss)
1664 silly packumentCache full:https://registry.npmjs.org/dunder-proto set size:undefined disposed:false
1665 silly fetch manifest for-each@^0.3.3
1666 silly packumentCache full:https://registry.npmjs.org/for-each cache-miss
1667 http fetch GET 200 https://registry.npmjs.org/side-channel 62ms (cache miss)
1668 silly packumentCache full:https://registry.npmjs.org/side-channel set size:undefined disposed:false
1669 silly fetch manifest reflect.getprototypeof@^1.0.9
1670 silly packumentCache full:https://registry.npmjs.org/reflect.getprototypeof cache-miss
1671 http fetch GET 200 https://registry.npmjs.org/dunder-proto 53ms (cache miss)
1672 silly packumentCache full:https://registry.npmjs.org/dunder-proto set size:undefined disposed:false
1673 silly fetch manifest for-each@^0.3.5
1674 silly packumentCache full:https://registry.npmjs.org/for-each cache-miss
1675 http fetch GET 200 https://registry.npmjs.org/set-function-name 63ms (cache miss)
1676 silly packumentCache full:https://registry.npmjs.org/set-function-name set size:undefined disposed:false
1677 silly fetch manifest possible-typed-array-names@^1.1.0
1678 silly packumentCache full:https://registry.npmjs.org/possible-typed-array-names cache-miss
1679 http fetch GET 200 https://registry.npmjs.org/isarray 60ms (cache miss)
1680 silly packumentCache full:https://registry.npmjs.org/isarray set size:undefined disposed:false
1681 silly fetch manifest reflect.getprototypeof@^1.0.10
1682 silly packumentCache full:https://registry.npmjs.org/reflect.getprototypeof cache-miss
1683 http cache https://registry.npmjs.org/possible-typed-array-names 2ms (cache hit)
1684 silly packumentCache full:https://registry.npmjs.org/possible-typed-array-names set size:9167 disposed:false
1685 silly fetch manifest has-bigints@^1.0.2
1686 silly packumentCache full:https://registry.npmjs.org/has-bigints cache-miss
1687 http fetch GET 200 https://registry.npmjs.org/isarray 65ms (cache miss)
1688 silly packumentCache full:https://registry.npmjs.org/isarray set size:undefined disposed:false
1689 silly fetch manifest which-boxed-primitive@^1.1.1
1690 silly packumentCache full:https://registry.npmjs.org/which-boxed-primitive cache-miss
1691 http fetch GET 200 https://registry.npmjs.org/for-each 69ms (cache miss)
1692 silly packumentCache full:https://registry.npmjs.org/for-each set size:undefined disposed:false
1693 silly fetch manifest for-each@^0.3.5
1694 silly packumentCache full:https://registry.npmjs.org/for-each cache-miss
1695 http cache https://registry.npmjs.org/for-each 1ms (cache hit)
1696 silly packumentCache full:https://registry.npmjs.org/for-each set size:14327 disposed:false
1697 http fetch GET 200 https://registry.npmjs.org/for-each 70ms (cache miss)
1698 silly packumentCache full:https://registry.npmjs.org/for-each set size:undefined disposed:false
1699 silly packumentCache full:https://registry.npmjs.org/for-each dispose
1700 http fetch GET 200 https://registry.npmjs.org/reflect.getprototypeof 67ms (cache miss)
1701 silly packumentCache full:https://registry.npmjs.org/reflect.getprototypeof set size:undefined disposed:false
1702 http fetch GET 200 https://registry.npmjs.org/for-each 69ms (cache miss)
1703 silly packumentCache full:https://registry.npmjs.org/for-each set size:undefined disposed:true
1704 http fetch GET 200 https://registry.npmjs.org/has-bigints 64ms (cache miss)
1705 silly packumentCache full:https://registry.npmjs.org/has-bigints set size:undefined disposed:false
1706 http fetch GET 200 https://registry.npmjs.org/reflect.getprototypeof 68ms (cache miss)
1707 silly packumentCache full:https://registry.npmjs.org/reflect.getprototypeof set size:undefined disposed:false
1708 http fetch GET 200 https://registry.npmjs.org/which-boxed-primitive 65ms (cache miss)
1709 silly packumentCache full:https://registry.npmjs.org/which-boxed-primitive set size:undefined disposed:false
1710 silly placeDep ROOT possible-typed-array-names@1.1.0 OK for: available-typed-arrays@1.0.7 want: ^1.0.0
1711 silly placeDep ROOT has-tostringtag@1.0.2 OK for: es-set-tostringtag@2.1.0 want: ^1.0.2
1712 silly placeDep ROOT es-abstract-get@1.0.0 OK for: es-to-primitive@1.3.4 want: ^1.0.0
1713 silly placeDep ROOT is-date-object@1.1.0 OK for: es-to-primitive@1.3.4 want: ^1.1.0
1714 silly placeDep ROOT is-symbol@1.1.1 OK for: es-to-primitive@1.3.4 want: ^1.1.1
1715 silly placeDep node_modules/eslint-module-utils debug@3.2.7 OK for: eslint-module-utils@2.14.0 want: ^3.2.7
1716 silly placeDep ROOT aria-query@5.3.2 OK for: eslint-plugin-jsx-a11y@6.10.2 want: ^5.3.2
1717 silly placeDep ROOT ast-types-flow@0.0.8 OK for: eslint-plugin-jsx-a11y@6.10.2 want: ^0.0.8
1718 silly placeDep ROOT axe-core@4.12.1 OK for: eslint-plugin-jsx-a11y@6.10.2 want: ^4.10.0
1719 silly placeDep ROOT axobject-query@4.1.0 OK for: eslint-plugin-jsx-a11y@6.10.2 want: ^4.1.0
1720 silly placeDep ROOT damerau-levenshtein@1.0.8 OK for: eslint-plugin-jsx-a11y@6.10.2 want: ^1.0.8
1721 silly placeDep ROOT emoji-regex@9.2.2 OK for: eslint-plugin-jsx-a11y@6.10.2 want: ^9.2.2
1722 silly placeDep ROOT jsx-ast-utils@3.3.5 OK for: eslint-plugin-jsx-a11y@6.10.2 want: ^3.3.5
1723 silly placeDep ROOT language-tags@1.0.9 OK for: eslint-plugin-jsx-a11y@6.10.2 want: ^1.0.9
1724 silly placeDep ROOT string.prototype.includes@2.0.1 OK for: eslint-plugin-jsx-a11y@6.10.2 want: ^2.0.1
1725 silly fetch manifest language-subtag-registry@^0.3.20
1726 silly packumentCache full:https://registry.npmjs.org/language-subtag-registry cache-miss
1727 http fetch GET 200 https://registry.npmjs.org/language-subtag-registry 81ms (cache miss)
1728 silly packumentCache full:https://registry.npmjs.org/language-subtag-registry set size:undefined disposed:false
1729 silly placeDep ROOT array.prototype.findlast@1.2.5 OK for: eslint-plugin-react@7.37.5 want: ^1.2.5
1730 silly placeDep ROOT array.prototype.tosorted@1.1.4 OK for: eslint-plugin-react@7.37.5 want: ^1.1.4
1731 silly placeDep ROOT es-iterator-helpers@1.4.0 OK for: eslint-plugin-react@7.37.5 want: ^1.2.1
1732 silly placeDep ROOT estraverse@5.3.0 OK for: eslint-plugin-react@7.37.5 want: ^5.3.0
1733 silly placeDep ROOT object.entries@1.1.9 OK for: eslint-plugin-react@7.37.5 want: ^1.1.9
1734 silly placeDep ROOT prop-types@15.8.1 OK for: eslint-plugin-react@7.37.5 want: ^15.8.1
1735 silly placeDep ROOT string.prototype.matchall@4.0.12 OK for: eslint-plugin-react@7.37.5 want: ^4.0.12
1736 silly placeDep ROOT string.prototype.repeat@1.0.0 OK for: eslint-plugin-react@7.37.5 want: ^1.0.0
1737 silly fetch manifest iterator.prototype@^1.1.5
1738 silly packumentCache full:https://registry.npmjs.org/iterator.prototype cache-miss
1739 silly fetch manifest loose-envify@^1.4.0
1740 silly packumentCache full:https://registry.npmjs.org/loose-envify cache-miss
1741 silly fetch manifest object-assign@^4.1.1
1742 silly packumentCache full:https://registry.npmjs.org/object-assign cache-miss
1743 silly fetch manifest react-is@^16.13.1
1744 silly packumentCache full:https://registry.npmjs.org/react-is cache-miss
1745 http fetch GET 200 https://registry.npmjs.org/object-assign 66ms (cache miss)
1746 silly packumentCache full:https://registry.npmjs.org/object-assign set size:undefined disposed:false
1747 http fetch GET 200 https://registry.npmjs.org/iterator.prototype 69ms (cache miss)
1748 silly packumentCache full:https://registry.npmjs.org/iterator.prototype set size:undefined disposed:false
1749 http fetch GET 200 https://registry.npmjs.org/loose-envify 73ms (cache miss)
1750 silly packumentCache full:https://registry.npmjs.org/loose-envify set size:undefined disposed:false
1751 http fetch GET 200 https://registry.npmjs.org/react-is 410ms (cache miss)
1752 silly packumentCache full:https://registry.npmjs.org/react-is set size:undefined disposed:false
1753 silly placeDep ROOT iterator.prototype@1.1.5 OK for: es-iterator-helpers@1.4.0 want: ^1.1.5
1754 silly placeDep ROOT @babel/core@7.29.7 OK for: eslint-plugin-react-hooks@7.1.1 want: ^7.24.4
1755 silly placeDep ROOT @babel/parser@7.29.7 OK for: eslint-plugin-react-hooks@7.1.1 want: ^7.24.4
1756 silly placeDep ROOT hermes-parser@0.25.1 OK for: eslint-plugin-react-hooks@7.1.1 want: ^0.25.1
1757 silly placeDep ROOT zod@4.4.3 OK for: eslint-plugin-react-hooks@7.1.1 want: ^3.25.0 || ^4.0.0
1758 silly placeDep ROOT zod-validation-error@4.0.2 OK for: eslint-plugin-react-hooks@7.1.1 want: ^3.5.0 || ^4.0.0
1759 silly fetch manifest json5@^2.2.3
1760 silly packumentCache full:https://registry.npmjs.org/json5 cache-miss
1761 silly fetch manifest gensync@^1.0.0-beta.2
1762 silly packumentCache full:https://registry.npmjs.org/gensync cache-miss
1763 silly fetch manifest @babel/types@^7.29.7
1764 silly packumentCache full:https://registry.npmjs.org/@babel%2ftypes cache-miss
1765 silly fetch manifest @babel/parser@^7.29.7
1766 silly packumentCache full:https://registry.npmjs.org/@babel%2fparser cache-miss
1767 silly fetch manifest @babel/helpers@^7.29.7
1768 silly packumentCache full:https://registry.npmjs.org/@babel%2fhelpers cache-miss
1769 silly fetch manifest @babel/template@^7.29.7
1770 silly packumentCache full:https://registry.npmjs.org/@babel%2ftemplate cache-miss
1771 silly fetch manifest @babel/traverse@^7.29.7
1772 silly packumentCache full:https://registry.npmjs.org/@babel%2ftraverse cache-miss
1773 http cache https://registry.npmjs.org/json5 24ms (cache hit)
1774 silly packumentCache full:https://registry.npmjs.org/json5 set size:86136 disposed:false
1775 silly fetch manifest @babel/generator@^7.29.7
1776 silly packumentCache full:https://registry.npmjs.org/@babel%2fgenerator cache-miss
1777 http cache https://registry.npmjs.org/@babel%2fparser 27ms (cache hit)
1778 silly packumentCache full:https://registry.npmjs.org/@babel%2fparser set size:735431 disposed:false
1779 silly fetch manifest @babel/code-frame@^7.29.7
1780 silly packumentCache full:https://registry.npmjs.org/@babel%2fcode-frame cache-miss
1781 http fetch GET 200 https://registry.npmjs.org/gensync 110ms (cache miss)
1782 silly packumentCache full:https://registry.npmjs.org/gensync set size:undefined disposed:false
1783 silly fetch manifest convert-source-map@^2.0.0
1784 silly packumentCache full:https://registry.npmjs.org/convert-source-map cache-miss
1785 http fetch GET 200 https://registry.npmjs.org/@babel%2ftemplate 150ms (cache miss)
1786 silly packumentCache full:https://registry.npmjs.org/@babel%2ftemplate set size:undefined disposed:false
1787 silly fetch manifest @babel/helper-module-transforms@^7.29.7
1788 silly packumentCache full:https://registry.npmjs.org/@babel%2fhelper-module-transforms cache-miss
1789 http fetch GET 200 https://registry.npmjs.org/@babel%2ftraverse 152ms (cache miss)
1790 silly packumentCache full:https://registry.npmjs.org/@babel%2ftraverse set size:undefined disposed:false
1791 silly fetch manifest @babel/helper-compilation-targets@^7.29.7
1792 silly packumentCache full:https://registry.npmjs.org/@babel%2fhelper-compilation-targets cache-miss
1793 http fetch GET 200 https://registry.npmjs.org/@babel%2ftypes 164ms (cache miss)
1794 silly packumentCache full:https://registry.npmjs.org/@babel%2ftypes set size:undefined disposed:false
1795 silly fetch manifest hermes-estree@0.25.1
1796 silly packumentCache full:https://registry.npmjs.org/hermes-estree cache-miss
1797 http fetch GET 200 https://registry.npmjs.org/@babel%2fcode-frame 136ms (cache miss)
1798 silly packumentCache full:https://registry.npmjs.org/@babel%2fcode-frame set size:undefined disposed:false
1799 http fetch GET 200 https://registry.npmjs.org/@babel%2fhelpers 179ms (cache miss)
1800 silly packumentCache full:https://registry.npmjs.org/@babel%2fhelpers set size:undefined disposed:false
1801 http fetch GET 200 https://registry.npmjs.org/convert-source-map 77ms (cache miss)
1802 silly packumentCache full:https://registry.npmjs.org/convert-source-map set size:undefined disposed:false
1803 http fetch GET 200 https://registry.npmjs.org/@babel%2fhelper-compilation-targets 93ms (cache miss)
1804 silly packumentCache full:https://registry.npmjs.org/@babel%2fhelper-compilation-targets set size:undefined disposed:false
1805 http fetch GET 200 https://registry.npmjs.org/@babel%2fgenerator 381ms (cache miss)
1806 silly packumentCache full:https://registry.npmjs.org/@babel%2fgenerator set size:undefined disposed:false
1807 http fetch GET 200 https://registry.npmjs.org/@babel%2fhelper-module-transforms 293ms (cache miss)
1808 silly packumentCache full:https://registry.npmjs.org/@babel%2fhelper-module-transforms set size:undefined disposed:false
1809 http fetch GET 200 https://registry.npmjs.org/hermes-estree 310ms (cache miss)
1810 silly packumentCache full:https://registry.npmjs.org/hermes-estree set size:undefined disposed:false
1811 silly fetch manifest @babel/core@^7.0.0
1812 silly packumentCache full:https://registry.npmjs.org/@babel%2fcore cache-miss
1813 http cache https://registry.npmjs.org/@babel%2fcore 2ms (cache hit)
1814 silly packumentCache full:https://registry.npmjs.org/@babel%2fcore set size:788258 disposed:false
1815 silly placeDep ROOT @babel/code-frame@7.29.7 OK for: @babel/core@7.29.7 want: ^7.29.7
1816 silly placeDep ROOT @babel/generator@7.29.7 OK for: @babel/core@7.29.7 want: ^7.29.7
1817 silly placeDep ROOT @babel/helper-compilation-targets@7.29.7 OK for: @babel/core@7.29.7 want: ^7.29.7
1818 silly placeDep ROOT @babel/helper-module-transforms@7.29.7 OK for: @babel/core@7.29.7 want: ^7.29.7
1819 silly placeDep ROOT @babel/helpers@7.29.7 OK for: @babel/core@7.29.7 want: ^7.29.7
1820 silly placeDep ROOT @babel/template@7.29.7 OK for: @babel/core@7.29.7 want: ^7.29.7
1821 silly placeDep ROOT @babel/traverse@7.29.7 OK for: @babel/core@7.29.7 want: ^7.29.7
1822 silly placeDep ROOT @babel/types@7.29.7 OK for: @babel/core@7.29.7 want: ^7.29.7
1823 silly placeDep ROOT convert-source-map@2.0.0 OK for: @babel/core@7.29.7 want: ^2.0.0
1824 silly placeDep ROOT gensync@1.0.0-beta.2 OK for: @babel/core@7.29.7 want: ^1.0.0-beta.2
1825 silly placeDep ROOT json5@2.2.3 OK for: @babel/core@7.29.7 want: ^2.2.3
1826 silly fetch manifest js-tokens@^4.0.0
1827 silly packumentCache full:https://registry.npmjs.org/js-tokens cache-miss
1828 silly fetch manifest @babel/helper-validator-identifier@^7.29.7
1829 silly packumentCache full:https://registry.npmjs.org/@babel%2fhelper-validator-identifier cache-miss
1830 silly fetch manifest jsesc@^3.0.2
1831 silly packumentCache full:https://registry.npmjs.org/jsesc cache-miss
1832 silly fetch manifest lru-cache@^5.1.1
1833 silly packumentCache full:https://registry.npmjs.org/lru-cache cache-miss
1834 silly fetch manifest browserslist@^4.24.0
1835 silly packumentCache full:https://registry.npmjs.org/browserslist cache-miss
1836 silly fetch manifest @babel/compat-data@^7.29.7
1837 silly packumentCache full:https://registry.npmjs.org/@babel%2fcompat-data cache-miss
1838 silly fetch manifest @babel/helper-validator-option@^7.29.7
1839 silly packumentCache full:https://registry.npmjs.org/@babel%2fhelper-validator-option cache-miss
1840 http fetch GET 200 https://registry.npmjs.org/js-tokens 69ms (cache miss)
1841 silly packumentCache full:https://registry.npmjs.org/js-tokens set size:undefined disposed:false
1842 silly fetch manifest @babel/helper-module-imports@^7.29.7
1843 silly packumentCache full:https://registry.npmjs.org/@babel%2fhelper-module-imports cache-miss
1844 http fetch GET 200 https://registry.npmjs.org/@babel%2fhelper-validator-option 108ms (cache miss)
1845 silly packumentCache full:https://registry.npmjs.org/@babel%2fhelper-validator-option set size:undefined disposed:false
1846 silly fetch manifest @babel/helper-validator-identifier@^7.29.7
1847 silly packumentCache full:https://registry.npmjs.org/@babel%2fhelper-validator-identifier cache-miss
1848 http fetch GET 200 https://registry.npmjs.org/jsesc 109ms (cache miss)
1849 silly packumentCache full:https://registry.npmjs.org/jsesc set size:undefined disposed:false
1850 silly fetch manifest @babel/helper-globals@^7.29.7
1851 silly packumentCache full:https://registry.npmjs.org/@babel%2fhelper-globals cache-miss
1852 http fetch GET 200 https://registry.npmjs.org/@babel%2fhelper-validator-identifier 110ms (cache miss)
1853 silly packumentCache full:https://registry.npmjs.org/@babel%2fhelper-validator-identifier set size:undefined disposed:false
1854 silly fetch manifest @babel/helper-string-parser@^7.29.7
1855 silly packumentCache full:https://registry.npmjs.org/@babel%2fhelper-string-parser cache-miss
1856 http fetch GET 200 https://registry.npmjs.org/browserslist 113ms (cache miss)
1857 silly packumentCache full:https://registry.npmjs.org/browserslist set size:undefined disposed:false
1858 http fetch GET 200 https://registry.npmjs.org/@babel%2fhelper-module-imports 115ms (cache miss)
1859 silly packumentCache full:https://registry.npmjs.org/@babel%2fhelper-module-imports set size:undefined disposed:false
1860 http fetch GET 200 https://registry.npmjs.org/@babel%2fhelper-string-parser 79ms (cache miss)
1861 silly packumentCache full:https://registry.npmjs.org/@babel%2fhelper-string-parser set size:undefined disposed:false
1862 http fetch GET 200 https://registry.npmjs.org/@babel%2fhelper-validator-identifier 88ms (cache miss)
1863 silly packumentCache full:https://registry.npmjs.org/@babel%2fhelper-validator-identifier set size:undefined disposed:false
1864 http fetch GET 200 https://registry.npmjs.org/lru-cache 319ms (cache miss)
1865 silly packumentCache full:https://registry.npmjs.org/lru-cache set size:undefined disposed:false
1866 http fetch GET 200 https://registry.npmjs.org/@babel%2fcompat-data 329ms (cache miss)
1867 silly packumentCache full:https://registry.npmjs.org/@babel%2fcompat-data set size:undefined disposed:false
1868 http fetch GET 200 https://registry.npmjs.org/@babel%2fhelper-globals 322ms (cache miss)
1869 silly packumentCache full:https://registry.npmjs.org/@babel%2fhelper-globals set size:undefined disposed:false
1870 silly placeDep ROOT @babel/helper-validator-identifier@7.29.7 OK for: @babel/code-frame@7.29.7 want: ^7.29.7
1871 silly placeDep ROOT js-tokens@4.0.0 OK for: @babel/code-frame@7.29.7 want: ^4.0.0
1872 silly placeDep ROOT picocolors@1.1.1 OK for: @babel/code-frame@7.29.7 want: ^1.1.1
1873 silly placeDep ROOT jsesc@3.1.0 OK for: @babel/generator@7.29.7 want: ^3.0.2
1874 silly placeDep ROOT @babel/compat-data@7.29.7 OK for: @babel/helper-compilation-targets@7.29.7 want: ^7.29.7
1875 silly placeDep ROOT @babel/helper-validator-option@7.29.7 OK for: @babel/helper-compilation-targets@7.29.7 want: ^7.29.7
1876 silly placeDep ROOT browserslist@4.28.6 OK for: @babel/helper-compilation-targets@7.29.7 want: ^4.24.0
1877 silly placeDep ROOT lru-cache@5.1.1 OK for: @babel/helper-compilation-targets@7.29.7 want: ^5.1.1
1878 silly fetch manifest caniuse-lite@^1.0.30001803
1879 silly packumentCache full:https://registry.npmjs.org/caniuse-lite cache-miss
1880 silly fetch manifest node-releases@^2.0.51
1881 silly packumentCache full:https://registry.npmjs.org/node-releases cache-miss
1882 silly fetch manifest electron-to-chromium@^1.5.389
1883 silly packumentCache full:https://registry.npmjs.org/electron-to-chromium cache-miss
1884 silly fetch manifest update-browserslist-db@^1.2.3
1885 silly packumentCache full:https://registry.npmjs.org/update-browserslist-db cache-miss
1886 silly fetch manifest baseline-browser-mapping@^2.10.42
1887 silly packumentCache full:https://registry.npmjs.org/baseline-browser-mapping cache-miss
1888 silly fetch manifest yallist@^3.0.2
1889 silly packumentCache full:https://registry.npmjs.org/yallist cache-miss
1890 http cache https://registry.npmjs.org/baseline-browser-mapping 4ms (cache hit)
1891 silly packumentCache full:https://registry.npmjs.org/baseline-browser-mapping set size:533234 disposed:false
1892 http cache https://registry.npmjs.org/caniuse-lite 8ms (cache hit)
1893 silly packumentCache full:https://registry.npmjs.org/caniuse-lite set size:2304894 disposed:false
1894 http fetch GET 200 https://registry.npmjs.org/update-browserslist-db 62ms (cache miss)
1895 silly packumentCache full:https://registry.npmjs.org/update-browserslist-db set size:undefined disposed:false
1896 http fetch GET 200 https://registry.npmjs.org/yallist 73ms (cache miss)
1897 silly packumentCache full:https://registry.npmjs.org/yallist set size:undefined disposed:false
1898 http fetch GET 200 https://registry.npmjs.org/node-releases 195ms (cache miss)
1899 silly packumentCache full:https://registry.npmjs.org/node-releases set size:undefined disposed:false
1900 http fetch GET 200 https://registry.npmjs.org/electron-to-chromium 333ms (cache miss)
1901 silly packumentCache full:https://registry.npmjs.org/electron-to-chromium set size:undefined disposed:false
1902 silly placeDep ROOT @babel/helper-module-imports@7.29.7 OK for: @babel/helper-module-transforms@7.29.7 want: ^7.29.7
1903 silly placeDep ROOT @babel/helper-globals@7.29.7 OK for: @babel/traverse@7.29.7 want: ^7.29.7
1904 silly placeDep ROOT @babel/helper-string-parser@7.29.7 OK for: @babel/types@7.29.7 want: ^7.29.7
1905 silly fetch manifest browserslist@>= 4.21.0
1906 silly packumentCache full:https://registry.npmjs.org/browserslist cache-miss
1907 http cache https://registry.npmjs.org/browserslist 3ms (cache hit)
1908 silly packumentCache full:https://registry.npmjs.org/browserslist set size:514014 disposed:false
1909 silly placeDep ROOT baseline-browser-mapping@2.10.43 OK for: browserslist@4.28.6 want: ^2.10.42
1910 silly placeDep ROOT caniuse-lite@1.0.30001805 OK for: browserslist@4.28.6 want: ^1.0.30001803
1911 silly placeDep ROOT electron-to-chromium@1.5.389 OK for: browserslist@4.28.6 want: ^1.5.389
1912 silly placeDep ROOT node-releases@2.0.51 OK for: browserslist@4.28.6 want: ^2.0.51
1913 silly placeDep ROOT update-browserslist-db@1.2.3 OK for: browserslist@4.28.6 want: ^1.2.3
1914 silly fetch manifest escalade@^3.2.0
1915 silly packumentCache full:https://registry.npmjs.org/escalade cache-miss
1916 http fetch GET 200 https://registry.npmjs.org/escalade 73ms (cache miss)
1917 silly packumentCache full:https://registry.npmjs.org/escalade set size:undefined disposed:false
1918 silly placeDep ROOT esrecurse@4.3.0 OK for: eslint-scope@8.4.0 want: ^4.3.0
1919 silly placeDep ROOT acorn@8.17.0 OK for: espree@10.4.0 want: ^8.15.0
1920 silly placeDep ROOT acorn-jsx@5.3.2 OK for: espree@10.4.0 want: ^5.3.2
1921 silly placeDep ROOT @nodelib/fs.stat@2.0.5 OK for: fast-glob@3.3.1 want: ^2.0.2
1922 silly placeDep ROOT @nodelib/fs.walk@1.2.8 OK for: fast-glob@3.3.1 want: ^1.2.3
1923 silly placeDep node_modules/fast-glob glob-parent@5.1.2 OK for: fast-glob@3.3.1 want: ^5.1.2
1924 silly placeDep ROOT merge2@1.4.1 OK for: fast-glob@3.3.1 want: ^1.3.0
1925 silly placeDep ROOT micromatch@4.0.8 OK for: fast-glob@3.3.1 want: ^4.0.4
1926 silly fetch manifest fastq@^1.6.0
1927 silly packumentCache full:https://registry.npmjs.org/fastq cache-miss
1928 silly fetch manifest @nodelib/fs.scandir@2.1.5
1929 silly packumentCache full:https://registry.npmjs.org/@nodelib%2ffs.scandir cache-miss
1930 silly fetch manifest braces@^3.0.3
1931 silly packumentCache full:https://registry.npmjs.org/braces cache-miss
1932 silly fetch manifest picomatch@^2.3.1
1933 silly packumentCache full:https://registry.npmjs.org/picomatch cache-miss
1934 http cache https://registry.npmjs.org/picomatch 3ms (cache hit)
1935 silly packumentCache full:https://registry.npmjs.org/picomatch set size:128942 disposed:false
1936 http fetch GET 200 https://registry.npmjs.org/@nodelib%2ffs.scandir 94ms (cache miss)
1937 silly packumentCache full:https://registry.npmjs.org/@nodelib%2ffs.scandir set size:undefined disposed:false
1938 http fetch GET 200 https://registry.npmjs.org/fastq 95ms (cache miss)
1939 silly packumentCache full:https://registry.npmjs.org/fastq set size:undefined disposed:false
1940 http fetch GET 200 https://registry.npmjs.org/braces 102ms (cache miss)
1941 silly packumentCache full:https://registry.npmjs.org/braces set size:undefined disposed:false
1942 silly placeDep ROOT @nodelib/fs.scandir@2.1.5 OK for: @nodelib/fs.walk@1.2.8 want: 2.1.5
1943 silly placeDep ROOT fastq@1.20.1 OK for: @nodelib/fs.walk@1.2.8 want: ^1.6.0
1944 silly fetch manifest run-parallel@^1.1.9
1945 silly packumentCache full:https://registry.npmjs.org/run-parallel cache-miss
1946 silly fetch manifest reusify@^1.0.4
1947 silly packumentCache full:https://registry.npmjs.org/reusify cache-miss
1948 http fetch GET 200 https://registry.npmjs.org/run-parallel 68ms (cache miss)
1949 silly packumentCache full:https://registry.npmjs.org/run-parallel set size:undefined disposed:false
1950 http fetch GET 200 https://registry.npmjs.org/reusify 78ms (cache miss)
1951 silly packumentCache full:https://registry.npmjs.org/reusify set size:undefined disposed:false
1952 silly placeDep ROOT run-parallel@1.2.0 OK for: @nodelib/fs.scandir@2.1.5 want: ^1.1.9
1953 silly fetch manifest queue-microtask@^1.2.2
1954 silly packumentCache full:https://registry.npmjs.org/queue-microtask cache-miss
1955 http fetch GET 200 https://registry.npmjs.org/queue-microtask 65ms (cache miss)
1956 silly packumentCache full:https://registry.npmjs.org/queue-microtask set size:undefined disposed:false
1957 silly placeDep ROOT reusify@1.1.0 OK for: fastq@1.20.1 want: ^1.0.4
1958 silly placeDep ROOT flat-cache@4.0.1 OK for: file-entry-cache@8.0.0 want: ^4.0.0
1959 silly fetch manifest keyv@^4.5.4
1960 silly packumentCache full:https://registry.npmjs.org/keyv cache-miss
1961 silly fetch manifest flatted@^3.2.9
1962 silly packumentCache full:https://registry.npmjs.org/flatted cache-miss
1963 http fetch GET 200 https://registry.npmjs.org/flatted 76ms (cache miss)
1964 silly packumentCache full:https://registry.npmjs.org/flatted set size:undefined disposed:false
1965 http fetch GET 200 https://registry.npmjs.org/keyv 83ms (cache miss)
1966 silly packumentCache full:https://registry.npmjs.org/keyv set size:undefined disposed:false
1967 silly placeDep ROOT locate-path@6.0.0 OK for: find-up@5.0.0 want: ^6.0.0
1968 silly placeDep ROOT path-exists@4.0.0 OK for: find-up@5.0.0 want: ^4.0.0
1969 silly fetch manifest p-locate@^5.0.0
1970 silly packumentCache full:https://registry.npmjs.org/p-locate cache-miss
1971 http fetch GET 200 https://registry.npmjs.org/p-locate 57ms (cache miss)
1972 silly packumentCache full:https://registry.npmjs.org/p-locate set size:undefined disposed:false
1973 silly placeDep ROOT flatted@3.4.2 OK for: flat-cache@4.0.1 want: ^3.2.9
1974 silly placeDep ROOT keyv@4.5.4 OK for: flat-cache@4.0.1 want: ^4.5.4
1975 silly fetch manifest json-buffer@3.0.1
1976 silly packumentCache full:https://registry.npmjs.org/json-buffer cache-miss
1977 http fetch GET 200 https://registry.npmjs.org/json-buffer 68ms (cache miss)
1978 silly packumentCache full:https://registry.npmjs.org/json-buffer set size:undefined disposed:false
1979 silly placeDep ROOT functions-have-names@1.2.3 OK for: function.prototype.name@1.2.0 want: ^1.2.3
1980 silly placeDep ROOT is-document.all@1.0.0 OK for: function.prototype.name@1.2.0 want: ^1.0.0
1981 silly placeDep ROOT dunder-proto@1.0.1 OK for: get-proto@1.0.1 want: ^1.0.1
1982 silly placeDep ROOT resolve-pkg-maps@1.0.0 OK for: get-tsconfig@4.14.0 want: ^1.0.0
1983 silly placeDep ROOT hermes-estree@0.25.1 OK for: hermes-parser@0.25.1 want: 0.25.1
1984 silly placeDep ROOT parent-module@1.0.1 OK for: import-fresh@3.3.1 want: ^1.0.0
1985 silly placeDep ROOT resolve-from@4.0.0 OK for: import-fresh@3.3.1 want: ^4.0.0
1986 silly fetch manifest callsites@^3.0.0
1987 silly packumentCache full:https://registry.npmjs.org/callsites cache-miss
1988 http fetch GET 200 https://registry.npmjs.org/callsites 75ms (cache miss)
1989 silly packumentCache full:https://registry.npmjs.org/callsites set size:undefined disposed:false
1990 silly placeDep ROOT side-channel@1.1.1 OK for: internal-slot@1.1.0 want: ^1.1.0
1991 silly fetch manifest side-channel-list@^1.0.1
1992 silly packumentCache full:https://registry.npmjs.org/side-channel-list cache-miss
1993 silly fetch manifest side-channel-map@^1.0.1
1994 silly packumentCache full:https://registry.npmjs.org/side-channel-map cache-miss
1995 silly fetch manifest side-channel-weakmap@^1.0.2
1996 silly packumentCache full:https://registry.npmjs.org/side-channel-weakmap cache-miss
1997 http fetch GET 200 https://registry.npmjs.org/side-channel-map 58ms (cache miss)
1998 silly packumentCache full:https://registry.npmjs.org/side-channel-map set size:undefined disposed:false
1999 http fetch GET 200 https://registry.npmjs.org/side-channel-weakmap 61ms (cache miss)
2000 silly packumentCache full:https://registry.npmjs.org/side-channel-weakmap set size:undefined disposed:false
2001 http fetch GET 200 https://registry.npmjs.org/side-channel-list 78ms (cache miss)
2002 silly packumentCache full:https://registry.npmjs.org/side-channel-list set size:undefined disposed:false
2003 silly placeDep node_modules/is-bun-module semver@7.8.5 OK for: is-bun-module@2.0.0 want: ^7.7.1
2004 silly placeDep ROOT is-extglob@2.1.1 OK for: is-glob@4.0.3 want: ^2.1.1
2005 silly placeDep ROOT set-function-name@2.0.2 OK for: iterator.prototype@1.1.5 want: ^2.0.2
2006 silly placeDep ROOT argparse@2.0.1 OK for: js-yaml@4.3.0 want: ^2.0.1
2007 silly placeDep ROOT json-buffer@3.0.1 OK for: keyv@4.5.4 want: 3.0.1
2008 silly placeDep ROOT language-subtag-registry@0.3.23 OK for: language-tags@1.0.9 want: ^0.3.20
2009 silly placeDep ROOT prelude-ls@1.2.1 OK for: levn@0.4.1 want: ^1.2.1
2010 silly placeDep ROOT type-check@0.4.0 OK for: levn@0.4.1 want: ~0.4.0
2011 silly placeDep ROOT detect-libc@2.1.2 OK for: lightningcss@1.32.0 want: ^2.0.3
2012 silly placeDep ROOT lightningcss-android-arm64@1.32.0 OK for: lightningcss@1.32.0 want: 1.32.0
2013 silly placeDep ROOT lightningcss-darwin-arm64@1.32.0 OK for: lightningcss@1.32.0 want: 1.32.0
2014 silly placeDep ROOT lightningcss-darwin-x64@1.32.0 OK for: lightningcss@1.32.0 want: 1.32.0
2015 silly placeDep ROOT lightningcss-freebsd-x64@1.32.0 OK for: lightningcss@1.32.0 want: 1.32.0
2016 silly placeDep ROOT lightningcss-linux-arm-gnueabihf@1.32.0 OK for: lightningcss@1.32.0 want: 1.32.0
2017 silly placeDep ROOT lightningcss-linux-arm64-gnu@1.32.0 OK for: lightningcss@1.32.0 want: 1.32.0
2018 silly placeDep ROOT lightningcss-linux-arm64-musl@1.32.0 OK for: lightningcss@1.32.0 want: 1.32.0
2019 silly placeDep ROOT lightningcss-linux-x64-gnu@1.32.0 OK for: lightningcss@1.32.0 want: 1.32.0
2020 silly placeDep ROOT lightningcss-linux-x64-musl@1.32.0 OK for: lightningcss@1.32.0 want: 1.32.0
2021 silly placeDep ROOT lightningcss-win32-arm64-msvc@1.32.0 OK for: lightningcss@1.32.0 want: 1.32.0
2022 silly placeDep ROOT lightningcss-win32-x64-msvc@1.32.0 OK for: lightningcss@1.32.0 want: 1.32.0
2023 silly placeDep ROOT p-locate@5.0.0 OK for: locate-path@6.0.0 want: ^5.0.0
2024 silly fetch manifest p-limit@^3.0.2
2025 silly packumentCache full:https://registry.npmjs.org/p-limit cache-miss
2026 http fetch GET 200 https://registry.npmjs.org/p-limit 94ms (cache miss)
2027 silly packumentCache full:https://registry.npmjs.org/p-limit set size:undefined disposed:false
2028 silly placeDep ROOT yallist@3.1.1 OK for: lru-cache@5.1.1 want: ^3.0.2
2029 silly placeDep ROOT braces@3.0.3 OK for: micromatch@4.0.8 want: ^3.0.3
2030 silly placeDep ROOT picomatch@2.3.2 OK for: micromatch@4.0.8 want: ^2.3.1
2031 silly fetch manifest fill-range@^7.1.1
2032 silly packumentCache full:https://registry.npmjs.org/fill-range cache-miss
2033 http fetch GET 200 https://registry.npmjs.org/fill-range 87ms (cache miss)
2034 silly packumentCache full:https://registry.npmjs.org/fill-range set size:undefined disposed:false
2035 silly placeDep ROOT fill-range@7.1.1 OK for: braces@3.0.3 want: ^7.1.1
2036 silly fetch manifest to-regex-range@^5.0.1
2037 silly packumentCache full:https://registry.npmjs.org/to-regex-range cache-miss
2038 http fetch GET 200 https://registry.npmjs.org/to-regex-range 80ms (cache miss)
2039 silly packumentCache full:https://registry.npmjs.org/to-regex-range set size:undefined disposed:false
2040 silly placeDep ROOT to-regex-range@5.0.1 OK for: fill-range@7.1.1 want: ^5.0.1
2041 silly fetch manifest is-number@^7.0.0
2042 silly packumentCache full:https://registry.npmjs.org/is-number cache-miss
2043 http fetch GET 200 https://registry.npmjs.org/is-number 62ms (cache miss)
2044 silly packumentCache full:https://registry.npmjs.org/is-number set size:undefined disposed:false
2045 silly placeDep ROOT brace-expansion@1.1.16 OK for: minimatch@3.1.5 want: ^1.1.7
2046 silly fetch manifest concat-map@0.0.1
2047 silly packumentCache full:https://registry.npmjs.org/concat-map cache-miss
2048 silly fetch manifest balanced-match@^1.0.0
2049 silly packumentCache full:https://registry.npmjs.org/balanced-match cache-miss
2050 http fetch GET 200 https://registry.npmjs.org/concat-map 63ms (cache miss)
2051 silly packumentCache full:https://registry.npmjs.org/concat-map set size:undefined disposed:false
2052 http fetch GET 200 https://registry.npmjs.org/balanced-match 70ms (cache miss)
2053 silly packumentCache full:https://registry.npmjs.org/balanced-match set size:undefined disposed:false
2054 silly placeDep ROOT balanced-match@1.0.2 OK for: brace-expansion@1.1.16 want: ^1.0.0
2055 silly placeDep ROOT concat-map@0.0.1 OK for: brace-expansion@1.1.16 want: 0.0.1
2056 silly fetch manifest react@^18.2.0 || 19.0.0-rc-de68d2f4-20241204 || ^19.0.0
2057 silly packumentCache full:https://registry.npmjs.org/react cache-miss
2058 http cache https://registry.npmjs.org/react 11ms (cache hit)
2059 silly packumentCache full:https://registry.npmjs.org/react set size:6787766 disposed:false
2060 silly placeDep ROOT @next/env@16.2.10 OK for: next@16.2.10 want: 16.2.10
2061 silly placeDep ROOT @next/swc-darwin-arm64@16.2.10 OK for: next@16.2.10 want: 16.2.10
2062 silly placeDep ROOT @next/swc-darwin-x64@16.2.10 OK for: next@16.2.10 want: 16.2.10
2063 silly placeDep ROOT @next/swc-linux-arm64-gnu@16.2.10 OK for: next@16.2.10 want: 16.2.10
2064 silly placeDep ROOT @next/swc-linux-arm64-musl@16.2.10 OK for: next@16.2.10 want: 16.2.10
2065 silly placeDep ROOT @next/swc-linux-x64-gnu@16.2.10 OK for: next@16.2.10 want: 16.2.10
2066 silly placeDep ROOT @next/swc-linux-x64-musl@16.2.10 OK for: next@16.2.10 want: 16.2.10
2067 silly placeDep ROOT @next/swc-win32-arm64-msvc@16.2.10 OK for: next@16.2.10 want: 16.2.10
2068 silly placeDep ROOT @next/swc-win32-x64-msvc@16.2.10 OK for: next@16.2.10 want: 16.2.10
2069 silly placeDep ROOT @swc/helpers@0.5.15 OK for: next@16.2.10 want: 0.5.15
2070 silly placeDep node_modules/next postcss@8.4.31 OK for: next@16.2.10 want: 8.4.31
2071 silly placeDep ROOT sharp@0.34.5 OK for: next@16.2.10 want: ^0.34.5
2072 silly placeDep ROOT styled-jsx@5.1.6 OK for: next@16.2.10 want: 5.1.6
2073 silly fetch manifest tslib@^2.8.0
2074 silly packumentCache full:https://registry.npmjs.org/tslib cache-miss
2075 silly fetch manifest nanoid@^3.3.6
2076 silly packumentCache full:https://registry.npmjs.org/nanoid cache-miss
2077 silly fetch manifest semver@^7.7.3
2078 silly packumentCache full:https://registry.npmjs.org/semver cache-hit
2079 silly fetch manifest @img/colour@^1.0.0
2080 silly packumentCache full:https://registry.npmjs.org/@img%2fcolour cache-miss
2081 silly fetch manifest @img/sharp-wasm32@0.34.5
2082 silly packumentCache full:https://registry.npmjs.org/@img%2fsharp-wasm32 cache-miss
2083 silly fetch manifest @img/sharp-linux-arm@0.34.5
2084 silly packumentCache full:https://registry.npmjs.org/@img%2fsharp-linux-arm cache-miss
2085 silly fetch manifest @img/sharp-linux-x64@0.34.5
2086 silly packumentCache full:https://registry.npmjs.org/@img%2fsharp-linux-x64 cache-miss
2087 silly fetch manifest @img/sharp-win32-x64@0.34.5
2088 silly packumentCache full:https://registry.npmjs.org/@img%2fsharp-win32-x64 cache-miss
2089 http cache https://registry.npmjs.org/nanoid 18ms (cache hit)
2090 silly packumentCache full:https://registry.npmjs.org/nanoid set size:330515 disposed:false
2091 silly fetch manifest @img/sharp-darwin-x64@0.34.5
2092 silly packumentCache full:https://registry.npmjs.org/@img%2fsharp-darwin-x64 cache-miss
2093 http fetch GET 200 https://registry.npmjs.org/@img%2fsharp-win32-x64 90ms (cache miss)
2094 silly packumentCache full:https://registry.npmjs.org/@img%2fsharp-win32-x64 set size:undefined disposed:false
2095 silly fetch manifest @img/sharp-win32-ia32@0.34.5
2096 silly packumentCache full:https://registry.npmjs.org/@img%2fsharp-win32-ia32 cache-miss
2097 http fetch GET 200 https://registry.npmjs.org/@img%2fsharp-linux-arm 100ms (cache miss)
2098 silly packumentCache full:https://registry.npmjs.org/@img%2fsharp-linux-arm set size:undefined disposed:false
2099 silly fetch manifest @img/sharp-linux-arm64@0.34.5
2100 silly packumentCache full:https://registry.npmjs.org/@img%2fsharp-linux-arm64 cache-miss
2101 http fetch GET 200 https://registry.npmjs.org/@img%2fsharp-wasm32 101ms (cache miss)
2102 silly packumentCache full:https://registry.npmjs.org/@img%2fsharp-wasm32 set size:undefined disposed:false
2103 silly fetch manifest @img/sharp-linux-ppc64@0.34.5
2104 silly packumentCache full:https://registry.npmjs.org/@img%2fsharp-linux-ppc64 cache-miss
2105 http fetch GET 200 https://registry.npmjs.org/@img%2fsharp-darwin-x64 87ms (cache miss)
2106 silly packumentCache full:https://registry.npmjs.org/@img%2fsharp-darwin-x64 set size:undefined disposed:false
2107 silly fetch manifest @img/sharp-linux-s390x@0.34.5
2108 silly packumentCache full:https://registry.npmjs.org/@img%2fsharp-linux-s390x cache-miss
2109 http fetch GET 200 https://registry.npmjs.org/tslib 119ms (cache miss)
2110 silly packumentCache full:https://registry.npmjs.org/tslib set size:undefined disposed:false
2111 silly fetch manifest @img/sharp-win32-arm64@0.34.5
2112 silly packumentCache full:https://registry.npmjs.org/@img%2fsharp-win32-arm64 cache-miss
2113 http fetch GET 200 https://registry.npmjs.org/@img%2fsharp-linux-arm64 115ms (cache miss)
2114 silly packumentCache full:https://registry.npmjs.org/@img%2fsharp-linux-arm64 set size:undefined disposed:false
2115 silly fetch manifest @img/sharp-darwin-arm64@0.34.5
2116 silly packumentCache full:https://registry.npmjs.org/@img%2fsharp-darwin-arm64 cache-miss
2117 http fetch GET 200 https://registry.npmjs.org/@img%2fsharp-win32-ia32 129ms (cache miss)
2118 silly packumentCache full:https://registry.npmjs.org/@img%2fsharp-win32-ia32 set size:undefined disposed:false
2119 silly fetch manifest @img/sharp-linux-riscv64@0.34.5
2120 silly packumentCache full:https://registry.npmjs.org/@img%2fsharp-linux-riscv64 cache-miss
2121 http fetch GET 200 https://registry.npmjs.org/@img%2fcolour 226ms (cache miss)
2122 silly packumentCache full:https://registry.npmjs.org/@img%2fcolour set size:undefined disposed:false
2123 silly fetch manifest @img/sharp-linuxmusl-x64@0.34.5
2124 silly packumentCache full:https://registry.npmjs.org/@img%2fsharp-linuxmusl-x64 cache-miss
2125 http fetch GET 200 https://registry.npmjs.org/@img%2fsharp-darwin-arm64 84ms (cache miss)
2126 silly packumentCache full:https://registry.npmjs.org/@img%2fsharp-darwin-arm64 set size:undefined disposed:false
2127 silly fetch manifest @img/sharp-linuxmusl-arm64@0.34.5
2128 silly packumentCache full:https://registry.npmjs.org/@img%2fsharp-linuxmusl-arm64 cache-miss
2129 http fetch GET 200 https://registry.npmjs.org/@img%2fsharp-linuxmusl-x64 79ms (cache miss)
2130 silly packumentCache full:https://registry.npmjs.org/@img%2fsharp-linuxmusl-x64 set size:undefined disposed:false
2131 silly fetch manifest @img/sharp-libvips-linux-arm@1.2.4
2132 silly packumentCache full:https://registry.npmjs.org/@img%2fsharp-libvips-linux-arm cache-miss
2133 http fetch GET 200 https://registry.npmjs.org/@img%2fsharp-linux-x64 313ms (cache miss)
2134 silly packumentCache full:https://registry.npmjs.org/@img%2fsharp-linux-x64 set size:undefined disposed:false
2135 silly fetch manifest @img/sharp-libvips-linux-x64@1.2.4
2136 silly packumentCache full:https://registry.npmjs.org/@img%2fsharp-libvips-linux-x64 cache-miss
2137 http fetch GET 200 https://registry.npmjs.org/@img%2fsharp-linux-ppc64 257ms (cache miss)
2138 silly packumentCache full:https://registry.npmjs.org/@img%2fsharp-linux-ppc64 set size:undefined disposed:false
2139 silly fetch manifest @img/sharp-libvips-darwin-x64@1.2.4
2140 silly packumentCache full:https://registry.npmjs.org/@img%2fsharp-libvips-darwin-x64 cache-miss
2141 http fetch GET 200 https://registry.npmjs.org/@img%2fsharp-win32-arm64 256ms (cache miss)
2142 silly packumentCache full:https://registry.npmjs.org/@img%2fsharp-win32-arm64 set size:undefined disposed:false
2143 silly fetch manifest @img/sharp-libvips-linux-arm64@1.2.4
2144 silly packumentCache full:https://registry.npmjs.org/@img%2fsharp-libvips-linux-arm64 cache-miss
2145 http fetch GET 200 https://registry.npmjs.org/@img%2fsharp-linuxmusl-arm64 81ms (cache miss)
2146 silly packumentCache full:https://registry.npmjs.org/@img%2fsharp-linuxmusl-arm64 set size:undefined disposed:false
2147 silly fetch manifest @img/sharp-libvips-linux-ppc64@1.2.4
2148 silly packumentCache full:https://registry.npmjs.org/@img%2fsharp-libvips-linux-ppc64 cache-miss
2149 http fetch GET 200 https://registry.npmjs.org/@img%2fsharp-libvips-linux-arm 87ms (cache miss)
2150 silly packumentCache full:https://registry.npmjs.org/@img%2fsharp-libvips-linux-arm set size:undefined disposed:false
2151 silly fetch manifest @img/sharp-libvips-linux-s390x@1.2.4
2152 silly packumentCache full:https://registry.npmjs.org/@img%2fsharp-libvips-linux-s390x cache-miss
2153 http fetch GET 200 https://registry.npmjs.org/@img%2fsharp-libvips-linux-x64 84ms (cache miss)
2154 silly packumentCache full:https://registry.npmjs.org/@img%2fsharp-libvips-linux-x64 set size:undefined disposed:false
2155 silly fetch manifest @img/sharp-libvips-darwin-arm64@1.2.4
2156 silly packumentCache full:https://registry.npmjs.org/@img%2fsharp-libvips-darwin-arm64 cache-miss
2157 http fetch GET 200 https://registry.npmjs.org/@img%2fsharp-linux-riscv64 235ms (cache miss)
2158 silly packumentCache full:https://registry.npmjs.org/@img%2fsharp-linux-riscv64 set size:undefined disposed:false
2159 silly fetch manifest @img/sharp-libvips-linux-riscv64@1.2.4
2160 silly packumentCache full:https://registry.npmjs.org/@img%2fsharp-libvips-linux-riscv64 cache-miss
2161 http fetch GET 200 https://registry.npmjs.org/@img%2fsharp-linux-s390x 355ms (cache miss)
2162 silly packumentCache full:https://registry.npmjs.org/@img%2fsharp-linux-s390x set size:undefined disposed:false
2163 silly fetch manifest @img/sharp-libvips-linuxmusl-x64@1.2.4
2164 silly packumentCache full:https://registry.npmjs.org/@img%2fsharp-libvips-linuxmusl-x64 cache-miss
2165 http fetch GET 200 https://registry.npmjs.org/@img%2fsharp-libvips-darwin-x64 111ms (cache miss)
2166 silly packumentCache full:https://registry.npmjs.org/@img%2fsharp-libvips-darwin-x64 set size:undefined disposed:false
2167 silly fetch manifest @img/sharp-libvips-linuxmusl-arm64@1.2.4
2168 silly packumentCache full:https://registry.npmjs.org/@img%2fsharp-libvips-linuxmusl-arm64 cache-miss
2169 http fetch GET 200 https://registry.npmjs.org/@img%2fsharp-libvips-linux-s390x 81ms (cache miss)
2170 silly packumentCache full:https://registry.npmjs.org/@img%2fsharp-libvips-linux-s390x set size:undefined disposed:false
2171 silly fetch manifest client-only@0.0.1
2172 silly packumentCache full:https://registry.npmjs.org/client-only cache-miss
2173 http fetch GET 200 https://registry.npmjs.org/@img%2fsharp-libvips-darwin-arm64 83ms (cache miss)
2174 silly packumentCache full:https://registry.npmjs.org/@img%2fsharp-libvips-darwin-arm64 set size:undefined disposed:false
2175 http fetch GET 200 https://registry.npmjs.org/@img%2fsharp-libvips-linux-arm64 121ms (cache miss)
2176 silly packumentCache full:https://registry.npmjs.org/@img%2fsharp-libvips-linux-arm64 set size:undefined disposed:false
2177 http fetch GET 200 https://registry.npmjs.org/client-only 65ms (cache miss)
2178 silly packumentCache full:https://registry.npmjs.org/client-only set size:undefined disposed:false
2179 http fetch GET 200 https://registry.npmjs.org/@img%2fsharp-libvips-linuxmusl-x64 87ms (cache miss)
2180 silly packumentCache full:https://registry.npmjs.org/@img%2fsharp-libvips-linuxmusl-x64 set size:undefined disposed:false
2181 http fetch GET 200 https://registry.npmjs.org/@img%2fsharp-libvips-linuxmusl-arm64 80ms (cache miss)
2182 silly packumentCache full:https://registry.npmjs.org/@img%2fsharp-libvips-linuxmusl-arm64 set size:undefined disposed:false
2183 http fetch GET 200 https://registry.npmjs.org/@img%2fsharp-libvips-linux-ppc64 475ms (cache miss)
2184 silly packumentCache full:https://registry.npmjs.org/@img%2fsharp-libvips-linux-ppc64 set size:undefined disposed:false
2185 http fetch GET 200 https://registry.npmjs.org/@img%2fsharp-libvips-linux-riscv64 490ms (cache miss)
2186 silly packumentCache full:https://registry.npmjs.org/@img%2fsharp-libvips-linux-riscv64 set size:undefined disposed:false
2187 silly placeDep ROOT tslib@2.8.1 OK for: @swc/helpers@0.5.15 want: ^2.8.0
2188 silly placeDep ROOT deep-is@0.1.4 OK for: optionator@0.9.4 want: ^0.1.3
2189 silly placeDep ROOT fast-levenshtein@2.0.6 OK for: optionator@0.9.4 want: ^2.0.6
2190 silly placeDep ROOT word-wrap@1.2.5 OK for: optionator@0.9.4 want: ^1.2.5
2191 silly placeDep ROOT p-limit@3.1.0 OK for: p-locate@5.0.0 want: ^3.0.2
2192 silly fetch manifest yocto-queue@^0.1.0
2193 silly packumentCache full:https://registry.npmjs.org/yocto-queue cache-miss
2194 http fetch GET 200 https://registry.npmjs.org/yocto-queue 68ms (cache miss)
2195 silly packumentCache full:https://registry.npmjs.org/yocto-queue set size:undefined disposed:false
2196 silly placeDep ROOT yocto-queue@0.1.0 OK for: p-limit@3.1.0 want: ^0.1.0
2197 silly placeDep ROOT callsites@3.1.0 OK for: parent-module@1.0.1 want: ^3.0.0
2198 silly placeDep ROOT nanoid@3.3.15 OK for: postcss@8.5.17 want: ^3.3.12
2199 silly placeDep ROOT loose-envify@1.4.0 OK for: prop-types@15.8.1 want: ^1.4.0
2200 silly placeDep ROOT object-assign@4.1.1 OK for: prop-types@15.8.1 want: ^4.1.1
2201 silly placeDep ROOT react-is@16.13.1 OK for: prop-types@15.8.1 want: ^16.13.1
2202 silly placeDep ROOT scheduler@0.27.0 OK for: react-dom@19.2.4 want: ^0.27.0
2203 silly placeDep ROOT node-exports-info@1.6.2 OK for: resolve@2.0.0-next.7 want: ^1.6.0
2204 silly placeDep ROOT path-parse@1.0.7 OK for: resolve@2.0.0-next.7 want: ^1.0.7
2205 silly placeDep ROOT supports-preserve-symlinks-flag@1.0.0 OK for: resolve@2.0.0-next.7 want: ^1.0.0
2206 silly placeDep ROOT queue-microtask@1.2.3 OK for: run-parallel@1.2.0 want: ^1.2.2
2207 silly placeDep ROOT isarray@2.0.5 OK for: safe-array-concat@1.1.4 want: ^2.0.5
2208 silly placeDep ROOT @img/colour@1.1.0 OK for: sharp@0.34.5 want: ^1.0.0
2209 silly placeDep ROOT @img/sharp-darwin-arm64@0.34.5 OK for: sharp@0.34.5 want: 0.34.5
2210 silly placeDep ROOT @img/sharp-darwin-x64@0.34.5 OK for: sharp@0.34.5 want: 0.34.5
2211 silly placeDep ROOT @img/sharp-libvips-darwin-arm64@1.2.4 OK for: sharp@0.34.5 want: 1.2.4
2212 silly placeDep ROOT @img/sharp-libvips-darwin-x64@1.2.4 OK for: sharp@0.34.5 want: 1.2.4
2213 silly placeDep ROOT @img/sharp-libvips-linux-arm@1.2.4 OK for: sharp@0.34.5 want: 1.2.4
2214 silly placeDep ROOT @img/sharp-libvips-linux-arm64@1.2.4 OK for: sharp@0.34.5 want: 1.2.4
2215 silly placeDep ROOT @img/sharp-libvips-linux-ppc64@1.2.4 OK for: sharp@0.34.5 want: 1.2.4
2216 silly placeDep ROOT @img/sharp-libvips-linux-riscv64@1.2.4 OK for: sharp@0.34.5 want: 1.2.4
2217 silly placeDep ROOT @img/sharp-libvips-linux-s390x@1.2.4 OK for: sharp@0.34.5 want: 1.2.4
2218 silly placeDep ROOT @img/sharp-libvips-linux-x64@1.2.4 OK for: sharp@0.34.5 want: 1.2.4
2219 silly placeDep ROOT @img/sharp-libvips-linuxmusl-arm64@1.2.4 OK for: sharp@0.34.5 want: 1.2.4
2220 silly placeDep ROOT @img/sharp-libvips-linuxmusl-x64@1.2.4 OK for: sharp@0.34.5 want: 1.2.4
2221 silly placeDep ROOT @img/sharp-linux-arm@0.34.5 OK for: sharp@0.34.5 want: 0.34.5
2222 silly placeDep ROOT @img/sharp-linux-arm64@0.34.5 OK for: sharp@0.34.5 want: 0.34.5
2223 silly placeDep ROOT @img/sharp-linux-ppc64@0.34.5 OK for: sharp@0.34.5 want: 0.34.5
2224 silly placeDep ROOT @img/sharp-linux-riscv64@0.34.5 OK for: sharp@0.34.5 want: 0.34.5
2225 silly placeDep ROOT @img/sharp-linux-s390x@0.34.5 OK for: sharp@0.34.5 want: 0.34.5
2226 silly placeDep ROOT @img/sharp-linux-x64@0.34.5 OK for: sharp@0.34.5 want: 0.34.5
2227 silly placeDep ROOT @img/sharp-linuxmusl-arm64@0.34.5 OK for: sharp@0.34.5 want: 0.34.5
2228 silly placeDep ROOT @img/sharp-linuxmusl-x64@0.34.5 OK for: sharp@0.34.5 want: 0.34.5
2229 silly placeDep ROOT @img/sharp-wasm32@0.34.5 OK for: sharp@0.34.5 want: 0.34.5
2230 silly placeDep ROOT @img/sharp-win32-arm64@0.34.5 OK for: sharp@0.34.5 want: 0.34.5
2231 silly placeDep ROOT @img/sharp-win32-ia32@0.34.5 OK for: sharp@0.34.5 want: 0.34.5
2232 silly placeDep ROOT @img/sharp-win32-x64@0.34.5 OK for: sharp@0.34.5 want: 0.34.5
2233 silly placeDep node_modules/sharp semver@7.8.5 OK for: sharp@0.34.5 want: ^7.7.3
2234 silly fetch manifest @emnapi/runtime@^1.7.0
2235 silly packumentCache full:https://registry.npmjs.org/@emnapi%2fruntime cache-miss
2236 http fetch GET 200 https://registry.npmjs.org/@emnapi%2fruntime 135ms (cache miss)
2237 silly packumentCache full:https://registry.npmjs.org/@emnapi%2fruntime set size:undefined disposed:false
2238 silly placeDep ROOT @emnapi/runtime@1.11.2 OK for: @img/sharp-wasm32@0.34.5 want: ^1.7.0
2239 silly placeDep ROOT shebang-regex@3.0.0 OK for: shebang-command@2.0.0 want: ^3.0.0
2240 silly placeDep ROOT side-channel-list@1.0.1 OK for: side-channel@1.1.1 want: ^1.0.1
2241 silly placeDep ROOT side-channel-map@1.0.1 OK for: side-channel@1.1.1 want: ^1.0.1
2242 silly placeDep ROOT side-channel-weakmap@1.0.2 OK for: side-channel@1.1.1 want: ^1.0.2
2243 silly placeDep ROOT client-only@0.0.1 OK for: styled-jsx@5.1.6 want: 0.0.1
2244 silly placeDep ROOT has-flag@4.0.0 OK for: supports-color@7.2.0 want: ^4.0.0
2245 silly placeDep node_modules/tinyglobby fdir@6.5.0 OK for: tinyglobby@0.2.17 want: ^6.5.0
2246 silly placeDep node_modules/tinyglobby picomatch@4.0.5 OK for: fdir@6.5.0 want: ^3 || ^4
2247 silly placeDep ROOT is-number@7.0.0 OK for: to-regex-range@5.0.1 want: ^7.0.0
2248 silly placeDep ROOT @types/json5@0.0.29 OK for: tsconfig-paths@3.15.0 want: ^0.0.29
2249 silly placeDep node_modules/tsconfig-paths json5@1.0.2 OK for: tsconfig-paths@3.15.0 want: ^1.0.2
2250 silly placeDep ROOT minimist@1.2.8 OK for: tsconfig-paths@3.15.0 want: ^1.2.6
2251 silly placeDep ROOT strip-bom@3.0.0 OK for: tsconfig-paths@3.15.0 want: ^3.0.0
2252 silly fetch manifest minimist@^1.2.0
2253 silly packumentCache full:https://registry.npmjs.org/minimist cache-miss
2254 http cache https://registry.npmjs.org/minimist 2ms (cache hit)
2255 silly packumentCache full:https://registry.npmjs.org/minimist set size:77063 disposed:false
2256 silly placeDep ROOT for-each@0.3.5 OK for: typed-array-byte-length@1.0.3 want: ^0.3.3
2257 silly placeDep ROOT reflect.getprototypeof@1.0.10 OK for: typed-array-byte-offset@1.0.4 want: ^1.0.9
2258 silly fetch manifest which-builtin-type@^1.2.1
2259 silly packumentCache full:https://registry.npmjs.org/which-builtin-type cache-miss
2260 http fetch GET 200 https://registry.npmjs.org/which-builtin-type 317ms (cache miss)
2261 silly packumentCache full:https://registry.npmjs.org/which-builtin-type set size:undefined disposed:false
2262 silly placeDep ROOT which-builtin-type@1.2.1 OK for: reflect.getprototypeof@1.0.10 want: ^1.2.1
2263 silly fetch manifest is-async-function@^2.0.0
2264 silly packumentCache full:https://registry.npmjs.org/is-async-function cache-miss
2265 silly fetch manifest is-finalizationregistry@^1.1.0
2266 silly packumentCache full:https://registry.npmjs.org/is-finalizationregistry cache-miss
2267 silly fetch manifest is-generator-function@^1.0.10
2268 silly packumentCache full:https://registry.npmjs.org/is-generator-function cache-miss
2269 silly fetch manifest which-boxed-primitive@^1.1.0
2270 silly packumentCache full:https://registry.npmjs.org/which-boxed-primitive cache-miss
2271 silly fetch manifest which-collection@^1.0.2
2272 silly packumentCache full:https://registry.npmjs.org/which-collection cache-miss
2273 http cache https://registry.npmjs.org/which-boxed-primitive 2ms (cache hit)
2274 silly packumentCache full:https://registry.npmjs.org/which-boxed-primitive set size:19407 disposed:false
2275 http fetch GET 200 https://registry.npmjs.org/which-collection 74ms (cache miss)
2276 silly packumentCache full:https://registry.npmjs.org/which-collection set size:undefined disposed:false
2277 http fetch GET 200 https://registry.npmjs.org/is-async-function 80ms (cache miss)
2278 silly packumentCache full:https://registry.npmjs.org/is-async-function set size:undefined disposed:false
2279 http fetch GET 200 https://registry.npmjs.org/is-finalizationregistry 82ms (cache miss)
2280 silly packumentCache full:https://registry.npmjs.org/is-finalizationregistry set size:undefined disposed:false
2281 http fetch GET 200 https://registry.npmjs.org/is-generator-function 313ms (cache miss)
2282 silly packumentCache full:https://registry.npmjs.org/is-generator-function set size:undefined disposed:false
2283 silly fetch manifest eslint@^8.57.0 || ^9.0.0 || ^10.0.0
2284 silly packumentCache full:https://registry.npmjs.org/eslint cache-miss
2285 http cache https://registry.npmjs.org/eslint 10ms (cache hit)
2286 silly packumentCache full:https://registry.npmjs.org/eslint set size:2033084 disposed:false
2287 silly placeDep ROOT @typescript-eslint/eslint-plugin@8.63.0 OK for: typescript-eslint@8.63.0 want: 8.63.0
2288 silly placeDep ROOT @typescript-eslint/parser@8.63.0 OK for: @typescript-eslint/eslint-plugin@8.63.0 want: ^8.63.0
2289 silly placeDep ROOT @typescript-eslint/typescript-estree@8.63.0 OK for: typescript-eslint@8.63.0 want: 8.63.0
2290 silly placeDep ROOT @typescript-eslint/utils@8.63.0 OK for: typescript-eslint@8.63.0 want: 8.63.0
2291 silly fetch manifest ignore@^7.0.5
2292 silly packumentCache full:https://registry.npmjs.org/ignore cache-miss
2293 silly fetch manifest ts-api-utils@^2.5.0
2294 silly packumentCache full:https://registry.npmjs.org/ts-api-utils cache-miss
2295 silly fetch manifest @typescript-eslint/type-utils@8.63.0
2296 silly packumentCache full:https://registry.npmjs.org/@typescript-eslint%2ftype-utils cache-miss
2297 silly fetch manifest @typescript-eslint/visitor-keys@8.63.0
2298 silly packumentCache full:https://registry.npmjs.org/@typescript-eslint%2fvisitor-keys cache-miss
2299 silly fetch manifest @typescript-eslint/scope-manager@8.63.0
2300 silly packumentCache full:https://registry.npmjs.org/@typescript-eslint%2fscope-manager cache-miss
2301 silly fetch manifest @typescript-eslint/types@8.63.0
2302 silly packumentCache full:https://registry.npmjs.org/@typescript-eslint%2ftypes cache-miss
2303 silly fetch manifest @typescript-eslint/visitor-keys@8.63.0
2304 silly packumentCache full:https://registry.npmjs.org/@typescript-eslint%2fvisitor-keys cache-miss
2305 http cache https://registry.npmjs.org/ignore 5ms (cache hit)
2306 silly packumentCache full:https://registry.npmjs.org/ignore set size:240910 disposed:false
2307 silly fetch manifest @typescript-eslint/scope-manager@8.63.0
2308 silly packumentCache full:https://registry.npmjs.org/@typescript-eslint%2fscope-manager cache-miss
2309 http fetch GET 200 https://registry.npmjs.org/ts-api-utils 664ms (cache miss)
2310 silly packumentCache full:https://registry.npmjs.org/ts-api-utils set size:undefined disposed:false
2311 silly fetch manifest minimatch@^10.2.2
2312 silly packumentCache full:https://registry.npmjs.org/minimatch cache-miss
2313 http cache https://registry.npmjs.org/minimatch 14ms (cache hit)
2314 silly packumentCache full:https://registry.npmjs.org/minimatch set size:375282 disposed:false
2315 silly fetch manifest @typescript-eslint/types@8.63.0
2316 silly packumentCache full:https://registry.npmjs.org/@typescript-eslint%2ftypes cache-miss
2317 http fetch GET 200 https://registry.npmjs.org/@typescript-eslint%2ftypes 1001ms (cache miss)
2318 silly packumentCache full:https://registry.npmjs.org/@typescript-eslint%2ftypes set size:undefined disposed:false
2319 silly fetch manifest @typescript-eslint/visitor-keys@8.63.0
2320 silly packumentCache full:https://registry.npmjs.org/@typescript-eslint%2fvisitor-keys cache-miss
2321 http fetch GET 200 https://registry.npmjs.org/@typescript-eslint%2fscope-manager 1370ms (cache miss)
2322 silly packumentCache full:https://registry.npmjs.org/@typescript-eslint%2fscope-manager set size:undefined disposed:false
2323 silly fetch manifest @typescript-eslint/tsconfig-utils@8.63.0
2324 silly packumentCache full:https://registry.npmjs.org/@typescript-eslint%2ftsconfig-utils cache-miss
2325 http fetch GET 200 https://registry.npmjs.org/@typescript-eslint%2fscope-manager 1675ms (cache miss)
2326 silly packumentCache full:https://registry.npmjs.org/@typescript-eslint%2fscope-manager set size:undefined disposed:false
2327 silly fetch manifest @typescript-eslint/project-service@8.63.0
2328 silly packumentCache full:https://registry.npmjs.org/@typescript-eslint%2fproject-service cache-miss
2329 http fetch GET 200 https://registry.npmjs.org/@typescript-eslint%2fvisitor-keys 992ms (cache miss)
2330 silly packumentCache full:https://registry.npmjs.org/@typescript-eslint%2fvisitor-keys set size:undefined disposed:false
2331 http fetch GET 200 https://registry.npmjs.org/@typescript-eslint%2ftsconfig-utils 650ms (cache miss)
2332 silly packumentCache full:https://registry.npmjs.org/@typescript-eslint%2ftsconfig-utils set size:undefined disposed:false
2333 http fetch GET 200 https://registry.npmjs.org/@typescript-eslint%2fproject-service 388ms (cache miss)
2334 silly packumentCache full:https://registry.npmjs.org/@typescript-eslint%2fproject-service set size:undefined disposed:false
2335 http fetch GET 200 https://registry.npmjs.org/@typescript-eslint%2fvisitor-keys 3163ms (cache miss)
2336 silly packumentCache full:https://registry.npmjs.org/@typescript-eslint%2fvisitor-keys set size:undefined disposed:false
2337 http fetch GET 200 https://registry.npmjs.org/@typescript-eslint%2ftype-utils 3858ms (cache miss)
2338 silly packumentCache full:https://registry.npmjs.org/@typescript-eslint%2ftype-utils set size:undefined disposed:false
2339 http fetch GET 200 https://registry.npmjs.org/@typescript-eslint%2fvisitor-keys 4064ms (cache miss)
2340 silly packumentCache full:https://registry.npmjs.org/@typescript-eslint%2fvisitor-keys set size:undefined disposed:false
2341 http fetch GET 200 https://registry.npmjs.org/@typescript-eslint%2ftypes 3433ms (cache miss)
2342 silly packumentCache full:https://registry.npmjs.org/@typescript-eslint%2ftypes set size:undefined disposed:false
2343 silly placeDep ROOT @typescript-eslint/scope-manager@8.63.0 OK for: @typescript-eslint/eslint-plugin@8.63.0 want: 8.63.0
2344 silly placeDep ROOT @typescript-eslint/type-utils@8.63.0 OK for: @typescript-eslint/eslint-plugin@8.63.0 want: 8.63.0
2345 silly placeDep ROOT @typescript-eslint/visitor-keys@8.63.0 OK for: @typescript-eslint/eslint-plugin@8.63.0 want: 8.63.0
2346 silly placeDep node_modules/@typescript-eslint/eslint-plugin ignore@7.0.6 OK for: @typescript-eslint/eslint-plugin@8.63.0 want: ^7.0.5
2347 silly placeDep ROOT ts-api-utils@2.5.0 OK for: @typescript-eslint/eslint-plugin@8.63.0 want: ^2.5.0
2348 silly fetch manifest eslint-visitor-keys@^5.0.0
2349 silly packumentCache full:https://registry.npmjs.org/eslint-visitor-keys cache-hit
2350 silly placeDep ROOT @typescript-eslint/types@8.63.0 OK for: @typescript-eslint/parser@8.63.0 want: 8.63.0
2351 silly placeDep ROOT @typescript-eslint/project-service@8.63.0 OK for: @typescript-eslint/typescript-estree@8.63.0 want: 8.63.0
2352 silly placeDep ROOT @typescript-eslint/tsconfig-utils@8.63.0 OK for: @typescript-eslint/typescript-estree@8.63.0 want: 8.63.0
2353 silly placeDep node_modules/@typescript-eslint/typescript-estree minimatch@10.2.5 OK for: @typescript-eslint/typescript-estree@8.63.0 want: ^10.2.2
2354 silly placeDep node_modules/@typescript-eslint/typescript-estree semver@7.8.5 OK for: @typescript-eslint/typescript-estree@8.63.0 want: ^7.7.3
2355 silly fetch manifest @typescript-eslint/tsconfig-utils@^8.63.0
2356 silly packumentCache full:https://registry.npmjs.org/@typescript-eslint%2ftsconfig-utils cache-miss
2357 silly fetch manifest brace-expansion@^5.0.5
2358 silly packumentCache full:https://registry.npmjs.org/brace-expansion cache-miss
2359 http cache https://registry.npmjs.org/@typescript-eslint%2ftsconfig-utils 3ms (cache hit)
2360 silly packumentCache full:https://registry.npmjs.org/@typescript-eslint%2ftsconfig-utils set size:1487380 disposed:false
2361 http cache https://registry.npmjs.org/brace-expansion 8ms (cache hit)
2362 silly packumentCache full:https://registry.npmjs.org/brace-expansion set size:78539 disposed:false
2363 silly placeDep node_modules/@typescript-eslint/visitor-keys eslint-visitor-keys@5.0.1 OK for: @typescript-eslint/visitor-keys@8.63.0 want: ^5.0.0
2364 silly placeDep ROOT has-bigints@1.1.0 OK for: unbox-primitive@1.1.0 want: ^1.0.2
2365 silly placeDep ROOT which-boxed-primitive@1.1.1 OK for: unbox-primitive@1.1.0 want: ^1.1.1
2366 silly fetch manifest is-bigint@^1.1.0
2367 silly packumentCache full:https://registry.npmjs.org/is-bigint cache-miss
2368 silly fetch manifest is-boolean-object@^1.2.1
2369 silly packumentCache full:https://registry.npmjs.org/is-boolean-object cache-miss
2370 silly fetch manifest is-number-object@^1.1.1
2371 silly packumentCache full:https://registry.npmjs.org/is-number-object cache-miss
2372 http fetch GET 200 https://registry.npmjs.org/is-number-object 76ms (cache miss)
2373 silly packumentCache full:https://registry.npmjs.org/is-number-object set size:undefined disposed:false
2374 http fetch GET 200 https://registry.npmjs.org/is-boolean-object 78ms (cache miss)
2375 silly packumentCache full:https://registry.npmjs.org/is-boolean-object set size:undefined disposed:false
2376 http fetch GET 200 https://registry.npmjs.org/is-bigint 87ms (cache miss)
2377 silly packumentCache full:https://registry.npmjs.org/is-bigint set size:undefined disposed:false
2378 silly placeDep ROOT @unrs/resolver-binding-android-arm-eabi@1.12.2 OK for: unrs-resolver@1.12.2 want: 1.12.2
2379 silly placeDep ROOT @unrs/resolver-binding-android-arm64@1.12.2 OK for: unrs-resolver@1.12.2 want: 1.12.2
2380 silly placeDep ROOT @unrs/resolver-binding-darwin-arm64@1.12.2 OK for: unrs-resolver@1.12.2 want: 1.12.2
2381 silly placeDep ROOT @unrs/resolver-binding-darwin-x64@1.12.2 OK for: unrs-resolver@1.12.2 want: 1.12.2
2382 silly placeDep ROOT @unrs/resolver-binding-freebsd-x64@1.12.2 OK for: unrs-resolver@1.12.2 want: 1.12.2
2383 silly placeDep ROOT @unrs/resolver-binding-linux-arm-gnueabihf@1.12.2 OK for: unrs-resolver@1.12.2 want: 1.12.2
2384 silly placeDep ROOT @unrs/resolver-binding-linux-arm-musleabihf@1.12.2 OK for: unrs-resolver@1.12.2 want: 1.12.2
2385 silly placeDep ROOT @unrs/resolver-binding-linux-arm64-gnu@1.12.2 OK for: unrs-resolver@1.12.2 want: 1.12.2
2386 silly placeDep ROOT @unrs/resolver-binding-linux-arm64-musl@1.12.2 OK for: unrs-resolver@1.12.2 want: 1.12.2
2387 silly placeDep ROOT @unrs/resolver-binding-linux-loong64-gnu@1.12.2 OK for: unrs-resolver@1.12.2 want: 1.12.2
2388 silly placeDep ROOT @unrs/resolver-binding-linux-loong64-musl@1.12.2 OK for: unrs-resolver@1.12.2 want: 1.12.2
2389 silly placeDep ROOT @unrs/resolver-binding-linux-ppc64-gnu@1.12.2 OK for: unrs-resolver@1.12.2 want: 1.12.2
2390 silly placeDep ROOT @unrs/resolver-binding-linux-riscv64-gnu@1.12.2 OK for: unrs-resolver@1.12.2 want: 1.12.2
2391 silly placeDep ROOT @unrs/resolver-binding-linux-riscv64-musl@1.12.2 OK for: unrs-resolver@1.12.2 want: 1.12.2
2392 silly placeDep ROOT @unrs/resolver-binding-linux-s390x-gnu@1.12.2 OK for: unrs-resolver@1.12.2 want: 1.12.2
2393 silly placeDep ROOT @unrs/resolver-binding-linux-x64-gnu@1.12.2 OK for: unrs-resolver@1.12.2 want: 1.12.2
2394 silly placeDep ROOT @unrs/resolver-binding-linux-x64-musl@1.12.2 OK for: unrs-resolver@1.12.2 want: 1.12.2
2395 silly placeDep ROOT @unrs/resolver-binding-openharmony-arm64@1.12.2 OK for: unrs-resolver@1.12.2 want: 1.12.2
2396 silly placeDep ROOT @unrs/resolver-binding-wasm32-wasi@1.12.2 OK for: unrs-resolver@1.12.2 want: 1.12.2
2397 silly placeDep ROOT @unrs/resolver-binding-win32-arm64-msvc@1.12.2 OK for: unrs-resolver@1.12.2 want: 1.12.2
2398 silly placeDep ROOT @unrs/resolver-binding-win32-ia32-msvc@1.12.2 OK for: unrs-resolver@1.12.2 want: 1.12.2
2399 silly placeDep ROOT @unrs/resolver-binding-win32-x64-msvc@1.12.2 OK for: unrs-resolver@1.12.2 want: 1.12.2
2400 silly placeDep ROOT napi-postinstall@0.3.4 OK for: unrs-resolver@1.12.2 want: ^0.3.4
2401 silly fetch manifest @napi-rs/wasm-runtime@^1.1.4
2402 silly packumentCache full:https://registry.npmjs.org/@napi-rs%2fwasm-runtime cache-miss
2403 silly fetch manifest @emnapi/core@1.10.0
2404 silly packumentCache full:https://registry.npmjs.org/@emnapi%2fcore cache-miss
2405 silly fetch manifest @emnapi/runtime@1.10.0
2406 silly packumentCache full:https://registry.npmjs.org/@emnapi%2fruntime cache-miss
2407 http cache https://registry.npmjs.org/@emnapi%2fruntime 1ms (cache hit)
2408 silly packumentCache full:https://registry.npmjs.org/@emnapi%2fruntime set size:118526 disposed:false
2409 http fetch GET 200 https://registry.npmjs.org/@napi-rs%2fwasm-runtime 252ms (cache miss)
2410 silly packumentCache full:https://registry.npmjs.org/@napi-rs%2fwasm-runtime set size:undefined disposed:false
2411 http fetch GET 200 https://registry.npmjs.org/@emnapi%2fcore 257ms (cache miss)
2412 silly packumentCache full:https://registry.npmjs.org/@emnapi%2fcore set size:undefined disposed:false
2413 silly placeDep ROOT @emnapi/core@1.10.0 OK for: @unrs/resolver-binding-wasm32-wasi@1.12.2 want: 1.10.0
2414 silly placeDep node_modules/@unrs/resolver-binding-wasm32-wasi @emnapi/runtime@1.10.0 OK for: @unrs/resolver-binding-wasm32-wasi@1.12.2 want: 1.10.0
2415 silly placeDep ROOT @napi-rs/wasm-runtime@1.1.6 OK for: @unrs/resolver-binding-wasm32-wasi@1.12.2 want: ^1.1.4
2416 silly fetch manifest @emnapi/wasi-threads@1.2.1
2417 silly packumentCache full:https://registry.npmjs.org/@emnapi%2fwasi-threads cache-miss
2418 silly fetch manifest @tybys/wasm-util@^0.10.3
2419 silly packumentCache full:https://registry.npmjs.org/@tybys%2fwasm-util cache-miss
2420 http fetch GET 200 https://registry.npmjs.org/@emnapi%2fwasi-threads 86ms (cache miss)
2421 silly packumentCache full:https://registry.npmjs.org/@emnapi%2fwasi-threads set size:undefined disposed:false
2422 http fetch GET 200 https://registry.npmjs.org/@tybys%2fwasm-util 242ms (cache miss)
2423 silly packumentCache full:https://registry.npmjs.org/@tybys%2fwasm-util set size:undefined disposed:false
2424 silly placeDep ROOT @emnapi/wasi-threads@1.2.1 OK for: @emnapi/core@1.10.0 want: 1.2.1
2425 silly placeDep ROOT @tybys/wasm-util@0.10.3 OK for: @napi-rs/wasm-runtime@1.1.6 want: ^0.10.3
2426 silly placeDep ROOT escalade@3.2.0 OK for: update-browserslist-db@1.2.3 want: ^3.2.0
2427 silly placeDep ROOT punycode@2.3.1 OK for: uri-js@4.4.1 want: ^2.1.0
2428 silly placeDep ROOT isexe@2.0.0 OK for: which@2.0.2 want: ^2.0.0
2429 silly placeDep ROOT is-bigint@1.1.0 OK for: which-boxed-primitive@1.1.1 want: ^1.1.0
2430 silly placeDep ROOT is-boolean-object@1.2.2 OK for: which-boxed-primitive@1.1.1 want: ^1.2.1
2431 silly placeDep ROOT is-number-object@1.1.1 OK for: which-boxed-primitive@1.1.1 want: ^1.1.1
2432 silly placeDep ROOT is-async-function@2.1.1 OK for: which-builtin-type@1.2.1 want: ^2.0.0
2433 silly placeDep ROOT is-finalizationregistry@1.1.1 OK for: which-builtin-type@1.2.1 want: ^1.1.0
2434 silly placeDep ROOT is-generator-function@1.1.2 OK for: which-builtin-type@1.2.1 want: ^1.0.10
2435 silly placeDep ROOT which-collection@1.0.2 OK for: which-builtin-type@1.2.1 want: ^1.0.2
2436 silly fetch manifest async-function@^1.0.0
2437 silly packumentCache full:https://registry.npmjs.org/async-function cache-miss
2438 silly fetch manifest generator-function@^2.0.0
2439 silly packumentCache full:https://registry.npmjs.org/generator-function cache-miss
2440 silly fetch manifest is-map@^2.0.3
2441 silly packumentCache full:https://registry.npmjs.org/is-map cache-miss
2442 silly fetch manifest is-weakmap@^2.0.2
2443 silly packumentCache full:https://registry.npmjs.org/is-weakmap cache-miss
2444 silly fetch manifest is-weakset@^2.0.3
2445 silly packumentCache full:https://registry.npmjs.org/is-weakset cache-miss
2446 http fetch GET 200 https://registry.npmjs.org/generator-function 67ms (cache miss)
2447 silly packumentCache full:https://registry.npmjs.org/generator-function set size:undefined disposed:false
2448 http fetch GET 200 https://registry.npmjs.org/async-function 69ms (cache miss)
2449 silly packumentCache full:https://registry.npmjs.org/async-function set size:undefined disposed:false
2450 http fetch GET 200 https://registry.npmjs.org/is-map 75ms (cache miss)
2451 silly packumentCache full:https://registry.npmjs.org/is-map set size:undefined disposed:false
2452 http fetch GET 200 https://registry.npmjs.org/is-weakmap 80ms (cache miss)
2453 silly packumentCache full:https://registry.npmjs.org/is-weakmap set size:undefined disposed:false
2454 http fetch GET 200 https://registry.npmjs.org/is-weakset 351ms (cache miss)
2455 silly packumentCache full:https://registry.npmjs.org/is-weakset set size:undefined disposed:false
2456 silly placeDep ROOT async-function@1.0.0 OK for: is-async-function@2.1.1 want: ^1.0.0
2457 silly placeDep ROOT generator-function@2.0.1 OK for: is-generator-function@1.1.2 want: ^2.0.0
2458 silly placeDep ROOT is-map@2.0.3 OK for: which-collection@1.0.2 want: ^2.0.3
2459 silly placeDep ROOT is-weakmap@2.0.2 OK for: which-collection@1.0.2 want: ^2.0.2
2460 silly placeDep ROOT is-weakset@2.0.4 OK for: which-collection@1.0.2 want: ^2.0.3
2461 silly placeDep node_modules/@typescript-eslint/typescript-estree brace-expansion@5.0.7 OK for: minimatch@10.2.5 want: ^5.0.5
2462 silly fetch manifest balanced-match@^4.0.2
2463 silly packumentCache full:https://registry.npmjs.org/balanced-match cache-miss
2464 http cache https://registry.npmjs.org/balanced-match 3ms (cache hit)
2465 silly packumentCache full:https://registry.npmjs.org/balanced-match set size:39082 disposed:false
2466 silly placeDep node_modules/@typescript-eslint/typescript-estree balanced-match@4.0.4 OK for: brace-expansion@5.0.7 want: ^4.0.2
2467 silly reify moves {}
2468 verbose reify failed optional dependency /Users/asfanshanu/Desktop/hijamabyasfan/node_modules/@tailwindcss/oxide-wasm32-wasi
2469 silly reify mark deleted [
2469 silly reify   '/Users/asfanshanu/Desktop/hijamabyasfan/node_modules/@tailwindcss/oxide-wasm32-wasi'
2469 silly reify ]
2470 silly audit bulk request {
2470 silly audit   '@tailwindcss/postcss': [ '4.3.2' ],
2470 silly audit   '@types/node': [ '20.19.43' ],
2470 silly audit   '@types/react': [ '19.2.17' ],
2470 silly audit   '@types/react-dom': [ '19.2.3' ],
2470 silly audit   eslint: [ '9.39.5' ],
2470 silly audit   'eslint-config-next': [ '16.2.10' ],
2470 silly audit   next: [ '16.2.10' ],
2470 silly audit   react: [ '19.2.4' ],
2470 silly audit   'react-dom': [ '19.2.4' ],
2470 silly audit   tailwindcss: [ '4.3.2' ],
2470 silly audit   typescript: [ '5.9.3' ],
2470 silly audit   '@alloc/quick-lru': [ '5.2.0' ],
2470 silly audit   '@tailwindcss/node': [ '4.3.2' ],
2470 silly audit   '@tailwindcss/oxide': [ '4.3.2' ],
2470 silly audit   postcss: [ '8.5.17', '8.4.31' ],
2470 silly audit   '@jridgewell/remapping': [ '2.3.5' ],
2470 silly audit   'enhanced-resolve': [ '5.21.6' ],
2470 silly audit   jiti: [ '2.7.0' ],
2470 silly audit   lightningcss: [ '1.32.0' ],
2470 silly audit   'magic-string': [ '0.30.21' ],
2470 silly audit   'source-map-js': [ '1.2.1' ],
2470 silly audit   '@jridgewell/gen-mapping': [ '0.3.13' ],
2470 silly audit   '@jridgewell/trace-mapping': [ '0.3.31' ],
2470 silly audit   '@jridgewell/sourcemap-codec': [ '1.5.5' ],
2470 silly audit   '@jridgewell/resolve-uri': [ '3.1.2' ],
2470 silly audit   '@tailwindcss/oxide-android-arm64': [ '4.3.2' ],
2470 silly audit   '@tailwindcss/oxide-darwin-arm64': [ '4.3.2' ],
2470 silly audit   '@tailwindcss/oxide-darwin-x64': [ '4.3.2' ],
2470 silly audit   '@tailwindcss/oxide-freebsd-x64': [ '4.3.2' ],
2470 silly audit   '@tailwindcss/oxide-linux-arm-gnueabihf': [ '4.3.2' ],
2470 silly audit   '@tailwindcss/oxide-linux-arm64-gnu': [ '4.3.2' ],
2470 silly audit   '@tailwindcss/oxide-linux-arm64-musl': [ '4.3.2' ],
2470 silly audit   '@tailwindcss/oxide-linux-x64-gnu': [ '4.3.2' ],
2470 silly audit   '@tailwindcss/oxide-linux-x64-musl': [ '4.3.2' ],
2470 silly audit   '@tailwindcss/oxide-win32-arm64-msvc': [ '4.3.2' ],
2470 silly audit   '@tailwindcss/oxide-win32-x64-msvc': [ '4.3.2' ],
2470 silly audit   'undici-types': [ '6.21.0' ],
2470 silly audit   csstype: [ '3.2.3' ],
2470 silly audit   'graceful-fs': [ '4.2.11' ],
2470 silly audit   tapable: [ '2.3.3' ],
2470 silly audit   '@eslint-community/eslint-utils': [ '4.9.1' ],
2470 silly audit   '@eslint-community/regexpp': [ '4.12.2' ],
2470 silly audit   '@eslint/config-array': [ '0.21.2' ],
2470 silly audit   '@eslint/config-helpers': [ '0.4.2' ],
2470 silly audit   '@eslint/core': [ '0.17.0' ],
2470 silly audit   '@eslint/eslintrc': [ '3.3.6' ],
2470 silly audit   '@eslint/js': [ '9.39.5' ],
2470 silly audit   '@eslint/plugin-kit': [ '0.4.1' ],
2470 silly audit   '@humanfs/node': [ '0.16.8' ],
2470 silly audit   '@humanwhocodes/module-importer': [ '1.0.1' ],
2470 silly audit   '@humanwhocodes/retry': [ '0.4.3' ],
2470 silly audit   '@types/estree': [ '1.0.9' ],
2470 silly audit   ajv: [ '6.15.0' ],
2470 silly audit   chalk: [ '4.1.2' ],
2470 silly audit   'cross-spawn': [ '7.0.6' ],
2470 silly audit   debug: [ '4.4.3', '3.2.7' ],
2470 silly audit   'escape-string-regexp': [ '4.0.0' ],
2470 silly audit   'eslint-scope': [ '8.4.0' ],
2470 silly audit   'eslint-visitor-keys': [ '4.2.1', '3.4.3', '5.0.1' ],
2470 silly audit   espree: [ '10.4.0' ],
2470 silly audit   esquery: [ '1.7.0' ],
2470 silly audit   esutils: [ '2.0.3' ],
2470 silly audit   'fast-deep-equal': [ '3.1.3' ],
2470 silly audit   'file-entry-cache': [ '8.0.0' ],
2470 silly audit   'find-up': [ '5.0.0' ],
2470 silly audit   'glob-parent': [ '6.0.2', '5.1.2' ],
2470 silly audit   ignore: [ '5.3.2', '7.0.6' ],
2470 silly audit   imurmurhash: [ '0.1.4' ],
2470 silly audit   'is-glob': [ '4.0.3' ],
2470 silly audit   'json-stable-stringify-without-jsonify': [ '1.0.1' ],
2470 silly audit   'lodash.merge': [ '4.6.2' ],
2470 silly audit   minimatch: [ '3.1.5', '10.2.5' ],
2470 silly audit   'natural-compare': [ '1.4.0' ],
2470 silly audit   optionator: [ '0.9.4' ],
2470 silly audit   '@eslint/object-schema': [ '2.1.7' ],
2470 silly audit   '@types/json-schema': [ '7.0.15' ],
2470 silly audit   globals: [ '14.0.0', '16.4.0' ],
2470 silly audit   'import-fresh': [ '3.3.1' ],
2470 silly audit   'js-yaml': [ '4.3.0' ],
2470 silly audit   'strip-json-comments': [ '3.1.1' ],
2470 silly audit   levn: [ '0.4.1' ],
2470 silly audit   '@humanfs/core': [ '0.19.2' ],
2470 silly audit   '@humanfs/types': [ '0.15.0' ],
2470 silly audit   'fast-json-stable-stringify': [ '2.1.0' ],
2470 silly audit   'json-schema-traverse': [ '0.4.1' ],
2470 silly audit   'uri-js': [ '4.4.1' ],
2470 silly audit   'ansi-styles': [ '4.3.0' ],
2470 silly audit   'supports-color': [ '7.2.0' ],
2470 silly audit   'color-convert': [ '2.0.1' ],
2470 silly audit   'color-name': [ '1.1.4' ],
2470 silly audit   'path-key': [ '3.1.1' ],
2470 silly audit   'shebang-command': [ '2.0.0' ],
2470 silly audit   which: [ '2.0.2' ],
2470 silly audit   ms: [ '2.1.3' ],
2470 silly audit   '@next/eslint-plugin-next': [ '16.2.10' ],
2470 silly audit   'eslint-import-resolver-node': [ '0.3.10' ],
2470 silly audit   'eslint-import-resolver-typescript': [ '3.10.1' ],
2470 silly audit   'eslint-plugin-import': [ '2.32.0' ],
2470 silly audit   'eslint-plugin-jsx-a11y': [ '6.10.2' ],
2470 silly audit   'eslint-plugin-react': [ '7.37.5' ],
2470 silly audit   'eslint-plugin-react-hooks': [ '7.1.1' ],
2470 silly audit   'typescript-eslint': [ '8.63.0' ],
2470 silly audit   'fast-glob': [ '3.3.1' ],
2470 silly audit   'is-core-module': [ '2.16.2' ],
2470 silly audit   resolve: [ '2.0.0-next.7' ],
2470 silly audit   '@nolyfill/is-core-module': [ '1.0.39' ],
2470 silly audit   'get-tsconfig': [ '4.14.0' ],
2470 silly audit   'is-bun-module': [ '2.0.0' ],
2470 silly audit   'stable-hash': [ '0.0.5' ],
2470 silly audit   tinyglobby: [ '0.2.17' ],
2470 silly audit   'unrs-resolver': [ '1.12.2' ],
2470 silly audit   '@rtsao/scc': [ '1.1.0' ],
2470 silly audit   'array-includes': [ '3.1.9' ],
2470 silly audit   'array.prototype.findlastindex': [ '1.2.6' ],
2470 silly audit   'array.prototype.flat': [ '1.3.3' ],
2470 silly audit   'array.prototype.flatmap': [ '1.3.3' ],
2470 silly audit   doctrine: [ '2.1.0' ],
2470 silly audit   'eslint-module-utils': [ '2.14.0' ],
2470 silly audit   hasown: [ '2.0.4' ],
2470 silly audit   'object.fromentries': [ '2.0.8' ],
2470 silly audit   'object.groupby': [ '1.0.3' ],
2470 silly audit   'object.values': [ '1.2.1' ],
2470 silly audit   semver: [ '6.3.1', '7.8.5' ],
2470 silly audit   'string.prototype.trimend': [ '1.0.10' ],
2470 silly audit   'tsconfig-paths': [ '3.15.0' ],
2470 silly audit   'call-bind': [ '1.0.9' ],
2470 silly audit   'call-bound': [ '1.0.4' ],
2470 silly audit   'define-properties': [ '1.2.1' ],
2470 silly audit   'es-abstract': [ '1.24.2' ],
2470 silly audit   'es-object-atoms': [ '1.1.2' ],
2470 silly audit   'get-intrinsic': [ '1.3.0' ],
2470 silly audit   'is-string': [ '1.1.1' ],
2470 silly audit   'math-intrinsics': [ '1.1.0' ],
2470 silly audit   'es-errors': [ '1.3.0' ],
2470 silly audit   'es-shim-unscopables': [ '1.1.0' ],
2470 silly audit   'call-bind-apply-helpers': [ '1.0.2' ],
2470 silly audit   'es-define-property': [ '1.0.1' ],
2470 silly audit   'set-function-length': [ '1.2.2' ],
2470 silly audit   'function-bind': [ '1.1.2' ],
2470 silly audit   'define-data-property': [ '1.1.4' ],
2470 silly audit   'has-property-descriptors': [ '1.0.2' ],
2470 silly audit   'object-keys': [ '1.1.1' ],
2470 silly audit   gopd: [ '1.2.0' ],
2470 silly audit   'array-buffer-byte-length': [ '1.0.2' ],
2470 silly audit   'arraybuffer.prototype.slice': [ '1.0.4' ],
2470 silly audit   'available-typed-arrays': [ '1.0.7' ],
2470 silly audit   'data-view-buffer': [ '1.0.2' ],
2470 silly audit   'data-view-byte-length': [ '1.0.2' ],
2470 silly audit   'data-view-byte-offset': [ '1.0.1' ],
2470 silly audit   'es-set-tostringtag': [ '2.1.0' ],
2470 silly audit   'es-to-primitive': [ '1.3.4' ],
2470 silly audit   'function.prototype.name': [ '1.2.0' ],
2470 silly audit   'get-proto': [ '1.0.1' ],
2470 silly audit   'get-symbol-description': [ '1.1.0' ],
2470 silly audit   globalthis: [ '1.0.4' ],
2470 silly audit   'has-proto': [ '1.2.0' ],
2470 silly audit   'has-symbols': [ '1.1.0' ],
2470 silly audit   'internal-slot': [ '1.1.0' ],
2470 silly audit   'is-array-buffer': [ '3.0.5' ],
2470 silly audit   'is-callable': [ '1.2.7' ],
2470 silly audit   'is-data-view': [ '1.0.2' ],
2470 silly audit   'is-negative-zero': [ '2.0.3' ],
2470 silly audit   'is-regex': [ '1.2.1' ],
2470 silly audit   'is-set': [ '2.0.3' ],
2470 silly audit   'is-shared-array-buffer': [ '1.0.4' ],
2470 silly audit   'is-typed-array': [ '1.1.15' ],
2470 silly audit   'is-weakref': [ '1.1.1' ],
2470 silly audit   'object-inspect': [ '1.13.4' ],
2470 silly audit   'object.assign': [ '4.1.7' ],
2470 silly audit   'own-keys': [ '1.0.1' ],
2470 silly audit   'regexp.prototype.flags': [ '1.5.4' ],
2470 silly audit   'safe-array-concat': [ '1.1.4' ],
2470 silly audit   'safe-push-apply': [ '1.0.0' ],
2470 silly audit   'safe-regex-test': [ '1.1.0' ],
2470 silly audit   'set-proto': [ '1.0.0' ],
2470 silly audit   'stop-iteration-iterator': [ '1.1.0' ],
2470 silly audit   'string.prototype.trim': [ '1.2.11' ],
2470 silly audit   'string.prototype.trimstart': [ '1.0.8' ],
2470 silly audit   'typed-array-buffer': [ '1.0.3' ],
2470 silly audit   'typed-array-byte-length': [ '1.0.3' ],
2470 silly audit   'typed-array-byte-offset': [ '1.0.4' ],
2470 silly audit   'typed-array-length': [ '1.0.8' ],
2470 silly audit   'unbox-primitive': [ '1.1.0' ],
2470 silly audit   'which-typed-array': [ '1.1.22' ],
2470 silly audit   'possible-typed-array-names': [ '1.1.0' ],
2470 silly audit   'has-tostringtag': [ '1.0.2' ],
2470 silly audit   'es-abstract-get': [ '1.0.0' ],
2470 silly audit   'is-date-object': [ '1.1.0' ],
2470 silly audit   'is-symbol': [ '1.1.1' ],
2470 silly audit   'aria-query': [ '5.3.2' ],
2470 silly audit   'ast-types-flow': [ '0.0.8' ],
2470 silly audit   'axe-core': [ '4.12.1' ],
2470 silly audit   'axobject-query': [ '4.1.0' ],
2470 silly audit   'damerau-levenshtein': [ '1.0.8' ],
2470 silly audit   'emoji-regex': [ '9.2.2' ],
2470 silly audit   'jsx-ast-utils': [ '3.3.5' ],
2470 silly audit   'language-tags': [ '1.0.9' ],
2470 silly audit   'string.prototype.includes': [ '2.0.1' ],
2470 silly audit   'array.prototype.findlast': [ '1.2.5' ],
2470 silly audit   'array.prototype.tosorted': [ '1.1.4' ],
2470 silly audit   'es-iterator-helpers': [ '1.4.0' ],
2470 silly audit   estraverse: [ '5.3.0' ],
2470 silly audit   'object.entries': [ '1.1.9' ],
2470 silly audit   'prop-types': [ '15.8.1' ],
2470 silly audit   'string.prototype.matchall': [ '4.0.12' ],
2470 silly audit   'string.prototype.repeat': [ '1.0.0' ],
2470 silly audit   'iterator.prototype': [ '1.1.5' ],
2470 silly audit   '@babel/core': [ '7.29.7' ],
2470 silly audit   '@babel/parser': [ '7.29.7' ],
2470 silly audit   'hermes-parser': [ '0.25.1' ],
2470 silly audit   zod: [ '4.4.3' ],
2470 silly audit   'zod-validation-error': [ '4.0.2' ],
2470 silly audit   '@babel/code-frame': [ '7.29.7' ],
2470 silly audit   '@babel/generator': [ '7.29.7' ],
2470 silly audit   '@babel/helper-compilation-targets': [ '7.29.7' ],
2470 silly audit   '@babel/helper-module-transforms': [ '7.29.7' ],
2470 silly audit   '@babel/helpers': [ '7.29.7' ],
2470 silly audit   '@babel/template': [ '7.29.7' ],
2470 silly audit   '@babel/traverse': [ '7.29.7' ],
2470 silly audit   '@babel/types': [ '7.29.7' ],
2470 silly audit   'convert-source-map': [ '2.0.0' ],
2470 silly audit   gensync: [ '1.0.0-beta.2' ],
2470 silly audit   json5: [ '2.2.3', '1.0.2' ],
2470 silly audit   '@babel/helper-validator-identifier': [ '7.29.7' ],
2470 silly audit   'js-tokens': [ '4.0.0' ],
2470 silly audit   picocolors: [ '1.1.1' ],
2470 silly audit   jsesc: [ '3.1.0' ],
2470 silly audit   '@babel/compat-data': [ '7.29.7' ],
2470 silly audit   '@babel/helper-validator-option': [ '7.29.7' ],
2470 silly audit   browserslist: [ '4.28.6' ],
2470 silly audit   'lru-cache': [ '5.1.1' ],
2470 silly audit   '@babel/helper-module-imports': [ '7.29.7' ],
2470 silly audit   '@babel/helper-globals': [ '7.29.7' ],
2470 silly audit   '@babel/helper-string-parser': [ '7.29.7' ],
2470 silly audit   'baseline-browser-mapping': [ '2.10.43' ],
2470 silly audit   'caniuse-lite': [ '1.0.30001805' ],
2470 silly audit   'electron-to-chromium': [ '1.5.389' ],
2470 silly audit   'node-releases': [ '2.0.51' ],
2470 silly audit   'update-browserslist-db': [ '1.2.3' ],
2470 silly audit   esrecurse: [ '4.3.0' ],
2470 silly audit   acorn: [ '8.17.0' ],
2470 silly audit   'acorn-jsx': [ '5.3.2' ],
2470 silly audit   '@nodelib/fs.stat': [ '2.0.5' ],
2470 silly audit   '@nodelib/fs.walk': [ '1.2.8' ],
2470 silly audit   merge2: [ '1.4.1' ],
2470 silly audit   micromatch: [ '4.0.8' ],
2470 silly audit   '@nodelib/fs.scandir': [ '2.1.5' ],
2470 silly audit   fastq: [ '1.20.1' ],
2470 silly audit   'run-parallel': [ '1.2.0' ],
2470 silly audit   reusify: [ '1.1.0' ],
2470 silly audit   'flat-cache': [ '4.0.1' ],
2470 silly audit   'locate-path': [ '6.0.0' ],
2470 silly audit   'path-exists': [ '4.0.0' ],
2470 silly audit   flatted: [ '3.4.2' ],
2470 silly audit   keyv: [ '4.5.4' ],
2470 silly audit   'functions-have-names': [ '1.2.3' ],
2470 silly audit   'is-document.all': [ '1.0.0' ],
2470 silly audit   'dunder-proto': [ '1.0.1' ],
2470 silly audit   'resolve-pkg-maps': [ '1.0.0' ],
2470 silly audit   'hermes-estree': [ '0.25.1' ],
2470 silly audit   'parent-module': [ '1.0.1' ],
2470 silly audit   'resolve-from': [ '4.0.0' ],
2470 silly audit   'side-channel': [ '1.1.1' ],
2470 silly audit   'is-extglob': [ '2.1.1' ],
2470 silly audit   'set-function-name': [ '2.0.2' ],
2470 silly audit   argparse: [ '2.0.1' ],
2470 silly audit   'json-buffer': [ '3.0.1' ],
2470 silly audit   'language-subtag-registry': [ '0.3.23' ],
2470 silly audit   'prelude-ls': [ '1.2.1' ],
2470 silly audit   'type-check': [ '0.4.0' ],
2470 silly audit   'detect-libc': [ '2.1.2' ],
2470 silly audit   'lightningcss-android-arm64': [ '1.32.0' ],
2470 silly audit   'lightningcss-darwin-arm64': [ '1.32.0' ],
2470 silly audit   'lightningcss-darwin-x64': [ '1.32.0' ],
2470 silly audit   'lightningcss-freebsd-x64': [ '1.32.0' ],
2470 silly audit   'lightningcss-linux-arm-gnueabihf': [ '1.32.0' ],
2470 silly audit   'lightningcss-linux-arm64-gnu': [ '1.32.0' ],
2470 silly audit   'lightningcss-linux-arm64-musl': [ '1.32.0' ],
2470 silly audit   'lightningcss-linux-x64-gnu': [ '1.32.0' ],
2470 silly audit   'lightningcss-linux-x64-musl': [ '1.32.0' ],
2470 silly audit   'lightningcss-win32-arm64-msvc': [ '1.32.0' ],
2470 silly audit   'lightningcss-win32-x64-msvc': [ '1.32.0' ],
2470 silly audit   'p-locate': [ '5.0.0' ],
2470 silly audit   yallist: [ '3.1.1' ],
2470 silly audit   braces: [ '3.0.3' ],
2470 silly audit   picomatch: [ '2.3.2', '4.0.5' ],
2470 silly audit   'fill-range': [ '7.1.1' ],
2470 silly audit   'to-regex-range': [ '5.0.1' ],
2470 silly audit   'brace-expansion': [ '1.1.16', '5.0.7' ],
2470 silly audit   'balanced-match': [ '1.0.2', '4.0.4' ],
2470 silly audit   'concat-map': [ '0.0.1' ],
2470 silly audit   '@next/env': [ '16.2.10' ],
2470 silly audit   '@next/swc-darwin-arm64': [ '16.2.10' ],
2470 silly audit   '@next/swc-darwin-x64': [ '16.2.10' ],
2470 silly audit   '@next/swc-linux-arm64-gnu': [ '16.2.10' ],
2470 silly audit   '@next/swc-linux-arm64-musl': [ '16.2.10' ],
2470 silly audit   '@next/swc-linux-x64-gnu': [ '16.2.10' ],
2470 silly audit   '@next/swc-linux-x64-musl': [ '16.2.10' ],
2470 silly audit   '@next/swc-win32-arm64-msvc': [ '16.2.10' ],
2470 silly audit   '@next/swc-win32-x64-msvc': [ '16.2.10' ],
2470 silly audit   '@swc/helpers': [ '0.5.15' ],
2470 silly audit   sharp: [ '0.34.5' ],
2470 silly audit   'styled-jsx': [ '5.1.6' ],
2470 silly audit   tslib: [ '2.8.1' ],
2470 silly audit   'deep-is': [ '0.1.4' ],
2470 silly audit   'fast-levenshtein': [ '2.0.6' ],
2470 silly audit   'word-wrap': [ '1.2.5' ],
2470 silly audit   'p-limit': [ '3.1.0' ],
2470 silly audit   'yocto-queue': [ '0.1.0' ],
2470 silly audit   callsites: [ '3.1.0' ],
2470 silly audit   nanoid: [ '3.3.15' ],
2470 silly audit   'loose-envify': [ '1.4.0' ],
2470 silly audit   'object-assign': [ '4.1.1' ],
2470 silly audit   'react-is': [ '16.13.1' ],
2470 silly audit   scheduler: [ '0.27.0' ],
2470 silly audit   'node-exports-info': [ '1.6.2' ],
2470 silly audit   'path-parse': [ '1.0.7' ],
2470 silly audit   'supports-preserve-symlinks-flag': [ '1.0.0' ],
2470 silly audit   'queue-microtask': [ '1.2.3' ],
2470 silly audit   isarray: [ '2.0.5' ],
2470 silly audit   '@img/colour': [ '1.1.0' ],
2470 silly audit   '@img/sharp-darwin-arm64': [ '0.34.5' ],
2470 silly audit   '@img/sharp-darwin-x64': [ '0.34.5' ],
2470 silly audit   '@img/sharp-libvips-darwin-arm64': [ '1.2.4' ],
2470 silly audit   '@img/sharp-libvips-darwin-x64': [ '1.2.4' ],
2470 silly audit   '@img/sharp-libvips-linux-arm': [ '1.2.4' ],
2470 silly audit   '@img/sharp-libvips-linux-arm64': [ '1.2.4' ],
2470 silly audit   '@img/sharp-libvips-linux-ppc64': [ '1.2.4' ],
2470 silly audit   '@img/sharp-libvips-linux-riscv64': [ '1.2.4' ],
2470 silly audit   '@img/sharp-libvips-linux-s390x': [ '1.2.4' ],
2470 silly audit   '@img/sharp-libvips-linux-x64': [ '1.2.4' ],
2470 silly audit   '@img/sharp-libvips-linuxmusl-arm64': [ '1.2.4' ],
2470 silly audit   '@img/sharp-libvips-linuxmusl-x64': [ '1.2.4' ],
2470 silly audit   '@img/sharp-linux-arm': [ '0.34.5' ],
2470 silly audit   '@img/sharp-linux-arm64': [ '0.34.5' ],
2470 silly audit   '@img/sharp-linux-ppc64': [ '0.34.5' ],
2470 silly audit   '@img/sharp-linux-riscv64': [ '0.34.5' ],
2470 silly audit   '@img/sharp-linux-s390x': [ '0.34.5' ],
2470 silly audit   '@img/sharp-linux-x64': [ '0.34.5' ],
2470 silly audit   '@img/sharp-linuxmusl-arm64': [ '0.34.5' ],
2470 silly audit   '@img/sharp-linuxmusl-x64': [ '0.34.5' ],
2470 silly audit   '@img/sharp-wasm32': [ '0.34.5' ],
2470 silly audit   '@img/sharp-win32-arm64': [ '0.34.5' ],
2470 silly audit   '@img/sharp-win32-ia32': [ '0.34.5' ],
2470 silly audit   '@img/sharp-win32-x64': [ '0.34.5' ],
2470 silly audit   '@emnapi/runtime': [ '1.11.2', '1.10.0' ],
2470 silly audit   'shebang-regex': [ '3.0.0' ],
2470 silly audit   'side-channel-list': [ '1.0.1' ],
2470 silly audit   'side-channel-map': [ '1.0.1' ],
2470 silly audit   'side-channel-weakmap': [ '1.0.2' ],
2470 silly audit   'client-only': [ '0.0.1' ],
2470 silly audit   'has-flag': [ '4.0.0' ],
2470 silly audit   fdir: [ '6.5.0' ],
2470 silly audit   'is-number': [ '7.0.0' ],
2470 silly audit   '@types/json5': [ '0.0.29' ],
2470 silly audit   minimist: [ '1.2.8' ],
2470 silly audit   'strip-bom': [ '3.0.0' ],
2470 silly audit   'for-each': [ '0.3.5' ],
2470 silly audit   'reflect.getprototypeof': [ '1.0.10' ],
2470 silly audit   'which-builtin-type': [ '1.2.1' ],
2470 silly audit   '@typescript-eslint/eslint-plugin': [ '8.63.0' ],
2470 silly audit   '@typescript-eslint/parser': [ '8.63.0' ],
2470 silly audit   '@typescript-eslint/typescript-estree': [ '8.63.0' ],
2470 silly audit   '@typescript-eslint/utils': [ '8.63.0' ],
2470 silly audit   '@typescript-eslint/scope-manager': [ '8.63.0' ],
2470 silly audit   '@typescript-eslint/type-utils': [ '8.63.0' ],
2470 silly audit   '@typescript-eslint/visitor-keys': [ '8.63.0' ],
2470 silly audit   'ts-api-utils': [ '2.5.0' ],
2470 silly audit   '@typescript-eslint/types': [ '8.63.0' ],
2470 silly audit   '@typescript-eslint/project-service': [ '8.63.0' ],
2470 silly audit   '@typescript-eslint/tsconfig-utils': [ '8.63.0' ],
2470 silly audit   'has-bigints': [ '1.1.0' ],
2470 silly audit   'which-boxed-primitive': [ '1.1.1' ],
2470 silly audit   '@unrs/resolver-binding-android-arm-eabi': [ '1.12.2' ],
2470 silly audit   '@unrs/resolver-binding-android-arm64': [ '1.12.2' ],
2470 silly audit   '@unrs/resolver-binding-darwin-arm64': [ '1.12.2' ],
2470 silly audit   '@unrs/resolver-binding-darwin-x64': [ '1.12.2' ],
2470 silly audit   '@unrs/resolver-binding-freebsd-x64': [ '1.12.2' ],
2470 silly audit   '@unrs/resolver-binding-linux-arm-gnueabihf': [ '1.12.2' ],
2470 silly audit   '@unrs/resolver-binding-linux-arm-musleabihf': [ '1.12.2' ],
2470 silly audit   '@unrs/resolver-binding-linux-arm64-gnu': [ '1.12.2' ],
2470 silly audit   '@unrs/resolver-binding-linux-arm64-musl': [ '1.12.2' ],
2470 silly audit   '@unrs/resolver-binding-linux-loong64-gnu': [ '1.12.2' ],
2470 silly audit   '@unrs/resolver-binding-linux-loong64-musl': [ '1.12.2' ],
2470 silly audit   '@unrs/resolver-binding-linux-ppc64-gnu': [ '1.12.2' ],
2470 silly audit   '@unrs/resolver-binding-linux-riscv64-gnu': [ '1.12.2' ],
2470 silly audit   '@unrs/resolver-binding-linux-riscv64-musl': [ '1.12.2' ],
2470 silly audit   '@unrs/resolver-binding-linux-s390x-gnu': [ '1.12.2' ],
2470 silly audit   '@unrs/resolver-binding-linux-x64-gnu': [ '1.12.2' ],
2470 silly audit   '@unrs/resolver-binding-linux-x64-musl': [ '1.12.2' ],
2470 silly audit   '@unrs/resolver-binding-openharmony-arm64': [ '1.12.2' ],
2470 silly audit   '@unrs/resolver-binding-wasm32-wasi': [ '1.12.2' ],
2470 silly audit   '@unrs/resolver-binding-win32-arm64-msvc': [ '1.12.2' ],
2470 silly audit   '@unrs/resolver-binding-win32-ia32-msvc': [ '1.12.2' ],
2470 silly audit   '@unrs/resolver-binding-win32-x64-msvc': [ '1.12.2' ],
2470 silly audit   'napi-postinstall': [ '0.3.4' ],
2470 silly audit   '@emnapi/core': [ '1.10.0' ],
2470 silly audit   '@napi-rs/wasm-runtime': [ '1.1.6' ],
2470 silly audit   '@emnapi/wasi-threads': [ '1.2.1' ],
2470 silly audit   '@tybys/wasm-util': [ '0.10.3' ],
2470 silly audit   escalade: [ '3.2.0' ],
2470 silly audit   punycode: [ '2.3.1' ],
2470 silly audit   isexe: [ '2.0.0' ],
2470 silly audit   'is-bigint': [ '1.1.0' ],
2470 silly audit   'is-boolean-object': [ '1.2.2' ],
2470 silly audit   'is-number-object': [ '1.1.1' ],
2470 silly audit   'is-async-function': [ '2.1.1' ],
2470 silly audit   'is-finalizationregistry': [ '1.1.1' ],
2470 silly audit   'is-generator-function': [ '1.1.2' ],
2470 silly audit   'which-collection': [ '1.0.2' ],
2470 silly audit   'async-function': [ '1.0.0' ],
2470 silly audit   'generator-function': [ '2.0.1' ],
2470 silly audit   'is-map': [ '2.0.3' ],
2470 silly audit   'is-weakmap': [ '2.0.2' ],
2470 silly audit   'is-weakset': [ '2.0.4' ],
2470 silly audit   '@tailwindcss/oxide-wasm32-wasi': [ '4.3.2' ]
2470 silly audit }
2471 verbose reify failed optional dependency /Users/asfanshanu/Desktop/hijamabyasfan/node_modules/@unrs/resolver-binding-win32-x64-msvc
2472 silly reify mark deleted [
2472 silly reify   '/Users/asfanshanu/Desktop/hijamabyasfan/node_modules/@unrs/resolver-binding-win32-x64-msvc'
2472 silly reify ]
2473 verbose reify failed optional dependency /Users/asfanshanu/Desktop/hijamabyasfan/node_modules/@unrs/resolver-binding-win32-ia32-msvc
2474 silly reify mark deleted [
2474 silly reify   '/Users/asfanshanu/Desktop/hijamabyasfan/node_modules/@unrs/resolver-binding-win32-ia32-msvc'
2474 silly reify ]
2475 verbose reify failed optional dependency /Users/asfanshanu/Desktop/hijamabyasfan/node_modules/@unrs/resolver-binding-win32-arm64-msvc
2476 silly reify mark deleted [
2476 silly reify   '/Users/asfanshanu/Desktop/hijamabyasfan/node_modules/@unrs/resolver-binding-win32-arm64-msvc'
2476 silly reify ]
2477 verbose reify failed optional dependency /Users/asfanshanu/Desktop/hijamabyasfan/node_modules/@unrs/resolver-binding-wasm32-wasi
2478 silly reify mark deleted [
2478 silly reify   '/Users/asfanshanu/Desktop/hijamabyasfan/node_modules/@unrs/resolver-binding-wasm32-wasi'
2478 silly reify ]
2479 verbose reify failed optional dependency /Users/asfanshanu/Desktop/hijamabyasfan/node_modules/@unrs/resolver-binding-wasm32-wasi/node_modules/@emnapi/runtime
2480 silly reify mark deleted [
2480 silly reify   '/Users/asfanshanu/Desktop/hijamabyasfan/node_modules/@unrs/resolver-binding-wasm32-wasi/node_modules/@emnapi/runtime'
2480 silly reify ]
2481 verbose reify failed optional dependency /Users/asfanshanu/Desktop/hijamabyasfan/node_modules/@unrs/resolver-binding-openharmony-arm64
2482 silly reify mark deleted [
2482 silly reify   '/Users/asfanshanu/Desktop/hijamabyasfan/node_modules/@unrs/resolver-binding-openharmony-arm64'
2482 silly reify ]
2483 verbose reify failed optional dependency /Users/asfanshanu/Desktop/hijamabyasfan/node_modules/@unrs/resolver-binding-linux-x64-musl
2484 silly reify mark deleted [
2484 silly reify   '/Users/asfanshanu/Desktop/hijamabyasfan/node_modules/@unrs/resolver-binding-linux-x64-musl'
2484 silly reify ]
2485 verbose reify failed optional dependency /Users/asfanshanu/Desktop/hijamabyasfan/node_modules/@unrs/resolver-binding-linux-x64-gnu
2486 silly reify mark deleted [
2486 silly reify   '/Users/asfanshanu/Desktop/hijamabyasfan/node_modules/@unrs/resolver-binding-linux-x64-gnu'
2486 silly reify ]
2487 verbose reify failed optional dependency /Users/asfanshanu/Desktop/hijamabyasfan/node_modules/@unrs/resolver-binding-linux-s390x-gnu
2488 silly reify mark deleted [
2488 silly reify   '/Users/asfanshanu/Desktop/hijamabyasfan/node_modules/@unrs/resolver-binding-linux-s390x-gnu'
2488 silly reify ]
2489 verbose reify failed optional dependency /Users/asfanshanu/Desktop/hijamabyasfan/node_modules/@unrs/resolver-binding-linux-riscv64-musl
2490 silly reify mark deleted [
2490 silly reify   '/Users/asfanshanu/Desktop/hijamabyasfan/node_modules/@unrs/resolver-binding-linux-riscv64-musl'
2490 silly reify ]
2491 verbose reify failed optional dependency /Users/asfanshanu/Desktop/hijamabyasfan/node_modules/@unrs/resolver-binding-linux-riscv64-gnu
2492 silly reify mark deleted [
2492 silly reify   '/Users/asfanshanu/Desktop/hijamabyasfan/node_modules/@unrs/resolver-binding-linux-riscv64-gnu'
2492 silly reify ]
2493 verbose reify failed optional dependency /Users/asfanshanu/Desktop/hijamabyasfan/node_modules/@unrs/resolver-binding-linux-ppc64-gnu
2494 silly reify mark deleted [
2494 silly reify   '/Users/asfanshanu/Desktop/hijamabyasfan/node_modules/@unrs/resolver-binding-linux-ppc64-gnu'
2494 silly reify ]
2495 verbose reify failed optional dependency /Users/asfanshanu/Desktop/hijamabyasfan/node_modules/@unrs/resolver-binding-linux-loong64-musl
2496 silly reify mark deleted [
2496 silly reify   '/Users/asfanshanu/Desktop/hijamabyasfan/node_modules/@unrs/resolver-binding-linux-loong64-musl'
2496 silly reify ]
2497 verbose reify failed optional dependency /Users/asfanshanu/Desktop/hijamabyasfan/node_modules/@unrs/resolver-binding-linux-loong64-gnu
2498 silly reify mark deleted [
2498 silly reify   '/Users/asfanshanu/Desktop/hijamabyasfan/node_modules/@unrs/resolver-binding-linux-loong64-gnu'
2498 silly reify ]
2499 verbose reify failed optional dependency /Users/asfanshanu/Desktop/hijamabyasfan/node_modules/@unrs/resolver-binding-linux-arm64-musl
2500 silly reify mark deleted [
2500 silly reify   '/Users/asfanshanu/Desktop/hijamabyasfan/node_modules/@unrs/resolver-binding-linux-arm64-musl'
2500 silly reify ]
2501 verbose reify failed optional dependency /Users/asfanshanu/Desktop/hijamabyasfan/node_modules/@unrs/resolver-binding-linux-arm64-gnu
2502 silly reify mark deleted [
2502 silly reify   '/Users/asfanshanu/Desktop/hijamabyasfan/node_modules/@unrs/resolver-binding-linux-arm64-gnu'
2502 silly reify ]
2503 verbose reify failed optional dependency /Users/asfanshanu/Desktop/hijamabyasfan/node_modules/@unrs/resolver-binding-linux-arm-musleabihf
2504 silly reify mark deleted [
2504 silly reify   '/Users/asfanshanu/Desktop/hijamabyasfan/node_modules/@unrs/resolver-binding-linux-arm-musleabihf'
2504 silly reify ]
2505 verbose reify failed optional dependency /Users/asfanshanu/Desktop/hijamabyasfan/node_modules/@unrs/resolver-binding-linux-arm-gnueabihf
2506 silly reify mark deleted [
2506 silly reify   '/Users/asfanshanu/Desktop/hijamabyasfan/node_modules/@unrs/resolver-binding-linux-arm-gnueabihf'
2506 silly reify ]
2507 verbose reify failed optional dependency /Users/asfanshanu/Desktop/hijamabyasfan/node_modules/@unrs/resolver-binding-freebsd-x64
2508 silly reify mark deleted [
2508 silly reify   '/Users/asfanshanu/Desktop/hijamabyasfan/node_modules/@unrs/resolver-binding-freebsd-x64'
2508 silly reify ]
2509 verbose reify failed optional dependency /Users/asfanshanu/Desktop/hijamabyasfan/node_modules/@unrs/resolver-binding-darwin-x64
2510 silly reify mark deleted [
2510 silly reify   '/Users/asfanshanu/Desktop/hijamabyasfan/node_modules/@unrs/resolver-binding-darwin-x64'
2510 silly reify ]
2511 verbose reify failed optional dependency /Users/asfanshanu/Desktop/hijamabyasfan/node_modules/@unrs/resolver-binding-android-arm64
2512 silly reify mark deleted [
2512 silly reify   '/Users/asfanshanu/Desktop/hijamabyasfan/node_modules/@unrs/resolver-binding-android-arm64'
2512 silly reify ]
2513 verbose reify failed optional dependency /Users/asfanshanu/Desktop/hijamabyasfan/node_modules/@unrs/resolver-binding-android-arm-eabi
2514 silly reify mark deleted [
2514 silly reify   '/Users/asfanshanu/Desktop/hijamabyasfan/node_modules/@unrs/resolver-binding-android-arm-eabi'
2514 silly reify ]
2515 verbose reify failed optional dependency /Users/asfanshanu/Desktop/hijamabyasfan/node_modules/@img/sharp-win32-x64
2516 silly reify mark deleted [
2516 silly reify   '/Users/asfanshanu/Desktop/hijamabyasfan/node_modules/@img/sharp-win32-x64'
2516 silly reify ]
2517 verbose reify failed optional dependency /Users/asfanshanu/Desktop/hijamabyasfan/node_modules/@img/sharp-win32-ia32
2518 silly reify mark deleted [
2518 silly reify   '/Users/asfanshanu/Desktop/hijamabyasfan/node_modules/@img/sharp-win32-ia32'
2518 silly reify ]
2519 verbose reify failed optional dependency /Users/asfanshanu/Desktop/hijamabyasfan/node_modules/@img/sharp-win32-arm64
2520 silly reify mark deleted [
2520 silly reify   '/Users/asfanshanu/Desktop/hijamabyasfan/node_modules/@img/sharp-win32-arm64'
2520 silly reify ]
2521 verbose reify failed optional dependency /Users/asfanshanu/Desktop/hijamabyasfan/node_modules/@img/sharp-wasm32
2522 silly reify mark deleted [
2522 silly reify   '/Users/asfanshanu/Desktop/hijamabyasfan/node_modules/@img/sharp-wasm32'
2522 silly reify ]
2523 verbose reify failed optional dependency /Users/asfanshanu/Desktop/hijamabyasfan/node_modules/@img/sharp-linuxmusl-x64
2524 silly reify mark deleted [
2524 silly reify   '/Users/asfanshanu/Desktop/hijamabyasfan/node_modules/@img/sharp-linuxmusl-x64'
2524 silly reify ]
2525 verbose reify failed optional dependency /Users/asfanshanu/Desktop/hijamabyasfan/node_modules/@img/sharp-linuxmusl-arm64
2526 silly reify mark deleted [
2526 silly reify   '/Users/asfanshanu/Desktop/hijamabyasfan/node_modules/@img/sharp-linuxmusl-arm64'
2526 silly reify ]
2527 verbose reify failed optional dependency /Users/asfanshanu/Desktop/hijamabyasfan/node_modules/@img/sharp-linux-x64
2528 silly reify mark deleted [
2528 silly reify   '/Users/asfanshanu/Desktop/hijamabyasfan/node_modules/@img/sharp-linux-x64'
2528 silly reify ]
2529 verbose reify failed optional dependency /Users/asfanshanu/Desktop/hijamabyasfan/node_modules/@img/sharp-linux-s390x
2530 silly reify mark deleted [
2530 silly reify   '/Users/asfanshanu/Desktop/hijamabyasfan/node_modules/@img/sharp-linux-s390x'
2530 silly reify ]
2531 verbose reify failed optional dependency /Users/asfanshanu/Desktop/hijamabyasfan/node_modules/@img/sharp-linux-riscv64
2532 silly reify mark deleted [
2532 silly reify   '/Users/asfanshanu/Desktop/hijamabyasfan/node_modules/@img/sharp-linux-riscv64'
2532 silly reify ]
2533 verbose reify failed optional dependency /Users/asfanshanu/Desktop/hijamabyasfan/node_modules/@img/sharp-linux-ppc64
2534 silly reify mark deleted [
2534 silly reify   '/Users/asfanshanu/Desktop/hijamabyasfan/node_modules/@img/sharp-linux-ppc64'
2534 silly reify ]
2535 verbose reify failed optional dependency /Users/asfanshanu/Desktop/hijamabyasfan/node_modules/@img/sharp-linux-arm64
2536 silly reify mark deleted [
2536 silly reify   '/Users/asfanshanu/Desktop/hijamabyasfan/node_modules/@img/sharp-linux-arm64'
2536 silly reify ]
2537 verbose reify failed optional dependency /Users/asfanshanu/Desktop/hijamabyasfan/node_modules/@img/sharp-linux-arm
2538 silly reify mark deleted [
2538 silly reify   '/Users/asfanshanu/Desktop/hijamabyasfan/node_modules/@img/sharp-linux-arm'
2538 silly reify ]
2539 verbose reify failed optional dependency /Users/asfanshanu/Desktop/hijamabyasfan/node_modules/@img/sharp-libvips-linuxmusl-x64
2540 silly reify mark deleted [
2540 silly reify   '/Users/asfanshanu/Desktop/hijamabyasfan/node_modules/@img/sharp-libvips-linuxmusl-x64'
2540 silly reify ]
2541 verbose reify failed optional dependency /Users/asfanshanu/Desktop/hijamabyasfan/node_modules/@img/sharp-libvips-linuxmusl-arm64
2542 silly reify mark deleted [
2542 silly reify   '/Users/asfanshanu/Desktop/hijamabyasfan/node_modules/@img/sharp-libvips-linuxmusl-arm64'
2542 silly reify ]
2543 verbose reify failed optional dependency /Users/asfanshanu/Desktop/hijamabyasfan/node_modules/@img/sharp-libvips-linux-x64
2544 silly reify mark deleted [
2544 silly reify   '/Users/asfanshanu/Desktop/hijamabyasfan/node_modules/@img/sharp-libvips-linux-x64'
2544 silly reify ]
2545 verbose reify failed optional dependency /Users/asfanshanu/Desktop/hijamabyasfan/node_modules/@img/sharp-libvips-linux-s390x
2546 silly reify mark deleted [
2546 silly reify   '/Users/asfanshanu/Desktop/hijamabyasfan/node_modules/@img/sharp-libvips-linux-s390x'
2546 silly reify ]
2547 verbose reify failed optional dependency /Users/asfanshanu/Desktop/hijamabyasfan/node_modules/@img/sharp-libvips-linux-riscv64
2548 silly reify mark deleted [
2548 silly reify   '/Users/asfanshanu/Desktop/hijamabyasfan/node_modules/@img/sharp-libvips-linux-riscv64'
2548 silly reify ]
2549 verbose reify failed optional dependency /Users/asfanshanu/Desktop/hijamabyasfan/node_modules/@img/sharp-libvips-linux-ppc64
2550 silly reify mark deleted [
2550 silly reify   '/Users/asfanshanu/Desktop/hijamabyasfan/node_modules/@img/sharp-libvips-linux-ppc64'
2550 silly reify ]
2551 verbose reify failed optional dependency /Users/asfanshanu/Desktop/hijamabyasfan/node_modules/@img/sharp-libvips-linux-arm64
2552 silly reify mark deleted [
2552 silly reify   '/Users/asfanshanu/Desktop/hijamabyasfan/node_modules/@img/sharp-libvips-linux-arm64'
2552 silly reify ]
2553 verbose reify failed optional dependency /Users/asfanshanu/Desktop/hijamabyasfan/node_modules/@img/sharp-libvips-linux-arm
2554 silly reify mark deleted [
2554 silly reify   '/Users/asfanshanu/Desktop/hijamabyasfan/node_modules/@img/sharp-libvips-linux-arm'
2554 silly reify ]
2555 verbose reify failed optional dependency /Users/asfanshanu/Desktop/hijamabyasfan/node_modules/@img/sharp-libvips-darwin-x64
2556 silly reify mark deleted [
2556 silly reify   '/Users/asfanshanu/Desktop/hijamabyasfan/node_modules/@img/sharp-libvips-darwin-x64'
2556 silly reify ]
2557 verbose reify failed optional dependency /Users/asfanshanu/Desktop/hijamabyasfan/node_modules/@img/sharp-darwin-x64
2558 silly reify mark deleted [
2558 silly reify   '/Users/asfanshanu/Desktop/hijamabyasfan/node_modules/@img/sharp-darwin-x64'
2558 silly reify ]
2559 verbose reify failed optional dependency /Users/asfanshanu/Desktop/hijamabyasfan/node_modules/@next/swc-win32-x64-msvc
2560 silly reify mark deleted [
2560 silly reify   '/Users/asfanshanu/Desktop/hijamabyasfan/node_modules/@next/swc-win32-x64-msvc'
2560 silly reify ]
2561 verbose reify failed optional dependency /Users/asfanshanu/Desktop/hijamabyasfan/node_modules/@next/swc-win32-arm64-msvc
2562 silly reify mark deleted [
2562 silly reify   '/Users/asfanshanu/Desktop/hijamabyasfan/node_modules/@next/swc-win32-arm64-msvc'
2562 silly reify ]
2563 verbose reify failed optional dependency /Users/asfanshanu/Desktop/hijamabyasfan/node_modules/@next/swc-linux-x64-musl
2564 silly reify mark deleted [
2564 silly reify   '/Users/asfanshanu/Desktop/hijamabyasfan/node_modules/@next/swc-linux-x64-musl'
2564 silly reify ]
2565 verbose reify failed optional dependency /Users/asfanshanu/Desktop/hijamabyasfan/node_modules/@next/swc-linux-x64-gnu
2566 silly reify mark deleted [
2566 silly reify   '/Users/asfanshanu/Desktop/hijamabyasfan/node_modules/@next/swc-linux-x64-gnu'
2566 silly reify ]
2567 verbose reify failed optional dependency /Users/asfanshanu/Desktop/hijamabyasfan/node_modules/@next/swc-linux-arm64-musl
2568 silly reify mark deleted [
2568 silly reify   '/Users/asfanshanu/Desktop/hijamabyasfan/node_modules/@next/swc-linux-arm64-musl'
2568 silly reify ]
2569 verbose reify failed optional dependency /Users/asfanshanu/Desktop/hijamabyasfan/node_modules/@next/swc-linux-arm64-gnu
2570 silly reify mark deleted [
2570 silly reify   '/Users/asfanshanu/Desktop/hijamabyasfan/node_modules/@next/swc-linux-arm64-gnu'
2570 silly reify ]
2571 verbose reify failed optional dependency /Users/asfanshanu/Desktop/hijamabyasfan/node_modules/@next/swc-darwin-x64
2572 silly reify mark deleted [
2572 silly reify   '/Users/asfanshanu/Desktop/hijamabyasfan/node_modules/@next/swc-darwin-x64'
2572 silly reify ]
2573 verbose reify failed optional dependency /Users/asfanshanu/Desktop/hijamabyasfan/node_modules/lightningcss-win32-x64-msvc
2574 silly reify mark deleted [
2574 silly reify   '/Users/asfanshanu/Desktop/hijamabyasfan/node_modules/lightningcss-win32-x64-msvc'
2574 silly reify ]
2575 verbose reify failed optional dependency /Users/asfanshanu/Desktop/hijamabyasfan/node_modules/lightningcss-win32-arm64-msvc
2576 silly reify mark deleted [
2576 silly reify   '/Users/asfanshanu/Desktop/hijamabyasfan/node_modules/lightningcss-win32-arm64-msvc'
2576 silly reify ]
2577 verbose reify failed optional dependency /Users/asfanshanu/Desktop/hijamabyasfan/node_modules/lightningcss-linux-x64-musl
2578 silly reify mark deleted [
2578 silly reify   '/Users/asfanshanu/Desktop/hijamabyasfan/node_modules/lightningcss-linux-x64-musl'
2578 silly reify ]
2579 verbose reify failed optional dependency /Users/asfanshanu/Desktop/hijamabyasfan/node_modules/lightningcss-linux-x64-gnu
2580 silly reify mark deleted [
2580 silly reify   '/Users/asfanshanu/Desktop/hijamabyasfan/node_modules/lightningcss-linux-x64-gnu'
2580 silly reify ]
2581 verbose reify failed optional dependency /Users/asfanshanu/Desktop/hijamabyasfan/node_modules/lightningcss-linux-arm64-musl
2582 silly reify mark deleted [
2582 silly reify   '/Users/asfanshanu/Desktop/hijamabyasfan/node_modules/lightningcss-linux-arm64-musl'
2582 silly reify ]
2583 verbose reify failed optional dependency /Users/asfanshanu/Desktop/hijamabyasfan/node_modules/lightningcss-linux-arm64-gnu
2584 silly reify mark deleted [
2584 silly reify   '/Users/asfanshanu/Desktop/hijamabyasfan/node_modules/lightningcss-linux-arm64-gnu'
2584 silly reify ]
2585 verbose reify failed optional dependency /Users/asfanshanu/Desktop/hijamabyasfan/node_modules/lightningcss-linux-arm-gnueabihf
2586 silly reify mark deleted [
2586 silly reify   '/Users/asfanshanu/Desktop/hijamabyasfan/node_modules/lightningcss-linux-arm-gnueabihf'
2586 silly reify ]
2587 verbose reify failed optional dependency /Users/asfanshanu/Desktop/hijamabyasfan/node_modules/lightningcss-freebsd-x64
2588 silly reify mark deleted [
2588 silly reify   '/Users/asfanshanu/Desktop/hijamabyasfan/node_modules/lightningcss-freebsd-x64'
2588 silly reify ]
2589 verbose reify failed optional dependency /Users/asfanshanu/Desktop/hijamabyasfan/node_modules/lightningcss-darwin-x64
2590 silly reify mark deleted [
2590 silly reify   '/Users/asfanshanu/Desktop/hijamabyasfan/node_modules/lightningcss-darwin-x64'
2590 silly reify ]
2591 verbose reify failed optional dependency /Users/asfanshanu/Desktop/hijamabyasfan/node_modules/lightningcss-android-arm64
2592 silly reify mark deleted [
2592 silly reify   '/Users/asfanshanu/Desktop/hijamabyasfan/node_modules/lightningcss-android-arm64'
2592 silly reify ]
2593 verbose reify failed optional dependency /Users/asfanshanu/Desktop/hijamabyasfan/node_modules/@tailwindcss/oxide-win32-x64-msvc
2594 silly reify mark deleted [
2594 silly reify   '/Users/asfanshanu/Desktop/hijamabyasfan/node_modules/@tailwindcss/oxide-win32-x64-msvc'
2594 silly reify ]
2595 verbose reify failed optional dependency /Users/asfanshanu/Desktop/hijamabyasfan/node_modules/@tailwindcss/oxide-win32-arm64-msvc
2596 silly reify mark deleted [
2596 silly reify   '/Users/asfanshanu/Desktop/hijamabyasfan/node_modules/@tailwindcss/oxide-win32-arm64-msvc'
2596 silly reify ]
2597 verbose reify failed optional dependency /Users/asfanshanu/Desktop/hijamabyasfan/node_modules/@tailwindcss/oxide-linux-x64-musl
2598 silly reify mark deleted [
2598 silly reify   '/Users/asfanshanu/Desktop/hijamabyasfan/node_modules/@tailwindcss/oxide-linux-x64-musl'
2598 silly reify ]
2599 verbose reify failed optional dependency /Users/asfanshanu/Desktop/hijamabyasfan/node_modules/@tailwindcss/oxide-linux-x64-gnu
2600 silly reify mark deleted [
2600 silly reify   '/Users/asfanshanu/Desktop/hijamabyasfan/node_modules/@tailwindcss/oxide-linux-x64-gnu'
2600 silly reify ]
2601 verbose reify failed optional dependency /Users/asfanshanu/Desktop/hijamabyasfan/node_modules/@tailwindcss/oxide-linux-arm64-musl
2602 silly reify mark deleted [
2602 silly reify   '/Users/asfanshanu/Desktop/hijamabyasfan/node_modules/@tailwindcss/oxide-linux-arm64-musl'
2602 silly reify ]
2603 verbose reify failed optional dependency /Users/asfanshanu/Desktop/hijamabyasfan/node_modules/@tailwindcss/oxide-linux-arm64-gnu
2604 silly reify mark deleted [
2604 silly reify   '/Users/asfanshanu/Desktop/hijamabyasfan/node_modules/@tailwindcss/oxide-linux-arm64-gnu'
2604 silly reify ]
2605 verbose reify failed optional dependency /Users/asfanshanu/Desktop/hijamabyasfan/node_modules/@tailwindcss/oxide-linux-arm-gnueabihf
2606 silly reify mark deleted [
2606 silly reify   '/Users/asfanshanu/Desktop/hijamabyasfan/node_modules/@tailwindcss/oxide-linux-arm-gnueabihf'
2606 silly reify ]
2607 verbose reify failed optional dependency /Users/asfanshanu/Desktop/hijamabyasfan/node_modules/@tailwindcss/oxide-freebsd-x64
2608 silly reify mark deleted [
2608 silly reify   '/Users/asfanshanu/Desktop/hijamabyasfan/node_modules/@tailwindcss/oxide-freebsd-x64'
2608 silly reify ]
2609 verbose reify failed optional dependency /Users/asfanshanu/Desktop/hijamabyasfan/node_modules/@tailwindcss/oxide-darwin-x64
2610 silly reify mark deleted [
2610 silly reify   '/Users/asfanshanu/Desktop/hijamabyasfan/node_modules/@tailwindcss/oxide-darwin-x64'
2610 silly reify ]
2611 verbose reify failed optional dependency /Users/asfanshanu/Desktop/hijamabyasfan/node_modules/@tailwindcss/oxide-android-arm64
2612 silly reify mark deleted [
2612 silly reify   '/Users/asfanshanu/Desktop/hijamabyasfan/node_modules/@tailwindcss/oxide-android-arm64'
2612 silly reify ]
2613 http cache is-weakmap@https://registry.npmjs.org/is-weakmap/-/is-weakmap-2.0.2.tgz 0ms (cache hit)
2614 http cache is-map@https://registry.npmjs.org/is-map/-/is-map-2.0.3.tgz 0ms (cache hit)
2615 http cache generator-function@https://registry.npmjs.org/generator-function/-/generator-function-2.0.1.tgz 0ms (cache hit)
2616 http cache is-weakset@https://registry.npmjs.org/is-weakset/-/is-weakset-2.0.4.tgz 0ms (cache hit)
2617 http cache async-function@https://registry.npmjs.org/async-function/-/async-function-1.0.0.tgz 0ms (cache hit)
2618 http cache which-collection@https://registry.npmjs.org/which-collection/-/which-collection-1.0.2.tgz 0ms (cache hit)
2619 http cache is-generator-function@https://registry.npmjs.org/is-generator-function/-/is-generator-function-1.1.2.tgz 0ms (cache hit)
2620 http cache is-finalizationregistry@https://registry.npmjs.org/is-finalizationregistry/-/is-finalizationregistry-1.1.1.tgz 0ms (cache hit)
2621 http cache is-async-function@https://registry.npmjs.org/is-async-function/-/is-async-function-2.1.1.tgz 0ms (cache hit)
2622 http cache is-number-object@https://registry.npmjs.org/is-number-object/-/is-number-object-1.1.1.tgz 0ms (cache hit)
2623 http cache is-boolean-object@https://registry.npmjs.org/is-boolean-object/-/is-boolean-object-1.2.2.tgz 0ms (cache hit)
2624 http cache is-bigint@https://registry.npmjs.org/is-bigint/-/is-bigint-1.1.0.tgz 0ms (cache hit)
2625 http cache punycode@https://registry.npmjs.org/punycode/-/punycode-2.3.1.tgz 0ms (cache hit)
2626 http cache escalade@https://registry.npmjs.org/escalade/-/escalade-3.2.0.tgz 0ms (cache hit)
2627 http cache isexe@https://registry.npmjs.org/isexe/-/isexe-2.0.0.tgz 0ms (cache hit)
2628 http cache @napi-rs/wasm-runtime@https://registry.npmjs.org/@napi-rs/wasm-runtime/-/wasm-runtime-1.1.6.tgz 0ms (cache hit)
2629 http cache @emnapi/core@https://registry.npmjs.org/@emnapi/core/-/core-1.10.0.tgz 0ms (cache hit)
2630 http cache @emnapi/wasi-threads@https://registry.npmjs.org/@emnapi/wasi-threads/-/wasi-threads-1.2.1.tgz 0ms (cache hit)
2631 http cache napi-postinstall@https://registry.npmjs.org/napi-postinstall/-/napi-postinstall-0.3.4.tgz 0ms (cache hit)
2632 http cache @unrs/resolver-binding-darwin-arm64@https://registry.npmjs.org/@unrs/resolver-binding-darwin-arm64/-/resolver-binding-darwin-arm64-1.12.2.tgz 0ms (cache hit)
2633 http cache which-boxed-primitive@https://registry.npmjs.org/which-boxed-primitive/-/which-boxed-primitive-1.1.1.tgz 0ms (cache hit)
2634 http cache has-bigints@https://registry.npmjs.org/has-bigints/-/has-bigints-1.1.0.tgz 0ms (cache hit)
2635 http cache @typescript-eslint/tsconfig-utils@https://registry.npmjs.org/@typescript-eslint/tsconfig-utils/-/tsconfig-utils-8.63.0.tgz 0ms (cache hit)
2636 http cache @typescript-eslint/project-service@https://registry.npmjs.org/@typescript-eslint/project-service/-/project-service-8.63.0.tgz 0ms (cache hit)
2637 http cache @typescript-eslint/types@https://registry.npmjs.org/@typescript-eslint/types/-/types-8.63.0.tgz 0ms (cache hit)
2638 http cache ts-api-utils@https://registry.npmjs.org/ts-api-utils/-/ts-api-utils-2.5.0.tgz 0ms (cache hit)
2639 http cache @typescript-eslint/visitor-keys@https://registry.npmjs.org/@typescript-eslint/visitor-keys/-/visitor-keys-8.63.0.tgz 0ms (cache hit)
2640 http cache @typescript-eslint/type-utils@https://registry.npmjs.org/@typescript-eslint/type-utils/-/type-utils-8.63.0.tgz 0ms (cache hit)
2641 http cache @typescript-eslint/scope-manager@https://registry.npmjs.org/@typescript-eslint/scope-manager/-/scope-manager-8.63.0.tgz 0ms (cache hit)
2642 http cache @typescript-eslint/utils@https://registry.npmjs.org/@typescript-eslint/utils/-/utils-8.63.0.tgz 0ms (cache hit)
2643 http cache @typescript-eslint/typescript-estree@https://registry.npmjs.org/@typescript-eslint/typescript-estree/-/typescript-estree-8.63.0.tgz 0ms (cache hit)
2644 http cache @typescript-eslint/eslint-plugin@https://registry.npmjs.org/@typescript-eslint/eslint-plugin/-/eslint-plugin-8.63.0.tgz 0ms (cache hit)
2645 http cache which-builtin-type@https://registry.npmjs.org/which-builtin-type/-/which-builtin-type-1.2.1.tgz 0ms (cache hit)
2646 http cache reflect.getprototypeof@https://registry.npmjs.org/reflect.getprototypeof/-/reflect.getprototypeof-1.0.10.tgz 0ms (cache hit)
2647 http cache for-each@https://registry.npmjs.org/for-each/-/for-each-0.3.5.tgz 0ms (cache hit)
2648 http cache @typescript-eslint/parser@https://registry.npmjs.org/@typescript-eslint/parser/-/parser-8.63.0.tgz 0ms (cache hit)
2649 http cache strip-bom@https://registry.npmjs.org/strip-bom/-/strip-bom-3.0.0.tgz 0ms (cache hit)
2650 http cache minimist@https://registry.npmjs.org/minimist/-/minimist-1.2.8.tgz 0ms (cache hit)
2651 http cache @types/json5@https://registry.npmjs.org/@types/json5/-/json5-0.0.29.tgz 0ms (cache hit)
2652 http cache is-number@https://registry.npmjs.org/is-number/-/is-number-7.0.0.tgz 0ms (cache hit)
2653 http cache has-flag@https://registry.npmjs.org/has-flag/-/has-flag-4.0.0.tgz 0ms (cache hit)
2654 http cache client-only@https://registry.npmjs.org/client-only/-/client-only-0.0.1.tgz 0ms (cache hit)
2655 http cache side-channel-weakmap@https://registry.npmjs.org/side-channel-weakmap/-/side-channel-weakmap-1.0.2.tgz 0ms (cache hit)
2656 http cache side-channel-map@https://registry.npmjs.org/side-channel-map/-/side-channel-map-1.0.1.tgz 0ms (cache hit)
2657 http cache side-channel-list@https://registry.npmjs.org/side-channel-list/-/side-channel-list-1.0.1.tgz 0ms (cache hit)
2658 http cache shebang-regex@https://registry.npmjs.org/shebang-regex/-/shebang-regex-3.0.0.tgz 0ms (cache hit)
2659 http cache @img/sharp-libvips-darwin-arm64@https://registry.npmjs.org/@img/sharp-libvips-darwin-arm64/-/sharp-libvips-darwin-arm64-1.2.4.tgz 0ms (cache hit)
2660 http cache @emnapi/runtime@https://registry.npmjs.org/@emnapi/runtime/-/runtime-1.11.2.tgz 0ms (cache hit)
2661 http cache @img/sharp-darwin-arm64@https://registry.npmjs.org/@img/sharp-darwin-arm64/-/sharp-darwin-arm64-0.34.5.tgz 0ms (cache hit)
2662 http cache @img/colour@https://registry.npmjs.org/@img/colour/-/colour-1.1.0.tgz 0ms (cache hit)
2663 http cache isarray@https://registry.npmjs.org/isarray/-/isarray-2.0.5.tgz 0ms (cache hit)
2664 http cache queue-microtask@https://registry.npmjs.org/queue-microtask/-/queue-microtask-1.2.3.tgz 0ms (cache hit)
2665 http cache supports-preserve-symlinks-flag@https://registry.npmjs.org/supports-preserve-symlinks-flag/-/supports-preserve-symlinks-flag-1.0.0.tgz 0ms (cache hit)
2666 http cache path-parse@https://registry.npmjs.org/path-parse/-/path-parse-1.0.7.tgz 0ms (cache hit)
2667 http cache node-exports-info@https://registry.npmjs.org/node-exports-info/-/node-exports-info-1.6.2.tgz 0ms (cache hit)
2668 http cache @tybys/wasm-util@https://registry.npmjs.org/@tybys/wasm-util/-/wasm-util-0.10.3.tgz 0ms (cache hit)
2669 http cache scheduler@https://registry.npmjs.org/scheduler/-/scheduler-0.27.0.tgz 0ms (cache hit)
2670 http cache react-is@https://registry.npmjs.org/react-is/-/react-is-16.13.1.tgz 0ms (cache hit)
2671 http cache object-assign@https://registry.npmjs.org/object-assign/-/object-assign-4.1.1.tgz 0ms (cache hit)
2672 http cache nanoid@https://registry.npmjs.org/nanoid/-/nanoid-3.3.15.tgz 0ms (cache hit)
2673 http cache callsites@https://registry.npmjs.org/callsites/-/callsites-3.1.0.tgz 0ms (cache hit)
2674 http cache loose-envify@https://registry.npmjs.org/loose-envify/-/loose-envify-1.4.0.tgz 0ms (cache hit)
2675 http cache p-limit@https://registry.npmjs.org/p-limit/-/p-limit-3.1.0.tgz 0ms (cache hit)
2676 http cache yocto-queue@https://registry.npmjs.org/yocto-queue/-/yocto-queue-0.1.0.tgz 0ms (cache hit)
2677 http cache word-wrap@https://registry.npmjs.org/word-wrap/-/word-wrap-1.2.5.tgz 0ms (cache hit)
2678 http cache deep-is@https://registry.npmjs.org/deep-is/-/deep-is-0.1.4.tgz 0ms (cache hit)
2679 http cache fast-levenshtein@https://registry.npmjs.org/fast-levenshtein/-/fast-levenshtein-2.0.6.tgz 0ms (cache hit)
2680 http cache tslib@https://registry.npmjs.org/tslib/-/tslib-2.8.1.tgz 0ms (cache hit)
2681 http cache styled-jsx@https://registry.npmjs.org/styled-jsx/-/styled-jsx-5.1.6.tgz 0ms (cache hit)
2682 http cache sharp@https://registry.npmjs.org/sharp/-/sharp-0.34.5.tgz 0ms (cache hit)
2683 http cache @swc/helpers@https://registry.npmjs.org/@swc/helpers/-/helpers-0.5.15.tgz 0ms (cache hit)
2684 http cache @next/swc-darwin-arm64@https://registry.npmjs.org/@next/swc-darwin-arm64/-/swc-darwin-arm64-16.2.10.tgz 0ms (cache hit)
2685 http cache @next/env@https://registry.npmjs.org/@next/env/-/env-16.2.10.tgz 0ms (cache hit)
2686 http cache concat-map@https://registry.npmjs.org/concat-map/-/concat-map-0.0.1.tgz 0ms (cache hit)
2687 http cache balanced-match@https://registry.npmjs.org/balanced-match/-/balanced-match-1.0.2.tgz 0ms (cache hit)
2688 http cache brace-expansion@https://registry.npmjs.org/brace-expansion/-/brace-expansion-1.1.16.tgz 0ms (cache hit)
2689 http cache to-regex-range@https://registry.npmjs.org/to-regex-range/-/to-regex-range-5.0.1.tgz 0ms (cache hit)
2690 http cache fill-range@https://registry.npmjs.org/fill-range/-/fill-range-7.1.1.tgz 0ms (cache hit)
2691 http cache picomatch@https://registry.npmjs.org/picomatch/-/picomatch-2.3.2.tgz 0ms (cache hit)
2692 http cache braces@https://registry.npmjs.org/braces/-/braces-3.0.3.tgz 0ms (cache hit)
2693 http cache yallist@https://registry.npmjs.org/yallist/-/yallist-3.1.1.tgz 0ms (cache hit)
2694 http cache p-locate@https://registry.npmjs.org/p-locate/-/p-locate-5.0.0.tgz 0ms (cache hit)
2695 http cache lightningcss-darwin-arm64@https://registry.npmjs.org/lightningcss-darwin-arm64/-/lightningcss-darwin-arm64-1.32.0.tgz 0ms (cache hit)
2696 http cache detect-libc@https://registry.npmjs.org/detect-libc/-/detect-libc-2.1.2.tgz 0ms (cache hit)
2697 http cache type-check@https://registry.npmjs.org/type-check/-/type-check-0.4.0.tgz 0ms (cache hit)
2698 http cache prelude-ls@https://registry.npmjs.org/prelude-ls/-/prelude-ls-1.2.1.tgz 0ms (cache hit)
2699 http cache language-subtag-registry@https://registry.npmjs.org/language-subtag-registry/-/language-subtag-registry-0.3.23.tgz 0ms (cache hit)
2700 http cache json-buffer@https://registry.npmjs.org/json-buffer/-/json-buffer-3.0.1.tgz 0ms (cache hit)
2701 http cache argparse@https://registry.npmjs.org/argparse/-/argparse-2.0.1.tgz 0ms (cache hit)
2702 http cache set-function-name@https://registry.npmjs.org/set-function-name/-/set-function-name-2.0.2.tgz 0ms (cache hit)
2703 http cache is-extglob@https://registry.npmjs.org/is-extglob/-/is-extglob-2.1.1.tgz 0ms (cache hit)
2704 http cache resolve-from@https://registry.npmjs.org/resolve-from/-/resolve-from-4.0.0.tgz 0ms (cache hit)
2705 http cache side-channel@https://registry.npmjs.org/side-channel/-/side-channel-1.1.1.tgz 0ms (cache hit)
2706 http cache parent-module@https://registry.npmjs.org/parent-module/-/parent-module-1.0.1.tgz 0ms (cache hit)
2707 http cache hermes-estree@https://registry.npmjs.org/hermes-estree/-/hermes-estree-0.25.1.tgz 0ms (cache hit)
2708 http cache resolve-pkg-maps@https://registry.npmjs.org/resolve-pkg-maps/-/resolve-pkg-maps-1.0.0.tgz 0ms (cache hit)
2709 http cache dunder-proto@https://registry.npmjs.org/dunder-proto/-/dunder-proto-1.0.1.tgz 0ms (cache hit)
2710 http cache is-document.all@https://registry.npmjs.org/is-document.all/-/is-document.all-1.0.0.tgz 0ms (cache hit)
2711 http cache functions-have-names@https://registry.npmjs.org/functions-have-names/-/functions-have-names-1.2.3.tgz 0ms (cache hit)
2712 http cache keyv@https://registry.npmjs.org/keyv/-/keyv-4.5.4.tgz 0ms (cache hit)
2713 http cache flatted@https://registry.npmjs.org/flatted/-/flatted-3.4.2.tgz 0ms (cache hit)
2714 http cache path-exists@https://registry.npmjs.org/path-exists/-/path-exists-4.0.0.tgz 0ms (cache hit)
2715 http cache locate-path@https://registry.npmjs.org/locate-path/-/locate-path-6.0.0.tgz 0ms (cache hit)
2716 http cache flat-cache@https://registry.npmjs.org/flat-cache/-/flat-cache-4.0.1.tgz 0ms (cache hit)
2717 http cache reusify@https://registry.npmjs.org/reusify/-/reusify-1.1.0.tgz 0ms (cache hit)
2718 http cache run-parallel@https://registry.npmjs.org/run-parallel/-/run-parallel-1.2.0.tgz 0ms (cache hit)
2719 http cache fastq@https://registry.npmjs.org/fastq/-/fastq-1.20.1.tgz 0ms (cache hit)
2720 http cache @nodelib/fs.scandir@https://registry.npmjs.org/@nodelib/fs.scandir/-/fs.scandir-2.1.5.tgz 0ms (cache hit)
2721 http cache micromatch@https://registry.npmjs.org/micromatch/-/micromatch-4.0.8.tgz 0ms (cache hit)
2722 http cache merge2@https://registry.npmjs.org/merge2/-/merge2-1.4.1.tgz 0ms (cache hit)
2723 http cache @nodelib/fs.walk@https://registry.npmjs.org/@nodelib/fs.walk/-/fs.walk-1.2.8.tgz 0ms (cache hit)
2724 http cache @nodelib/fs.stat@https://registry.npmjs.org/@nodelib/fs.stat/-/fs.stat-2.0.5.tgz 0ms (cache hit)
2725 http cache acorn-jsx@https://registry.npmjs.org/acorn-jsx/-/acorn-jsx-5.3.2.tgz 0ms (cache hit)
2726 http cache acorn@https://registry.npmjs.org/acorn/-/acorn-8.17.0.tgz 0ms (cache hit)
2727 http cache esrecurse@https://registry.npmjs.org/esrecurse/-/esrecurse-4.3.0.tgz 0ms (cache hit)
2728 http cache update-browserslist-db@https://registry.npmjs.org/update-browserslist-db/-/update-browserslist-db-1.2.3.tgz 0ms (cache hit)
2729 http cache node-releases@https://registry.npmjs.org/node-releases/-/node-releases-2.0.51.tgz 0ms (cache hit)
2730 http cache electron-to-chromium@https://registry.npmjs.org/electron-to-chromium/-/electron-to-chromium-1.5.389.tgz 0ms (cache hit)
2731 http cache caniuse-lite@https://registry.npmjs.org/caniuse-lite/-/caniuse-lite-1.0.30001805.tgz 0ms (cache hit)
2732 http cache baseline-browser-mapping@https://registry.npmjs.org/baseline-browser-mapping/-/baseline-browser-mapping-2.10.43.tgz 0ms (cache hit)
2733 http cache @babel/helper-string-parser@https://registry.npmjs.org/@babel/helper-string-parser/-/helper-string-parser-7.29.7.tgz 0ms (cache hit)
2734 http cache @babel/helper-globals@https://registry.npmjs.org/@babel/helper-globals/-/helper-globals-7.29.7.tgz 0ms (cache hit)
2735 http cache @babel/helper-module-imports@https://registry.npmjs.org/@babel/helper-module-imports/-/helper-module-imports-7.29.7.tgz 0ms (cache hit)
2736 http cache lru-cache@https://registry.npmjs.org/lru-cache/-/lru-cache-5.1.1.tgz 0ms (cache hit)
2737 http cache @babel/helper-validator-option@https://registry.npmjs.org/@babel/helper-validator-option/-/helper-validator-option-7.29.7.tgz 0ms (cache hit)
2738 http cache jsesc@https://registry.npmjs.org/jsesc/-/jsesc-3.1.0.tgz 0ms (cache hit)
2739 http cache @babel/compat-data@https://registry.npmjs.org/@babel/compat-data/-/compat-data-7.29.7.tgz 0ms (cache hit)
2740 http cache picocolors@https://registry.npmjs.org/picocolors/-/picocolors-1.1.1.tgz 0ms (cache hit)
2741 http cache browserslist@https://registry.npmjs.org/browserslist/-/browserslist-4.28.6.tgz 0ms (cache hit)
2742 http cache js-tokens@https://registry.npmjs.org/js-tokens/-/js-tokens-4.0.0.tgz 0ms (cache hit)
2743 http cache @babel/helper-validator-identifier@https://registry.npmjs.org/@babel/helper-validator-identifier/-/helper-validator-identifier-7.29.7.tgz 0ms (cache hit)
2744 http cache gensync@https://registry.npmjs.org/gensync/-/gensync-1.0.0-beta.2.tgz 0ms (cache hit)
2745 http cache json5@https://registry.npmjs.org/json5/-/json5-2.2.3.tgz 0ms (cache hit)
2746 http cache convert-source-map@https://registry.npmjs.org/convert-source-map/-/convert-source-map-2.0.0.tgz 0ms (cache hit)
2747 http cache @babel/types@https://registry.npmjs.org/@babel/types/-/types-7.29.7.tgz 0ms (cache hit)
2748 http cache @babel/traverse@https://registry.npmjs.org/@babel/traverse/-/traverse-7.29.7.tgz 0ms (cache hit)
2749 http cache @babel/template@https://registry.npmjs.org/@babel/template/-/template-7.29.7.tgz 0ms (cache hit)
2750 http cache @babel/helpers@https://registry.npmjs.org/@babel/helpers/-/helpers-7.29.7.tgz 0ms (cache hit)
2751 http cache @babel/helper-module-transforms@https://registry.npmjs.org/@babel/helper-module-transforms/-/helper-module-transforms-7.29.7.tgz 0ms (cache hit)
2752 http cache @babel/helper-compilation-targets@https://registry.npmjs.org/@babel/helper-compilation-targets/-/helper-compilation-targets-7.29.7.tgz 0ms (cache hit)
2753 http cache @babel/generator@https://registry.npmjs.org/@babel/generator/-/generator-7.29.7.tgz 0ms (cache hit)
2754 http cache @babel/code-frame@https://registry.npmjs.org/@babel/code-frame/-/code-frame-7.29.7.tgz 0ms (cache hit)
2755 http cache zod-validation-error@https://registry.npmjs.org/zod-validation-error/-/zod-validation-error-4.0.2.tgz 0ms (cache hit)
2756 http cache zod@https://registry.npmjs.org/zod/-/zod-4.4.3.tgz 0ms (cache hit)
2757 http cache hermes-parser@https://registry.npmjs.org/hermes-parser/-/hermes-parser-0.25.1.tgz 0ms (cache hit)
2758 http cache @babel/parser@https://registry.npmjs.org/@babel/parser/-/parser-7.29.7.tgz 0ms (cache hit)
2759 http cache @babel/core@https://registry.npmjs.org/@babel/core/-/core-7.29.7.tgz 0ms (cache hit)
2760 http cache iterator.prototype@https://registry.npmjs.org/iterator.prototype/-/iterator.prototype-1.1.5.tgz 0ms (cache hit)
2761 http cache string.prototype.repeat@https://registry.npmjs.org/string.prototype.repeat/-/string.prototype.repeat-1.0.0.tgz 0ms (cache hit)
2762 http cache string.prototype.matchall@https://registry.npmjs.org/string.prototype.matchall/-/string.prototype.matchall-4.0.12.tgz 0ms (cache hit)
2763 http cache prop-types@https://registry.npmjs.org/prop-types/-/prop-types-15.8.1.tgz 0ms (cache hit)
2764 http cache estraverse@https://registry.npmjs.org/estraverse/-/estraverse-5.3.0.tgz 0ms (cache hit)
2765 http cache array.prototype.tosorted@https://registry.npmjs.org/array.prototype.tosorted/-/array.prototype.tosorted-1.1.4.tgz 0ms (cache hit)
2766 http cache es-iterator-helpers@https://registry.npmjs.org/es-iterator-helpers/-/es-iterator-helpers-1.4.0.tgz 0ms (cache hit)
2767 http cache array.prototype.findlast@https://registry.npmjs.org/array.prototype.findlast/-/array.prototype.findlast-1.2.5.tgz 0ms (cache hit)
2768 http cache language-tags@https://registry.npmjs.org/language-tags/-/language-tags-1.0.9.tgz 0ms (cache hit)
2769 http cache string.prototype.includes@https://registry.npmjs.org/string.prototype.includes/-/string.prototype.includes-2.0.1.tgz 0ms (cache hit)
2770 http cache jsx-ast-utils@https://registry.npmjs.org/jsx-ast-utils/-/jsx-ast-utils-3.3.5.tgz 0ms (cache hit)
2771 http cache emoji-regex@https://registry.npmjs.org/emoji-regex/-/emoji-regex-9.2.2.tgz 0ms (cache hit)
2772 http cache damerau-levenshtein@https://registry.npmjs.org/damerau-levenshtein/-/damerau-levenshtein-1.0.8.tgz 0ms (cache hit)
2773 http cache object.entries@https://registry.npmjs.org/object.entries/-/object.entries-1.1.9.tgz 0ms (cache hit)
2774 http cache axobject-query@https://registry.npmjs.org/axobject-query/-/axobject-query-4.1.0.tgz 0ms (cache hit)
2775 http cache axe-core@https://registry.npmjs.org/axe-core/-/axe-core-4.12.1.tgz 0ms (cache hit)
2776 http cache ast-types-flow@https://registry.npmjs.org/ast-types-flow/-/ast-types-flow-0.0.8.tgz 0ms (cache hit)
2777 http cache aria-query@https://registry.npmjs.org/aria-query/-/aria-query-5.3.2.tgz 0ms (cache hit)
2778 http cache is-symbol@https://registry.npmjs.org/is-symbol/-/is-symbol-1.1.1.tgz 0ms (cache hit)
2779 http cache is-date-object@https://registry.npmjs.org/is-date-object/-/is-date-object-1.1.0.tgz 0ms (cache hit)
2780 http cache es-abstract-get@https://registry.npmjs.org/es-abstract-get/-/es-abstract-get-1.0.0.tgz 0ms (cache hit)
2781 http cache which-typed-array@https://registry.npmjs.org/which-typed-array/-/which-typed-array-1.1.22.tgz 0ms (cache hit)
2782 http cache unbox-primitive@https://registry.npmjs.org/unbox-primitive/-/unbox-primitive-1.1.0.tgz 0ms (cache hit)
2783 http cache typed-array-length@https://registry.npmjs.org/typed-array-length/-/typed-array-length-1.0.8.tgz 0ms (cache hit)
2784 http cache possible-typed-array-names@https://registry.npmjs.org/possible-typed-array-names/-/possible-typed-array-names-1.1.0.tgz 0ms (cache hit)
2785 http cache typed-array-byte-offset@https://registry.npmjs.org/typed-array-byte-offset/-/typed-array-byte-offset-1.0.4.tgz 0ms (cache hit)
2786 http cache typed-array-byte-length@https://registry.npmjs.org/typed-array-byte-length/-/typed-array-byte-length-1.0.3.tgz 0ms (cache hit)
2787 http cache typed-array-buffer@https://registry.npmjs.org/typed-array-buffer/-/typed-array-buffer-1.0.3.tgz 0ms (cache hit)
2788 http cache string.prototype.trimstart@https://registry.npmjs.org/string.prototype.trimstart/-/string.prototype.trimstart-1.0.8.tgz 0ms (cache hit)
2789 http cache string.prototype.trim@https://registry.npmjs.org/string.prototype.trim/-/string.prototype.trim-1.2.11.tgz 0ms (cache hit)
2790 http cache stop-iteration-iterator@https://registry.npmjs.org/stop-iteration-iterator/-/stop-iteration-iterator-1.1.0.tgz 0ms (cache hit)
2791 http cache set-proto@https://registry.npmjs.org/set-proto/-/set-proto-1.0.0.tgz 0ms (cache hit)
2792 http cache safe-regex-test@https://registry.npmjs.org/safe-regex-test/-/safe-regex-test-1.1.0.tgz 0ms (cache hit)
2793 http cache safe-push-apply@https://registry.npmjs.org/safe-push-apply/-/safe-push-apply-1.0.0.tgz 0ms (cache hit)
2794 http cache safe-array-concat@https://registry.npmjs.org/safe-array-concat/-/safe-array-concat-1.1.4.tgz 0ms (cache hit)
2795 http cache regexp.prototype.flags@https://registry.npmjs.org/regexp.prototype.flags/-/regexp.prototype.flags-1.5.4.tgz 0ms (cache hit)
2796 http cache own-keys@https://registry.npmjs.org/own-keys/-/own-keys-1.0.1.tgz 0ms (cache hit)
2797 http cache object.assign@https://registry.npmjs.org/object.assign/-/object.assign-4.1.7.tgz 0ms (cache hit)
2798 http cache object-inspect@https://registry.npmjs.org/object-inspect/-/object-inspect-1.13.4.tgz 0ms (cache hit)
2799 http cache is-weakref@https://registry.npmjs.org/is-weakref/-/is-weakref-1.1.1.tgz 0ms (cache hit)
2800 http cache is-typed-array@https://registry.npmjs.org/is-typed-array/-/is-typed-array-1.1.15.tgz 0ms (cache hit)
2801 http cache is-shared-array-buffer@https://registry.npmjs.org/is-shared-array-buffer/-/is-shared-array-buffer-1.0.4.tgz 0ms (cache hit)
2802 http cache has-tostringtag@https://registry.npmjs.org/has-tostringtag/-/has-tostringtag-1.0.2.tgz 0ms (cache hit)
2803 http cache is-set@https://registry.npmjs.org/is-set/-/is-set-2.0.3.tgz 0ms (cache hit)
2804 http cache is-negative-zero@https://registry.npmjs.org/is-negative-zero/-/is-negative-zero-2.0.3.tgz 0ms (cache hit)
2805 http cache is-data-view@https://registry.npmjs.org/is-data-view/-/is-data-view-1.0.2.tgz 0ms (cache hit)
2806 http cache is-callable@https://registry.npmjs.org/is-callable/-/is-callable-1.2.7.tgz 0ms (cache hit)
2807 http cache is-array-buffer@https://registry.npmjs.org/is-array-buffer/-/is-array-buffer-3.0.5.tgz 0ms (cache hit)
2808 http cache internal-slot@https://registry.npmjs.org/internal-slot/-/internal-slot-1.1.0.tgz 0ms (cache hit)
2809 http cache has-symbols@https://registry.npmjs.org/has-symbols/-/has-symbols-1.1.0.tgz 0ms (cache hit)
2810 http cache has-proto@https://registry.npmjs.org/has-proto/-/has-proto-1.2.0.tgz 0ms (cache hit)
2811 http cache globalthis@https://registry.npmjs.org/globalthis/-/globalthis-1.0.4.tgz 0ms (cache hit)
2812 http cache is-regex@https://registry.npmjs.org/is-regex/-/is-regex-1.2.1.tgz 0ms (cache hit)
2813 http cache get-symbol-description@https://registry.npmjs.org/get-symbol-description/-/get-symbol-description-1.1.0.tgz 0ms (cache hit)
2814 http cache get-proto@https://registry.npmjs.org/get-proto/-/get-proto-1.0.1.tgz 0ms (cache hit)
2815 http cache es-to-primitive@https://registry.npmjs.org/es-to-primitive/-/es-to-primitive-1.3.4.tgz 0ms (cache hit)
2816 http cache es-set-tostringtag@https://registry.npmjs.org/es-set-tostringtag/-/es-set-tostringtag-2.1.0.tgz 0ms (cache hit)
2817 http cache data-view-byte-offset@https://registry.npmjs.org/data-view-byte-offset/-/data-view-byte-offset-1.0.1.tgz 0ms (cache hit)
2818 http cache data-view-byte-length@https://registry.npmjs.org/data-view-byte-length/-/data-view-byte-length-1.0.2.tgz 0ms (cache hit)
2819 http cache data-view-buffer@https://registry.npmjs.org/data-view-buffer/-/data-view-buffer-1.0.2.tgz 0ms (cache hit)
2820 http cache available-typed-arrays@https://registry.npmjs.org/available-typed-arrays/-/available-typed-arrays-1.0.7.tgz 0ms (cache hit)
2821 http cache arraybuffer.prototype.slice@https://registry.npmjs.org/arraybuffer.prototype.slice/-/arraybuffer.prototype.slice-1.0.4.tgz 0ms (cache hit)
2822 http cache array-buffer-byte-length@https://registry.npmjs.org/array-buffer-byte-length/-/array-buffer-byte-length-1.0.2.tgz 0ms (cache hit)
2823 http cache gopd@https://registry.npmjs.org/gopd/-/gopd-1.2.0.tgz 0ms (cache hit)
2824 http cache object-keys@https://registry.npmjs.org/object-keys/-/object-keys-1.1.1.tgz 0ms (cache hit)
2825 http cache has-property-descriptors@https://registry.npmjs.org/has-property-descriptors/-/has-property-descriptors-1.0.2.tgz 0ms (cache hit)
2826 http cache define-data-property@https://registry.npmjs.org/define-data-property/-/define-data-property-1.1.4.tgz 0ms (cache hit)
2827 http cache function-bind@https://registry.npmjs.org/function-bind/-/function-bind-1.1.2.tgz 0ms (cache hit)
2828 http cache set-function-length@https://registry.npmjs.org/set-function-length/-/set-function-length-1.2.2.tgz 0ms (cache hit)
2829 http cache es-define-property@https://registry.npmjs.org/es-define-property/-/es-define-property-1.0.1.tgz 0ms (cache hit)
2830 http cache call-bind-apply-helpers@https://registry.npmjs.org/call-bind-apply-helpers/-/call-bind-apply-helpers-1.0.2.tgz 0ms (cache hit)
2831 http cache es-shim-unscopables@https://registry.npmjs.org/es-shim-unscopables/-/es-shim-unscopables-1.1.0.tgz 0ms (cache hit)
2832 http cache es-errors@https://registry.npmjs.org/es-errors/-/es-errors-1.3.0.tgz 0ms (cache hit)
2833 http cache math-intrinsics@https://registry.npmjs.org/math-intrinsics/-/math-intrinsics-1.1.0.tgz 0ms (cache hit)
2834 http cache is-string@https://registry.npmjs.org/is-string/-/is-string-1.1.1.tgz 0ms (cache hit)
2835 http cache get-intrinsic@https://registry.npmjs.org/get-intrinsic/-/get-intrinsic-1.3.0.tgz 0ms (cache hit)
2836 http cache es-object-atoms@https://registry.npmjs.org/es-object-atoms/-/es-object-atoms-1.1.2.tgz 0ms (cache hit)
2837 http cache es-abstract@https://registry.npmjs.org/es-abstract/-/es-abstract-1.24.2.tgz 0ms (cache hit)
2838 http cache define-properties@https://registry.npmjs.org/define-properties/-/define-properties-1.2.1.tgz 0ms (cache hit)
2839 http cache call-bind@https://registry.npmjs.org/call-bind/-/call-bind-1.0.9.tgz 0ms (cache hit)
2840 http cache tsconfig-paths@https://registry.npmjs.org/tsconfig-paths/-/tsconfig-paths-3.15.0.tgz 0ms (cache hit)
2841 http cache string.prototype.trimend@https://registry.npmjs.org/string.prototype.trimend/-/string.prototype.trimend-1.0.10.tgz 0ms (cache hit)
2842 http cache object.values@https://registry.npmjs.org/object.values/-/object.values-1.2.1.tgz 0ms (cache hit)
2843 http cache call-bound@https://registry.npmjs.org/call-bound/-/call-bound-1.0.4.tgz 0ms (cache hit)
2844 http cache semver@https://registry.npmjs.org/semver/-/semver-6.3.1.tgz 0ms (cache hit)
2845 http cache function.prototype.name@https://registry.npmjs.org/function.prototype.name/-/function.prototype.name-1.2.0.tgz 0ms (cache hit)
2846 http cache object.groupby@https://registry.npmjs.org/object.groupby/-/object.groupby-1.0.3.tgz 0ms (cache hit)
2847 http cache hasown@https://registry.npmjs.org/hasown/-/hasown-2.0.4.tgz 0ms (cache hit)
2848 http cache object.fromentries@https://registry.npmjs.org/object.fromentries/-/object.fromentries-2.0.8.tgz 0ms (cache hit)
2849 http cache eslint-module-utils@https://registry.npmjs.org/eslint-module-utils/-/eslint-module-utils-2.14.0.tgz 0ms (cache hit)
2850 http cache doctrine@https://registry.npmjs.org/doctrine/-/doctrine-2.1.0.tgz 0ms (cache hit)
2851 http cache array.prototype.flatmap@https://registry.npmjs.org/array.prototype.flatmap/-/array.prototype.flatmap-1.3.3.tgz 0ms (cache hit)
2852 http cache array.prototype.flat@https://registry.npmjs.org/array.prototype.flat/-/array.prototype.flat-1.3.3.tgz 0ms (cache hit)
2853 http cache array-includes@https://registry.npmjs.org/array-includes/-/array-includes-3.1.9.tgz 0ms (cache hit)
2854 http cache array.prototype.findlastindex@https://registry.npmjs.org/array.prototype.findlastindex/-/array.prototype.findlastindex-1.2.6.tgz 0ms (cache hit)
2855 http cache @rtsao/scc@https://registry.npmjs.org/@rtsao/scc/-/scc-1.1.0.tgz 0ms (cache hit)
2856 http cache unrs-resolver@https://registry.npmjs.org/unrs-resolver/-/unrs-resolver-1.12.2.tgz 0ms (cache hit)
2857 http cache stable-hash@https://registry.npmjs.org/stable-hash/-/stable-hash-0.0.5.tgz 0ms (cache hit)
2858 http cache tinyglobby@https://registry.npmjs.org/tinyglobby/-/tinyglobby-0.2.17.tgz 0ms (cache hit)
2859 http cache is-bun-module@https://registry.npmjs.org/is-bun-module/-/is-bun-module-2.0.0.tgz 0ms (cache hit)
2860 http cache get-tsconfig@https://registry.npmjs.org/get-tsconfig/-/get-tsconfig-4.14.0.tgz 0ms (cache hit)
2861 http cache @nolyfill/is-core-module@https://registry.npmjs.org/@nolyfill/is-core-module/-/is-core-module-1.0.39.tgz 0ms (cache hit)
2862 http cache resolve@https://registry.npmjs.org/resolve/-/resolve-2.0.0-next.7.tgz 0ms (cache hit)
2863 http cache is-core-module@https://registry.npmjs.org/is-core-module/-/is-core-module-2.16.2.tgz 0ms (cache hit)
2864 http cache fast-glob@https://registry.npmjs.org/fast-glob/-/fast-glob-3.3.1.tgz 0ms (cache hit)
2865 http cache typescript-eslint@https://registry.npmjs.org/typescript-eslint/-/typescript-eslint-8.63.0.tgz 0ms (cache hit)
2866 http cache eslint-plugin-react-hooks@https://registry.npmjs.org/eslint-plugin-react-hooks/-/eslint-plugin-react-hooks-7.1.1.tgz 0ms (cache hit)
2867 http cache eslint-plugin-react@https://registry.npmjs.org/eslint-plugin-react/-/eslint-plugin-react-7.37.5.tgz 0ms (cache hit)
2868 http cache eslint-plugin-jsx-a11y@https://registry.npmjs.org/eslint-plugin-jsx-a11y/-/eslint-plugin-jsx-a11y-6.10.2.tgz 0ms (cache hit)
2869 http cache eslint-plugin-import@https://registry.npmjs.org/eslint-plugin-import/-/eslint-plugin-import-2.32.0.tgz 0ms (cache hit)
2870 http cache eslint-import-resolver-typescript@https://registry.npmjs.org/eslint-import-resolver-typescript/-/eslint-import-resolver-typescript-3.10.1.tgz 0ms (cache hit)
2871 http cache @next/eslint-plugin-next@https://registry.npmjs.org/@next/eslint-plugin-next/-/eslint-plugin-next-16.2.10.tgz 0ms (cache hit)
2872 http cache eslint-import-resolver-node@https://registry.npmjs.org/eslint-import-resolver-node/-/eslint-import-resolver-node-0.3.10.tgz 0ms (cache hit)
2873 http cache ms@https://registry.npmjs.org/ms/-/ms-2.1.3.tgz 0ms (cache hit)
2874 http cache which@https://registry.npmjs.org/which/-/which-2.0.2.tgz 0ms (cache hit)
2875 http cache shebang-command@https://registry.npmjs.org/shebang-command/-/shebang-command-2.0.0.tgz 0ms (cache hit)
2876 http cache path-key@https://registry.npmjs.org/path-key/-/path-key-3.1.1.tgz 0ms (cache hit)
2877 http cache color-convert@https://registry.npmjs.org/color-convert/-/color-convert-2.0.1.tgz 0ms (cache hit)
2878 http cache color-name@https://registry.npmjs.org/color-name/-/color-name-1.1.4.tgz 0ms (cache hit)
2879 http cache supports-color@https://registry.npmjs.org/supports-color/-/supports-color-7.2.0.tgz 0ms (cache hit)
2880 http cache ansi-styles@https://registry.npmjs.org/ansi-styles/-/ansi-styles-4.3.0.tgz 0ms (cache hit)
2881 http cache uri-js@https://registry.npmjs.org/uri-js/-/uri-js-4.4.1.tgz 0ms (cache hit)
2882 http cache json-schema-traverse@https://registry.npmjs.org/json-schema-traverse/-/json-schema-traverse-0.4.1.tgz 0ms (cache hit)
2883 http cache fast-json-stable-stringify@https://registry.npmjs.org/fast-json-stable-stringify/-/fast-json-stable-stringify-2.1.0.tgz 0ms (cache hit)
2884 http cache @humanfs/types@https://registry.npmjs.org/@humanfs/types/-/types-0.15.0.tgz 0ms (cache hit)
2885 http cache strip-json-comments@https://registry.npmjs.org/strip-json-comments/-/strip-json-comments-3.1.1.tgz 0ms (cache hit)
2886 http cache levn@https://registry.npmjs.org/levn/-/levn-0.4.1.tgz 0ms (cache hit)
2887 http cache @humanfs/core@https://registry.npmjs.org/@humanfs/core/-/core-0.19.2.tgz 0ms (cache hit)
2888 http cache js-yaml@https://registry.npmjs.org/js-yaml/-/js-yaml-4.3.0.tgz 0ms (cache hit)
2889 http cache globals@https://registry.npmjs.org/globals/-/globals-14.0.0.tgz 0ms (cache hit)
2890 http cache import-fresh@https://registry.npmjs.org/import-fresh/-/import-fresh-3.3.1.tgz 0ms (cache hit)
2891 http cache @types/json-schema@https://registry.npmjs.org/@types/json-schema/-/json-schema-7.0.15.tgz 0ms (cache hit)
2892 http cache @eslint/object-schema@https://registry.npmjs.org/@eslint/object-schema/-/object-schema-2.1.7.tgz 0ms (cache hit)
2893 http cache optionator@https://registry.npmjs.org/optionator/-/optionator-0.9.4.tgz 0ms (cache hit)
2894 http cache natural-compare@https://registry.npmjs.org/natural-compare/-/natural-compare-1.4.0.tgz 0ms (cache hit)
2895 http cache lodash.merge@https://registry.npmjs.org/lodash.merge/-/lodash.merge-4.6.2.tgz 0ms (cache hit)
2896 http cache minimatch@https://registry.npmjs.org/minimatch/-/minimatch-3.1.5.tgz 0ms (cache hit)
2897 http cache json-stable-stringify-without-jsonify@https://registry.npmjs.org/json-stable-stringify-without-jsonify/-/json-stable-stringify-without-jsonify-1.0.1.tgz 0ms (cache hit)
2898 http cache is-glob@https://registry.npmjs.org/is-glob/-/is-glob-4.0.3.tgz 0ms (cache hit)
2899 http cache imurmurhash@https://registry.npmjs.org/imurmurhash/-/imurmurhash-0.1.4.tgz 0ms (cache hit)
2900 http cache ignore@https://registry.npmjs.org/ignore/-/ignore-5.3.2.tgz 0ms (cache hit)
2901 http cache glob-parent@https://registry.npmjs.org/glob-parent/-/glob-parent-6.0.2.tgz 0ms (cache hit)
2902 http cache find-up@https://registry.npmjs.org/find-up/-/find-up-5.0.0.tgz 0ms (cache hit)
2903 http cache file-entry-cache@https://registry.npmjs.org/file-entry-cache/-/file-entry-cache-8.0.0.tgz 0ms (cache hit)
2904 http cache fast-deep-equal@https://registry.npmjs.org/fast-deep-equal/-/fast-deep-equal-3.1.3.tgz 0ms (cache hit)
2905 http cache esutils@https://registry.npmjs.org/esutils/-/esutils-2.0.3.tgz 0ms (cache hit)
2906 http cache esquery@https://registry.npmjs.org/esquery/-/esquery-1.7.0.tgz 0ms (cache hit)
2907 http cache espree@https://registry.npmjs.org/espree/-/espree-10.4.0.tgz 0ms (cache hit)
2908 http cache eslint-visitor-keys@https://registry.npmjs.org/eslint-visitor-keys/-/eslint-visitor-keys-4.2.1.tgz 0ms (cache hit)
2909 http cache eslint-scope@https://registry.npmjs.org/eslint-scope/-/eslint-scope-8.4.0.tgz 0ms (cache hit)
2910 http cache escape-string-regexp@https://registry.npmjs.org/escape-string-regexp/-/escape-string-regexp-4.0.0.tgz 0ms (cache hit)
2911 http cache debug@https://registry.npmjs.org/debug/-/debug-4.4.3.tgz 0ms (cache hit)
2912 http cache cross-spawn@https://registry.npmjs.org/cross-spawn/-/cross-spawn-7.0.6.tgz 0ms (cache hit)
2913 http cache chalk@https://registry.npmjs.org/chalk/-/chalk-4.1.2.tgz 0ms (cache hit)
2914 http cache ajv@https://registry.npmjs.org/ajv/-/ajv-6.15.0.tgz 0ms (cache hit)
2915 http cache @types/estree@https://registry.npmjs.org/@types/estree/-/estree-1.0.9.tgz 0ms (cache hit)
2916 http cache @humanwhocodes/retry@https://registry.npmjs.org/@humanwhocodes/retry/-/retry-0.4.3.tgz 0ms (cache hit)
2917 http cache @humanwhocodes/module-importer@https://registry.npmjs.org/@humanwhocodes/module-importer/-/module-importer-1.0.1.tgz 0ms (cache hit)
2918 http cache @humanfs/node@https://registry.npmjs.org/@humanfs/node/-/node-0.16.8.tgz 0ms (cache hit)
2919 http cache @eslint/plugin-kit@https://registry.npmjs.org/@eslint/plugin-kit/-/plugin-kit-0.4.1.tgz 0ms (cache hit)
2920 http cache @eslint/js@https://registry.npmjs.org/@eslint/js/-/js-9.39.5.tgz 0ms (cache hit)
2921 http cache @eslint/eslintrc@https://registry.npmjs.org/@eslint/eslintrc/-/eslintrc-3.3.6.tgz 0ms (cache hit)
2922 http cache @eslint/core@https://registry.npmjs.org/@eslint/core/-/core-0.17.0.tgz 0ms (cache hit)
2923 http cache @eslint/config-helpers@https://registry.npmjs.org/@eslint/config-helpers/-/config-helpers-0.4.2.tgz 0ms (cache hit)
2924 http cache @eslint/config-array@https://registry.npmjs.org/@eslint/config-array/-/config-array-0.21.2.tgz 0ms (cache hit)
2925 http cache @eslint-community/regexpp@https://registry.npmjs.org/@eslint-community/regexpp/-/regexpp-4.12.2.tgz 0ms (cache hit)
2926 http cache @eslint-community/eslint-utils@https://registry.npmjs.org/@eslint-community/eslint-utils/-/eslint-utils-4.9.1.tgz 0ms (cache hit)
2927 http cache tapable@https://registry.npmjs.org/tapable/-/tapable-2.3.3.tgz 0ms (cache hit)
2928 http cache graceful-fs@https://registry.npmjs.org/graceful-fs/-/graceful-fs-4.2.11.tgz 0ms (cache hit)
2929 http cache csstype@https://registry.npmjs.org/csstype/-/csstype-3.2.3.tgz 0ms (cache hit)
2930 http cache undici-types@https://registry.npmjs.org/undici-types/-/undici-types-6.21.0.tgz 0ms (cache hit)
2931 http cache @tailwindcss/oxide-darwin-arm64@https://registry.npmjs.org/@tailwindcss/oxide-darwin-arm64/-/oxide-darwin-arm64-4.3.2.tgz 0ms (cache hit)
2932 http cache @jridgewell/resolve-uri@https://registry.npmjs.org/@jridgewell/resolve-uri/-/resolve-uri-3.1.2.tgz 0ms (cache hit)
2933 http cache @jridgewell/trace-mapping@https://registry.npmjs.org/@jridgewell/trace-mapping/-/trace-mapping-0.3.31.tgz 0ms (cache hit)
2934 http cache @jridgewell/sourcemap-codec@https://registry.npmjs.org/@jridgewell/sourcemap-codec/-/sourcemap-codec-1.5.5.tgz 0ms (cache hit)
2935 http cache @jridgewell/gen-mapping@https://registry.npmjs.org/@jridgewell/gen-mapping/-/gen-mapping-0.3.13.tgz 0ms (cache hit)
2936 http cache magic-string@https://registry.npmjs.org/magic-string/-/magic-string-0.30.21.tgz 0ms (cache hit)
2937 http cache lightningcss@https://registry.npmjs.org/lightningcss/-/lightningcss-1.32.0.tgz 0ms (cache hit)
2938 http cache source-map-js@https://registry.npmjs.org/source-map-js/-/source-map-js-1.2.1.tgz 0ms (cache hit)
2939 http cache jiti@https://registry.npmjs.org/jiti/-/jiti-2.7.0.tgz 0ms (cache hit)
2940 http cache enhanced-resolve@https://registry.npmjs.org/enhanced-resolve/-/enhanced-resolve-5.21.6.tgz 0ms (cache hit)
2941 http cache @jridgewell/remapping@https://registry.npmjs.org/@jridgewell/remapping/-/remapping-2.3.5.tgz 0ms (cache hit)
2942 http cache postcss@https://registry.npmjs.org/postcss/-/postcss-8.5.17.tgz 0ms (cache hit)
2943 http cache @tailwindcss/oxide@https://registry.npmjs.org/@tailwindcss/oxide/-/oxide-4.3.2.tgz 0ms (cache hit)
2944 http cache @tailwindcss/node@https://registry.npmjs.org/@tailwindcss/node/-/node-4.3.2.tgz 0ms (cache hit)
2945 http cache typescript@https://registry.npmjs.org/typescript/-/typescript-5.9.3.tgz 0ms (cache hit)
2946 http cache tailwindcss@https://registry.npmjs.org/tailwindcss/-/tailwindcss-4.3.2.tgz 0ms (cache hit)
2947 http cache @alloc/quick-lru@https://registry.npmjs.org/@alloc/quick-lru/-/quick-lru-5.2.0.tgz 0ms (cache hit)
2948 http cache react-dom@https://registry.npmjs.org/react-dom/-/react-dom-19.2.4.tgz 0ms (cache hit)
2949 http cache next@https://registry.npmjs.org/next/-/next-16.2.10.tgz 0ms (cache hit)
2950 http cache react@https://registry.npmjs.org/react/-/react-19.2.4.tgz 0ms (cache hit)
2951 http cache eslint@https://registry.npmjs.org/eslint/-/eslint-9.39.5.tgz 0ms (cache hit)
2952 http cache @types/react-dom@https://registry.npmjs.org/@types/react-dom/-/react-dom-19.2.3.tgz 0ms (cache hit)
2953 http cache eslint-config-next@https://registry.npmjs.org/eslint-config-next/-/eslint-config-next-16.2.10.tgz 0ms (cache hit)
2954 http cache @tailwindcss/postcss@https://registry.npmjs.org/@tailwindcss/postcss/-/postcss-4.3.2.tgz 0ms (cache hit)
2955 http cache @emnapi/runtime@https://registry.npmjs.org/@emnapi/runtime/-/runtime-1.10.0.tgz 0ms (cache hit)
2956 http cache @types/react@https://registry.npmjs.org/@types/react/-/react-19.2.17.tgz 0ms (cache hit)
2957 http cache eslint-visitor-keys@https://registry.npmjs.org/eslint-visitor-keys/-/eslint-visitor-keys-5.0.1.tgz 0ms (cache hit)
2958 http cache @types/node@https://registry.npmjs.org/@types/node/-/node-20.19.43.tgz 0ms (cache hit)
2959 http cache balanced-match@https://registry.npmjs.org/balanced-match/-/balanced-match-4.0.4.tgz 0ms (cache hit)
2960 http cache brace-expansion@https://registry.npmjs.org/brace-expansion/-/brace-expansion-5.0.7.tgz 0ms (cache hit)
2961 http cache minimatch@https://registry.npmjs.org/minimatch/-/minimatch-10.2.5.tgz 0ms (cache hit)
2962 http cache semver@https://registry.npmjs.org/semver/-/semver-7.8.5.tgz 0ms (cache hit)
2963 http cache ignore@https://registry.npmjs.org/ignore/-/ignore-7.0.6.tgz 0ms (cache hit)
2964 http cache semver@https://registry.npmjs.org/semver/-/semver-7.8.5.tgz 0ms (cache hit)
2965 http cache json5@https://registry.npmjs.org/json5/-/json5-1.0.2.tgz 0ms (cache hit)
2966 http cache debug@https://registry.npmjs.org/debug/-/debug-3.2.7.tgz 0ms (cache hit)
2967 http cache fdir@https://registry.npmjs.org/fdir/-/fdir-6.5.0.tgz 0ms (cache hit)
2968 http cache picomatch@https://registry.npmjs.org/picomatch/-/picomatch-4.0.5.tgz 0ms (cache hit)
2969 http cache semver@https://registry.npmjs.org/semver/-/semver-7.8.5.tgz 0ms (cache hit)
2970 http cache debug@https://registry.npmjs.org/debug/-/debug-3.2.7.tgz 0ms (cache hit)
2971 http cache debug@https://registry.npmjs.org/debug/-/debug-3.2.7.tgz 0ms (cache hit)
2972 http cache postcss@https://registry.npmjs.org/postcss/-/postcss-8.4.31.tgz 0ms (cache hit)
2973 http cache eslint-visitor-keys@https://registry.npmjs.org/eslint-visitor-keys/-/eslint-visitor-keys-3.4.3.tgz 0ms (cache hit)
2974 http cache globals@https://registry.npmjs.org/globals/-/globals-16.4.0.tgz 0ms (cache hit)
2975 http cache glob-parent@https://registry.npmjs.org/glob-parent/-/glob-parent-5.1.2.tgz 0ms (cache hit)
2976 silly tarball no local data for is-weakmap@https://registry.npmjs.org/is-weakmap/-/is-weakmap-2.0.2.tgz. Extracting by manifest.
2977 silly tarball no local data for is-map@https://registry.npmjs.org/is-map/-/is-map-2.0.3.tgz. Extracting by manifest.
2978 silly tarball no local data for generator-function@https://registry.npmjs.org/generator-function/-/generator-function-2.0.1.tgz. Extracting by manifest.
2979 silly tarball no local data for is-weakset@https://registry.npmjs.org/is-weakset/-/is-weakset-2.0.4.tgz. Extracting by manifest.
2980 silly tarball no local data for async-function@https://registry.npmjs.org/async-function/-/async-function-1.0.0.tgz. Extracting by manifest.
2981 silly tarball no local data for which-collection@https://registry.npmjs.org/which-collection/-/which-collection-1.0.2.tgz. Extracting by manifest.
2982 silly tarball no local data for is-generator-function@https://registry.npmjs.org/is-generator-function/-/is-generator-function-1.1.2.tgz. Extracting by manifest.
2983 silly tarball no local data for is-finalizationregistry@https://registry.npmjs.org/is-finalizationregistry/-/is-finalizationregistry-1.1.1.tgz. Extracting by manifest.
2984 silly tarball no local data for is-async-function@https://registry.npmjs.org/is-async-function/-/is-async-function-2.1.1.tgz. Extracting by manifest.
2985 silly tarball no local data for is-number-object@https://registry.npmjs.org/is-number-object/-/is-number-object-1.1.1.tgz. Extracting by manifest.
2986 silly tarball no local data for is-boolean-object@https://registry.npmjs.org/is-boolean-object/-/is-boolean-object-1.2.2.tgz. Extracting by manifest.
2987 silly tarball no local data for is-bigint@https://registry.npmjs.org/is-bigint/-/is-bigint-1.1.0.tgz. Extracting by manifest.
2988 silly tarball no local data for punycode@https://registry.npmjs.org/punycode/-/punycode-2.3.1.tgz. Extracting by manifest.
2989 silly tarball no local data for escalade@https://registry.npmjs.org/escalade/-/escalade-3.2.0.tgz. Extracting by manifest.
2990 silly tarball no local data for isexe@https://registry.npmjs.org/isexe/-/isexe-2.0.0.tgz. Extracting by manifest.
2991 silly tarball no local data for @napi-rs/wasm-runtime@https://registry.npmjs.org/@napi-rs/wasm-runtime/-/wasm-runtime-1.1.6.tgz. Extracting by manifest.
2992 silly tarball no local data for @emnapi/core@https://registry.npmjs.org/@emnapi/core/-/core-1.10.0.tgz. Extracting by manifest.
2993 silly tarball no local data for @emnapi/wasi-threads@https://registry.npmjs.org/@emnapi/wasi-threads/-/wasi-threads-1.2.1.tgz. Extracting by manifest.
2994 silly tarball no local data for napi-postinstall@https://registry.npmjs.org/napi-postinstall/-/napi-postinstall-0.3.4.tgz. Extracting by manifest.
2995 silly tarball no local data for @unrs/resolver-binding-darwin-arm64@https://registry.npmjs.org/@unrs/resolver-binding-darwin-arm64/-/resolver-binding-darwin-arm64-1.12.2.tgz. Extracting by manifest.
2996 silly tarball no local data for which-boxed-primitive@https://registry.npmjs.org/which-boxed-primitive/-/which-boxed-primitive-1.1.1.tgz. Extracting by manifest.
2997 silly tarball no local data for has-bigints@https://registry.npmjs.org/has-bigints/-/has-bigints-1.1.0.tgz. Extracting by manifest.
2998 silly tarball no local data for @typescript-eslint/tsconfig-utils@https://registry.npmjs.org/@typescript-eslint/tsconfig-utils/-/tsconfig-utils-8.63.0.tgz. Extracting by manifest.
2999 silly tarball no local data for @typescript-eslint/project-service@https://registry.npmjs.org/@typescript-eslint/project-service/-/project-service-8.63.0.tgz. Extracting by manifest.
3000 silly tarball no local data for @typescript-eslint/types@https://registry.npmjs.org/@typescript-eslint/types/-/types-8.63.0.tgz. Extracting by manifest.
3001 silly tarball no local data for ts-api-utils@https://registry.npmjs.org/ts-api-utils/-/ts-api-utils-2.5.0.tgz. Extracting by manifest.
3002 silly tarball no local data for @typescript-eslint/visitor-keys@https://registry.npmjs.org/@typescript-eslint/visitor-keys/-/visitor-keys-8.63.0.tgz. Extracting by manifest.
3003 silly tarball no local data for @typescript-eslint/type-utils@https://registry.npmjs.org/@typescript-eslint/type-utils/-/type-utils-8.63.0.tgz. Extracting by manifest.
3004 silly tarball no local data for @typescript-eslint/scope-manager@https://registry.npmjs.org/@typescript-eslint/scope-manager/-/scope-manager-8.63.0.tgz. Extracting by manifest.
3005 silly tarball no local data for @typescript-eslint/utils@https://registry.npmjs.org/@typescript-eslint/utils/-/utils-8.63.0.tgz. Extracting by manifest.
3006 silly tarball no local data for @typescript-eslint/typescript-estree@https://registry.npmjs.org/@typescript-eslint/typescript-estree/-/typescript-estree-8.63.0.tgz. Extracting by manifest.
3007 silly tarball no local data for @typescript-eslint/eslint-plugin@https://registry.npmjs.org/@typescript-eslint/eslint-plugin/-/eslint-plugin-8.63.0.tgz. Extracting by manifest.
3008 silly tarball no local data for which-builtin-type@https://registry.npmjs.org/which-builtin-type/-/which-builtin-type-1.2.1.tgz. Extracting by manifest.
3009 silly tarball no local data for reflect.getprototypeof@https://registry.npmjs.org/reflect.getprototypeof/-/reflect.getprototypeof-1.0.10.tgz. Extracting by manifest.
3010 silly tarball no local data for for-each@https://registry.npmjs.org/for-each/-/for-each-0.3.5.tgz. Extracting by manifest.
3011 silly tarball no local data for @typescript-eslint/parser@https://registry.npmjs.org/@typescript-eslint/parser/-/parser-8.63.0.tgz. Extracting by manifest.
3012 silly tarball no local data for strip-bom@https://registry.npmjs.org/strip-bom/-/strip-bom-3.0.0.tgz. Extracting by manifest.
3013 silly tarball no local data for minimist@https://registry.npmjs.org/minimist/-/minimist-1.2.8.tgz. Extracting by manifest.
3014 silly tarball no local data for @types/json5@https://registry.npmjs.org/@types/json5/-/json5-0.0.29.tgz. Extracting by manifest.
3015 silly tarball no local data for is-number@https://registry.npmjs.org/is-number/-/is-number-7.0.0.tgz. Extracting by manifest.
3016 silly tarball no local data for has-flag@https://registry.npmjs.org/has-flag/-/has-flag-4.0.0.tgz. Extracting by manifest.
3017 silly tarball no local data for client-only@https://registry.npmjs.org/client-only/-/client-only-0.0.1.tgz. Extracting by manifest.
3018 silly tarball no local data for side-channel-weakmap@https://registry.npmjs.org/side-channel-weakmap/-/side-channel-weakmap-1.0.2.tgz. Extracting by manifest.
3019 silly tarball no local data for side-channel-map@https://registry.npmjs.org/side-channel-map/-/side-channel-map-1.0.1.tgz. Extracting by manifest.
3020 silly tarball no local data for side-channel-list@https://registry.npmjs.org/side-channel-list/-/side-channel-list-1.0.1.tgz. Extracting by manifest.
3021 silly tarball no local data for shebang-regex@https://registry.npmjs.org/shebang-regex/-/shebang-regex-3.0.0.tgz. Extracting by manifest.
3022 silly tarball no local data for @img/sharp-libvips-darwin-arm64@https://registry.npmjs.org/@img/sharp-libvips-darwin-arm64/-/sharp-libvips-darwin-arm64-1.2.4.tgz. Extracting by manifest.
3023 silly tarball no local data for @emnapi/runtime@https://registry.npmjs.org/@emnapi/runtime/-/runtime-1.11.2.tgz. Extracting by manifest.
3024 silly tarball no local data for @img/sharp-darwin-arm64@https://registry.npmjs.org/@img/sharp-darwin-arm64/-/sharp-darwin-arm64-0.34.5.tgz. Extracting by manifest.
3025 silly tarball no local data for @img/colour@https://registry.npmjs.org/@img/colour/-/colour-1.1.0.tgz. Extracting by manifest.
3026 silly tarball no local data for isarray@https://registry.npmjs.org/isarray/-/isarray-2.0.5.tgz. Extracting by manifest.
3027 silly tarball no local data for queue-microtask@https://registry.npmjs.org/queue-microtask/-/queue-microtask-1.2.3.tgz. Extracting by manifest.
3028 silly tarball no local data for supports-preserve-symlinks-flag@https://registry.npmjs.org/supports-preserve-symlinks-flag/-/supports-preserve-symlinks-flag-1.0.0.tgz. Extracting by manifest.
3029 silly tarball no local data for path-parse@https://registry.npmjs.org/path-parse/-/path-parse-1.0.7.tgz. Extracting by manifest.
3030 silly tarball no local data for node-exports-info@https://registry.npmjs.org/node-exports-info/-/node-exports-info-1.6.2.tgz. Extracting by manifest.
3031 silly tarball no local data for @tybys/wasm-util@https://registry.npmjs.org/@tybys/wasm-util/-/wasm-util-0.10.3.tgz. Extracting by manifest.
3032 silly tarball no local data for scheduler@https://registry.npmjs.org/scheduler/-/scheduler-0.27.0.tgz. Extracting by manifest.
3033 silly tarball no local data for react-is@https://registry.npmjs.org/react-is/-/react-is-16.13.1.tgz. Extracting by manifest.
3034 silly tarball no local data for object-assign@https://registry.npmjs.org/object-assign/-/object-assign-4.1.1.tgz. Extracting by manifest.
3035 silly tarball no local data for nanoid@https://registry.npmjs.org/nanoid/-/nanoid-3.3.15.tgz. Extracting by manifest.
3036 silly tarball no local data for callsites@https://registry.npmjs.org/callsites/-/callsites-3.1.0.tgz. Extracting by manifest.
3037 silly tarball no local data for loose-envify@https://registry.npmjs.org/loose-envify/-/loose-envify-1.4.0.tgz. Extracting by manifest.
3038 silly tarball no local data for p-limit@https://registry.npmjs.org/p-limit/-/p-limit-3.1.0.tgz. Extracting by manifest.
3039 silly tarball no local data for yocto-queue@https://registry.npmjs.org/yocto-queue/-/yocto-queue-0.1.0.tgz. Extracting by manifest.
3040 silly tarball no local data for word-wrap@https://registry.npmjs.org/word-wrap/-/word-wrap-1.2.5.tgz. Extracting by manifest.
3041 silly tarball no local data for deep-is@https://registry.npmjs.org/deep-is/-/deep-is-0.1.4.tgz. Extracting by manifest.
3042 silly tarball no local data for fast-levenshtein@https://registry.npmjs.org/fast-levenshtein/-/fast-levenshtein-2.0.6.tgz. Extracting by manifest.
3043 silly tarball no local data for tslib@https://registry.npmjs.org/tslib/-/tslib-2.8.1.tgz. Extracting by manifest.
3044 silly tarball no local data for styled-jsx@https://registry.npmjs.org/styled-jsx/-/styled-jsx-5.1.6.tgz. Extracting by manifest.
3045 silly tarball no local data for sharp@https://registry.npmjs.org/sharp/-/sharp-0.34.5.tgz. Extracting by manifest.
3046 silly tarball no local data for @swc/helpers@https://registry.npmjs.org/@swc/helpers/-/helpers-0.5.15.tgz. Extracting by manifest.
3047 silly tarball no local data for @next/swc-darwin-arm64@https://registry.npmjs.org/@next/swc-darwin-arm64/-/swc-darwin-arm64-16.2.10.tgz. Extracting by manifest.
3048 silly tarball no local data for @next/env@https://registry.npmjs.org/@next/env/-/env-16.2.10.tgz. Extracting by manifest.
3049 silly tarball no local data for concat-map@https://registry.npmjs.org/concat-map/-/concat-map-0.0.1.tgz. Extracting by manifest.
3050 silly tarball no local data for balanced-match@https://registry.npmjs.org/balanced-match/-/balanced-match-1.0.2.tgz. Extracting by manifest.
3051 silly tarball no local data for brace-expansion@https://registry.npmjs.org/brace-expansion/-/brace-expansion-1.1.16.tgz. Extracting by manifest.
3052 silly tarball no local data for to-regex-range@https://registry.npmjs.org/to-regex-range/-/to-regex-range-5.0.1.tgz. Extracting by manifest.
3053 silly tarball no local data for fill-range@https://registry.npmjs.org/fill-range/-/fill-range-7.1.1.tgz. Extracting by manifest.
3054 silly tarball no local data for picomatch@https://registry.npmjs.org/picomatch/-/picomatch-2.3.2.tgz. Extracting by manifest.
3055 silly tarball no local data for braces@https://registry.npmjs.org/braces/-/braces-3.0.3.tgz. Extracting by manifest.
3056 silly tarball no local data for yallist@https://registry.npmjs.org/yallist/-/yallist-3.1.1.tgz. Extracting by manifest.
3057 silly tarball no local data for p-locate@https://registry.npmjs.org/p-locate/-/p-locate-5.0.0.tgz. Extracting by manifest.
3058 silly tarball no local data for lightningcss-darwin-arm64@https://registry.npmjs.org/lightningcss-darwin-arm64/-/lightningcss-darwin-arm64-1.32.0.tgz. Extracting by manifest.
3059 silly tarball no local data for detect-libc@https://registry.npmjs.org/detect-libc/-/detect-libc-2.1.2.tgz. Extracting by manifest.
3060 silly tarball no local data for type-check@https://registry.npmjs.org/type-check/-/type-check-0.4.0.tgz. Extracting by manifest.
3061 silly tarball no local data for prelude-ls@https://registry.npmjs.org/prelude-ls/-/prelude-ls-1.2.1.tgz. Extracting by manifest.
3062 silly tarball no local data for language-subtag-registry@https://registry.npmjs.org/language-subtag-registry/-/language-subtag-registry-0.3.23.tgz. Extracting by manifest.
3063 silly tarball no local data for json-buffer@https://registry.npmjs.org/json-buffer/-/json-buffer-3.0.1.tgz. Extracting by manifest.
3064 silly tarball no local data for argparse@https://registry.npmjs.org/argparse/-/argparse-2.0.1.tgz. Extracting by manifest.
3065 silly tarball no local data for set-function-name@https://registry.npmjs.org/set-function-name/-/set-function-name-2.0.2.tgz. Extracting by manifest.
3066 silly tarball no local data for is-extglob@https://registry.npmjs.org/is-extglob/-/is-extglob-2.1.1.tgz. Extracting by manifest.
3067 silly tarball no local data for resolve-from@https://registry.npmjs.org/resolve-from/-/resolve-from-4.0.0.tgz. Extracting by manifest.
3068 silly tarball no local data for side-channel@https://registry.npmjs.org/side-channel/-/side-channel-1.1.1.tgz. Extracting by manifest.
3069 silly tarball no local data for parent-module@https://registry.npmjs.org/parent-module/-/parent-module-1.0.1.tgz. Extracting by manifest.
3070 silly tarball no local data for hermes-estree@https://registry.npmjs.org/hermes-estree/-/hermes-estree-0.25.1.tgz. Extracting by manifest.
3071 silly tarball no local data for resolve-pkg-maps@https://registry.npmjs.org/resolve-pkg-maps/-/resolve-pkg-maps-1.0.0.tgz. Extracting by manifest.
3072 silly tarball no local data for dunder-proto@https://registry.npmjs.org/dunder-proto/-/dunder-proto-1.0.1.tgz. Extracting by manifest.
3073 silly tarball no local data for is-document.all@https://registry.npmjs.org/is-document.all/-/is-document.all-1.0.0.tgz. Extracting by manifest.
3074 silly tarball no local data for functions-have-names@https://registry.npmjs.org/functions-have-names/-/functions-have-names-1.2.3.tgz. Extracting by manifest.
3075 silly tarball no local data for keyv@https://registry.npmjs.org/keyv/-/keyv-4.5.4.tgz. Extracting by manifest.
3076 silly tarball no local data for flatted@https://registry.npmjs.org/flatted/-/flatted-3.4.2.tgz. Extracting by manifest.
3077 silly tarball no local data for path-exists@https://registry.npmjs.org/path-exists/-/path-exists-4.0.0.tgz. Extracting by manifest.
3078 silly tarball no local data for locate-path@https://registry.npmjs.org/locate-path/-/locate-path-6.0.0.tgz. Extracting by manifest.
3079 silly tarball no local data for flat-cache@https://registry.npmjs.org/flat-cache/-/flat-cache-4.0.1.tgz. Extracting by manifest.
3080 silly tarball no local data for reusify@https://registry.npmjs.org/reusify/-/reusify-1.1.0.tgz. Extracting by manifest.
3081 silly tarball no local data for run-parallel@https://registry.npmjs.org/run-parallel/-/run-parallel-1.2.0.tgz. Extracting by manifest.
3082 silly tarball no local data for fastq@https://registry.npmjs.org/fastq/-/fastq-1.20.1.tgz. Extracting by manifest.
3083 silly tarball no local data for @nodelib/fs.scandir@https://registry.npmjs.org/@nodelib/fs.scandir/-/fs.scandir-2.1.5.tgz. Extracting by manifest.
3084 silly tarball no local data for micromatch@https://registry.npmjs.org/micromatch/-/micromatch-4.0.8.tgz. Extracting by manifest.
3085 silly tarball no local data for merge2@https://registry.npmjs.org/merge2/-/merge2-1.4.1.tgz. Extracting by manifest.
3086 silly tarball no local data for @nodelib/fs.walk@https://registry.npmjs.org/@nodelib/fs.walk/-/fs.walk-1.2.8.tgz. Extracting by manifest.
3087 silly tarball no local data for @nodelib/fs.stat@https://registry.npmjs.org/@nodelib/fs.stat/-/fs.stat-2.0.5.tgz. Extracting by manifest.
3088 silly tarball no local data for acorn-jsx@https://registry.npmjs.org/acorn-jsx/-/acorn-jsx-5.3.2.tgz. Extracting by manifest.
3089 silly tarball no local data for acorn@https://registry.npmjs.org/acorn/-/acorn-8.17.0.tgz. Extracting by manifest.
3090 silly tarball no local data for esrecurse@https://registry.npmjs.org/esrecurse/-/esrecurse-4.3.0.tgz. Extracting by manifest.
3091 silly tarball no local data for update-browserslist-db@https://registry.npmjs.org/update-browserslist-db/-/update-browserslist-db-1.2.3.tgz. Extracting by manifest.
3092 silly tarball no local data for node-releases@https://registry.npmjs.org/node-releases/-/node-releases-2.0.51.tgz. Extracting by manifest.
3093 silly tarball no local data for electron-to-chromium@https://registry.npmjs.org/electron-to-chromium/-/electron-to-chromium-1.5.389.tgz. Extracting by manifest.
3094 silly tarball no local data for caniuse-lite@https://registry.npmjs.org/caniuse-lite/-/caniuse-lite-1.0.30001805.tgz. Extracting by manifest.
3095 silly tarball no local data for baseline-browser-mapping@https://registry.npmjs.org/baseline-browser-mapping/-/baseline-browser-mapping-2.10.43.tgz. Extracting by manifest.
3096 silly tarball no local data for @babel/helper-string-parser@https://registry.npmjs.org/@babel/helper-string-parser/-/helper-string-parser-7.29.7.tgz. Extracting by manifest.
3097 silly tarball no local data for @babel/helper-globals@https://registry.npmjs.org/@babel/helper-globals/-/helper-globals-7.29.7.tgz. Extracting by manifest.
3098 silly tarball no local data for @babel/helper-module-imports@https://registry.npmjs.org/@babel/helper-module-imports/-/helper-module-imports-7.29.7.tgz. Extracting by manifest.
3099 silly tarball no local data for lru-cache@https://registry.npmjs.org/lru-cache/-/lru-cache-5.1.1.tgz. Extracting by manifest.
3100 silly tarball no local data for @babel/helper-validator-option@https://registry.npmjs.org/@babel/helper-validator-option/-/helper-validator-option-7.29.7.tgz. Extracting by manifest.
3101 silly tarball no local data for jsesc@https://registry.npmjs.org/jsesc/-/jsesc-3.1.0.tgz. Extracting by manifest.
3102 silly tarball no local data for @babel/compat-data@https://registry.npmjs.org/@babel/compat-data/-/compat-data-7.29.7.tgz. Extracting by manifest.
3103 silly tarball no local data for picocolors@https://registry.npmjs.org/picocolors/-/picocolors-1.1.1.tgz. Extracting by manifest.
3104 silly tarball no local data for browserslist@https://registry.npmjs.org/browserslist/-/browserslist-4.28.6.tgz. Extracting by manifest.
3105 silly tarball no local data for js-tokens@https://registry.npmjs.org/js-tokens/-/js-tokens-4.0.0.tgz. Extracting by manifest.
3106 silly tarball no local data for @babel/helper-validator-identifier@https://registry.npmjs.org/@babel/helper-validator-identifier/-/helper-validator-identifier-7.29.7.tgz. Extracting by manifest.
3107 silly tarball no local data for gensync@https://registry.npmjs.org/gensync/-/gensync-1.0.0-beta.2.tgz. Extracting by manifest.
3108 silly tarball no local data for json5@https://registry.npmjs.org/json5/-/json5-2.2.3.tgz. Extracting by manifest.
3109 silly tarball no local data for convert-source-map@https://registry.npmjs.org/convert-source-map/-/convert-source-map-2.0.0.tgz. Extracting by manifest.
3110 silly tarball no local data for @babel/types@https://registry.npmjs.org/@babel/types/-/types-7.29.7.tgz. Extracting by manifest.
3111 silly tarball no local data for @babel/traverse@https://registry.npmjs.org/@babel/traverse/-/traverse-7.29.7.tgz. Extracting by manifest.
3112 silly tarball no local data for @babel/template@https://registry.npmjs.org/@babel/template/-/template-7.29.7.tgz. Extracting by manifest.
3113 silly tarball no local data for @babel/helpers@https://registry.npmjs.org/@babel/helpers/-/helpers-7.29.7.tgz. Extracting by manifest.
3114 silly tarball no local data for @babel/helper-module-transforms@https://registry.npmjs.org/@babel/helper-module-transforms/-/helper-module-transforms-7.29.7.tgz. Extracting by manifest.
3115 silly tarball no local data for @babel/helper-compilation-targets@https://registry.npmjs.org/@babel/helper-compilation-targets/-/helper-compilation-targets-7.29.7.tgz. Extracting by manifest.
3116 silly tarball no local data for @babel/generator@https://registry.npmjs.org/@babel/generator/-/generator-7.29.7.tgz. Extracting by manifest.
3117 silly tarball no local data for @babel/code-frame@https://registry.npmjs.org/@babel/code-frame/-/code-frame-7.29.7.tgz. Extracting by manifest.
3118 silly tarball no local data for zod-validation-error@https://registry.npmjs.org/zod-validation-error/-/zod-validation-error-4.0.2.tgz. Extracting by manifest.
3119 silly tarball no local data for zod@https://registry.npmjs.org/zod/-/zod-4.4.3.tgz. Extracting by manifest.
3120 silly tarball no local data for hermes-parser@https://registry.npmjs.org/hermes-parser/-/hermes-parser-0.25.1.tgz. Extracting by manifest.
3121 silly tarball no local data for @babel/parser@https://registry.npmjs.org/@babel/parser/-/parser-7.29.7.tgz. Extracting by manifest.
3122 silly tarball no local data for @babel/core@https://registry.npmjs.org/@babel/core/-/core-7.29.7.tgz. Extracting by manifest.
3123 silly tarball no local data for iterator.prototype@https://registry.npmjs.org/iterator.prototype/-/iterator.prototype-1.1.5.tgz. Extracting by manifest.
3124 silly tarball no local data for string.prototype.repeat@https://registry.npmjs.org/string.prototype.repeat/-/string.prototype.repeat-1.0.0.tgz. Extracting by manifest.
3125 silly tarball no local data for string.prototype.matchall@https://registry.npmjs.org/string.prototype.matchall/-/string.prototype.matchall-4.0.12.tgz. Extracting by manifest.
3126 silly tarball no local data for prop-types@https://registry.npmjs.org/prop-types/-/prop-types-15.8.1.tgz. Extracting by manifest.
3127 silly tarball no local data for estraverse@https://registry.npmjs.org/estraverse/-/estraverse-5.3.0.tgz. Extracting by manifest.
3128 silly tarball no local data for array.prototype.tosorted@https://registry.npmjs.org/array.prototype.tosorted/-/array.prototype.tosorted-1.1.4.tgz. Extracting by manifest.
3129 silly tarball no local data for es-iterator-helpers@https://registry.npmjs.org/es-iterator-helpers/-/es-iterator-helpers-1.4.0.tgz. Extracting by manifest.
3130 silly tarball no local data for array.prototype.findlast@https://registry.npmjs.org/array.prototype.findlast/-/array.prototype.findlast-1.2.5.tgz. Extracting by manifest.
3131 silly tarball no local data for language-tags@https://registry.npmjs.org/language-tags/-/language-tags-1.0.9.tgz. Extracting by manifest.
3132 silly tarball no local data for string.prototype.includes@https://registry.npmjs.org/string.prototype.includes/-/string.prototype.includes-2.0.1.tgz. Extracting by manifest.
3133 silly tarball no local data for jsx-ast-utils@https://registry.npmjs.org/jsx-ast-utils/-/jsx-ast-utils-3.3.5.tgz. Extracting by manifest.
3134 silly tarball no local data for emoji-regex@https://registry.npmjs.org/emoji-regex/-/emoji-regex-9.2.2.tgz. Extracting by manifest.
3135 silly tarball no local data for damerau-levenshtein@https://registry.npmjs.org/damerau-levenshtein/-/damerau-levenshtein-1.0.8.tgz. Extracting by manifest.
3136 silly tarball no local data for object.entries@https://registry.npmjs.org/object.entries/-/object.entries-1.1.9.tgz. Extracting by manifest.
3137 silly tarball no local data for axobject-query@https://registry.npmjs.org/axobject-query/-/axobject-query-4.1.0.tgz. Extracting by manifest.
3138 silly tarball no local data for axe-core@https://registry.npmjs.org/axe-core/-/axe-core-4.12.1.tgz. Extracting by manifest.
3139 silly tarball no local data for ast-types-flow@https://registry.npmjs.org/ast-types-flow/-/ast-types-flow-0.0.8.tgz. Extracting by manifest.
3140 silly tarball no local data for aria-query@https://registry.npmjs.org/aria-query/-/aria-query-5.3.2.tgz. Extracting by manifest.
3141 silly tarball no local data for is-symbol@https://registry.npmjs.org/is-symbol/-/is-symbol-1.1.1.tgz. Extracting by manifest.
3142 silly tarball no local data for is-date-object@https://registry.npmjs.org/is-date-object/-/is-date-object-1.1.0.tgz. Extracting by manifest.
3143 silly tarball no local data for es-abstract-get@https://registry.npmjs.org/es-abstract-get/-/es-abstract-get-1.0.0.tgz. Extracting by manifest.
3144 silly tarball no local data for which-typed-array@https://registry.npmjs.org/which-typed-array/-/which-typed-array-1.1.22.tgz. Extracting by manifest.
3145 silly tarball no local data for unbox-primitive@https://registry.npmjs.org/unbox-primitive/-/unbox-primitive-1.1.0.tgz. Extracting by manifest.
3146 silly tarball no local data for typed-array-length@https://registry.npmjs.org/typed-array-length/-/typed-array-length-1.0.8.tgz. Extracting by manifest.
3147 silly tarball no local data for possible-typed-array-names@https://registry.npmjs.org/possible-typed-array-names/-/possible-typed-array-names-1.1.0.tgz. Extracting by manifest.
3148 silly tarball no local data for typed-array-byte-offset@https://registry.npmjs.org/typed-array-byte-offset/-/typed-array-byte-offset-1.0.4.tgz. Extracting by manifest.
3149 silly tarball no local data for typed-array-byte-length@https://registry.npmjs.org/typed-array-byte-length/-/typed-array-byte-length-1.0.3.tgz. Extracting by manifest.
3150 silly tarball no local data for typed-array-buffer@https://registry.npmjs.org/typed-array-buffer/-/typed-array-buffer-1.0.3.tgz. Extracting by manifest.
3151 silly tarball no local data for string.prototype.trimstart@https://registry.npmjs.org/string.prototype.trimstart/-/string.prototype.trimstart-1.0.8.tgz. Extracting by manifest.
3152 silly tarball no local data for string.prototype.trim@https://registry.npmjs.org/string.prototype.trim/-/string.prototype.trim-1.2.11.tgz. Extracting by manifest.
3153 silly tarball no local data for stop-iteration-iterator@https://registry.npmjs.org/stop-iteration-iterator/-/stop-iteration-iterator-1.1.0.tgz. Extracting by manifest.
3154 silly tarball no local data for set-proto@https://registry.npmjs.org/set-proto/-/set-proto-1.0.0.tgz. Extracting by manifest.
3155 silly tarball no local data for safe-regex-test@https://registry.npmjs.org/safe-regex-test/-/safe-regex-test-1.1.0.tgz. Extracting by manifest.
3156 silly tarball no local data for safe-push-apply@https://registry.npmjs.org/safe-push-apply/-/safe-push-apply-1.0.0.tgz. Extracting by manifest.
3157 silly tarball no local data for safe-array-concat@https://registry.npmjs.org/safe-array-concat/-/safe-array-concat-1.1.4.tgz. Extracting by manifest.
3158 silly tarball no local data for regexp.prototype.flags@https://registry.npmjs.org/regexp.prototype.flags/-/regexp.prototype.flags-1.5.4.tgz. Extracting by manifest.
3159 silly tarball no local data for own-keys@https://registry.npmjs.org/own-keys/-/own-keys-1.0.1.tgz. Extracting by manifest.
3160 silly tarball no local data for object.assign@https://registry.npmjs.org/object.assign/-/object.assign-4.1.7.tgz. Extracting by manifest.
3161 silly tarball no local data for object-inspect@https://registry.npmjs.org/object-inspect/-/object-inspect-1.13.4.tgz. Extracting by manifest.
3162 silly tarball no local data for is-weakref@https://registry.npmjs.org/is-weakref/-/is-weakref-1.1.1.tgz. Extracting by manifest.
3163 silly tarball no local data for is-typed-array@https://registry.npmjs.org/is-typed-array/-/is-typed-array-1.1.15.tgz. Extracting by manifest.
3164 silly tarball no local data for is-shared-array-buffer@https://registry.npmjs.org/is-shared-array-buffer/-/is-shared-array-buffer-1.0.4.tgz. Extracting by manifest.
3165 silly tarball no local data for has-tostringtag@https://registry.npmjs.org/has-tostringtag/-/has-tostringtag-1.0.2.tgz. Extracting by manifest.
3166 silly tarball no local data for is-set@https://registry.npmjs.org/is-set/-/is-set-2.0.3.tgz. Extracting by manifest.
3167 silly tarball no local data for is-negative-zero@https://registry.npmjs.org/is-negative-zero/-/is-negative-zero-2.0.3.tgz. Extracting by manifest.
3168 silly tarball no local data for is-data-view@https://registry.npmjs.org/is-data-view/-/is-data-view-1.0.2.tgz. Extracting by manifest.
3169 silly tarball no local data for is-callable@https://registry.npmjs.org/is-callable/-/is-callable-1.2.7.tgz. Extracting by manifest.
3170 silly tarball no local data for is-array-buffer@https://registry.npmjs.org/is-array-buffer/-/is-array-buffer-3.0.5.tgz. Extracting by manifest.
3171 silly tarball no local data for internal-slot@https://registry.npmjs.org/internal-slot/-/internal-slot-1.1.0.tgz. Extracting by manifest.
3172 silly tarball no local data for has-symbols@https://registry.npmjs.org/has-symbols/-/has-symbols-1.1.0.tgz. Extracting by manifest.
3173 silly tarball no local data for has-proto@https://registry.npmjs.org/has-proto/-/has-proto-1.2.0.tgz. Extracting by manifest.
3174 silly tarball no local data for globalthis@https://registry.npmjs.org/globalthis/-/globalthis-1.0.4.tgz. Extracting by manifest.
3175 silly tarball no local data for is-regex@https://registry.npmjs.org/is-regex/-/is-regex-1.2.1.tgz. Extracting by manifest.
3176 silly tarball no local data for get-symbol-description@https://registry.npmjs.org/get-symbol-description/-/get-symbol-description-1.1.0.tgz. Extracting by manifest.
3177 silly tarball no local data for get-proto@https://registry.npmjs.org/get-proto/-/get-proto-1.0.1.tgz. Extracting by manifest.
3178 silly tarball no local data for es-to-primitive@https://registry.npmjs.org/es-to-primitive/-/es-to-primitive-1.3.4.tgz. Extracting by manifest.
3179 silly tarball no local data for es-set-tostringtag@https://registry.npmjs.org/es-set-tostringtag/-/es-set-tostringtag-2.1.0.tgz. Extracting by manifest.
3180 silly tarball no local data for data-view-byte-offset@https://registry.npmjs.org/data-view-byte-offset/-/data-view-byte-offset-1.0.1.tgz. Extracting by manifest.
3181 silly tarball no local data for data-view-byte-length@https://registry.npmjs.org/data-view-byte-length/-/data-view-byte-length-1.0.2.tgz. Extracting by manifest.
3182 silly tarball no local data for data-view-buffer@https://registry.npmjs.org/data-view-buffer/-/data-view-buffer-1.0.2.tgz. Extracting by manifest.
3183 silly tarball no local data for available-typed-arrays@https://registry.npmjs.org/available-typed-arrays/-/available-typed-arrays-1.0.7.tgz. Extracting by manifest.
3184 silly tarball no local data for arraybuffer.prototype.slice@https://registry.npmjs.org/arraybuffer.prototype.slice/-/arraybuffer.prototype.slice-1.0.4.tgz. Extracting by manifest.
3185 silly tarball no local data for array-buffer-byte-length@https://registry.npmjs.org/array-buffer-byte-length/-/array-buffer-byte-length-1.0.2.tgz. Extracting by manifest.
3186 silly tarball no local data for gopd@https://registry.npmjs.org/gopd/-/gopd-1.2.0.tgz. Extracting by manifest.
3187 silly tarball no local data for object-keys@https://registry.npmjs.org/object-keys/-/object-keys-1.1.1.tgz. Extracting by manifest.
3188 silly tarball no local data for has-property-descriptors@https://registry.npmjs.org/has-property-descriptors/-/has-property-descriptors-1.0.2.tgz. Extracting by manifest.
3189 silly tarball no local data for define-data-property@https://registry.npmjs.org/define-data-property/-/define-data-property-1.1.4.tgz. Extracting by manifest.
3190 silly tarball no local data for function-bind@https://registry.npmjs.org/function-bind/-/function-bind-1.1.2.tgz. Extracting by manifest.
3191 silly tarball no local data for set-function-length@https://registry.npmjs.org/set-function-length/-/set-function-length-1.2.2.tgz. Extracting by manifest.
3192 silly tarball no local data for es-define-property@https://registry.npmjs.org/es-define-property/-/es-define-property-1.0.1.tgz. Extracting by manifest.
3193 silly tarball no local data for call-bind-apply-helpers@https://registry.npmjs.org/call-bind-apply-helpers/-/call-bind-apply-helpers-1.0.2.tgz. Extracting by manifest.
3194 silly tarball no local data for es-shim-unscopables@https://registry.npmjs.org/es-shim-unscopables/-/es-shim-unscopables-1.1.0.tgz. Extracting by manifest.
3195 silly tarball no local data for es-errors@https://registry.npmjs.org/es-errors/-/es-errors-1.3.0.tgz. Extracting by manifest.
3196 silly tarball no local data for math-intrinsics@https://registry.npmjs.org/math-intrinsics/-/math-intrinsics-1.1.0.tgz. Extracting by manifest.
3197 silly tarball no local data for is-string@https://registry.npmjs.org/is-string/-/is-string-1.1.1.tgz. Extracting by manifest.
3198 silly tarball no local data for get-intrinsic@https://registry.npmjs.org/get-intrinsic/-/get-intrinsic-1.3.0.tgz. Extracting by manifest.
3199 silly tarball no local data for es-object-atoms@https://registry.npmjs.org/es-object-atoms/-/es-object-atoms-1.1.2.tgz. Extracting by manifest.
3200 silly tarball no local data for es-abstract@https://registry.npmjs.org/es-abstract/-/es-abstract-1.24.2.tgz. Extracting by manifest.
3201 silly tarball no local data for define-properties@https://registry.npmjs.org/define-properties/-/define-properties-1.2.1.tgz. Extracting by manifest.
3202 silly tarball no local data for call-bind@https://registry.npmjs.org/call-bind/-/call-bind-1.0.9.tgz. Extracting by manifest.
3203 silly tarball no local data for tsconfig-paths@https://registry.npmjs.org/tsconfig-paths/-/tsconfig-paths-3.15.0.tgz. Extracting by manifest.
3204 silly tarball no local data for string.prototype.trimend@https://registry.npmjs.org/string.prototype.trimend/-/string.prototype.trimend-1.0.10.tgz. Extracting by manifest.
3205 silly tarball no local data for object.values@https://registry.npmjs.org/object.values/-/object.values-1.2.1.tgz. Extracting by manifest.
3206 silly tarball no local data for call-bound@https://registry.npmjs.org/call-bound/-/call-bound-1.0.4.tgz. Extracting by manifest.
3207 silly tarball no local data for semver@https://registry.npmjs.org/semver/-/semver-6.3.1.tgz. Extracting by manifest.
3208 silly tarball no local data for function.prototype.name@https://registry.npmjs.org/function.prototype.name/-/function.prototype.name-1.2.0.tgz. Extracting by manifest.
3209 silly tarball no local data for object.groupby@https://registry.npmjs.org/object.groupby/-/object.groupby-1.0.3.tgz. Extracting by manifest.
3210 silly tarball no local data for hasown@https://registry.npmjs.org/hasown/-/hasown-2.0.4.tgz. Extracting by manifest.
3211 silly tarball no local data for object.fromentries@https://registry.npmjs.org/object.fromentries/-/object.fromentries-2.0.8.tgz. Extracting by manifest.
3212 silly tarball no local data for eslint-module-utils@https://registry.npmjs.org/eslint-module-utils/-/eslint-module-utils-2.14.0.tgz. Extracting by manifest.
3213 silly tarball no local data for doctrine@https://registry.npmjs.org/doctrine/-/doctrine-2.1.0.tgz. Extracting by manifest.
3214 silly tarball no local data for array.prototype.flatmap@https://registry.npmjs.org/array.prototype.flatmap/-/array.prototype.flatmap-1.3.3.tgz. Extracting by manifest.
3215 silly tarball no local data for array.prototype.flat@https://registry.npmjs.org/array.prototype.flat/-/array.prototype.flat-1.3.3.tgz. Extracting by manifest.
3216 silly tarball no local data for array-includes@https://registry.npmjs.org/array-includes/-/array-includes-3.1.9.tgz. Extracting by manifest.
3217 silly tarball no local data for array.prototype.findlastindex@https://registry.npmjs.org/array.prototype.findlastindex/-/array.prototype.findlastindex-1.2.6.tgz. Extracting by manifest.
3218 silly tarball no local data for @rtsao/scc@https://registry.npmjs.org/@rtsao/scc/-/scc-1.1.0.tgz. Extracting by manifest.
3219 silly tarball no local data for unrs-resolver@https://registry.npmjs.org/unrs-resolver/-/unrs-resolver-1.12.2.tgz. Extracting by manifest.
3220 silly tarball no local data for stable-hash@https://registry.npmjs.org/stable-hash/-/stable-hash-0.0.5.tgz. Extracting by manifest.
3221 silly tarball no local data for tinyglobby@https://registry.npmjs.org/tinyglobby/-/tinyglobby-0.2.17.tgz. Extracting by manifest.
3222 silly tarball no local data for is-bun-module@https://registry.npmjs.org/is-bun-module/-/is-bun-module-2.0.0.tgz. Extracting by manifest.
3223 silly tarball no local data for get-tsconfig@https://registry.npmjs.org/get-tsconfig/-/get-tsconfig-4.14.0.tgz. Extracting by manifest.
3224 silly tarball no local data for @nolyfill/is-core-module@https://registry.npmjs.org/@nolyfill/is-core-module/-/is-core-module-1.0.39.tgz. Extracting by manifest.
3225 silly tarball no local data for resolve@https://registry.npmjs.org/resolve/-/resolve-2.0.0-next.7.tgz. Extracting by manifest.
3226 silly tarball no local data for is-core-module@https://registry.npmjs.org/is-core-module/-/is-core-module-2.16.2.tgz. Extracting by manifest.
3227 silly tarball no local data for fast-glob@https://registry.npmjs.org/fast-glob/-/fast-glob-3.3.1.tgz. Extracting by manifest.
3228 silly tarball no local data for typescript-eslint@https://registry.npmjs.org/typescript-eslint/-/typescript-eslint-8.63.0.tgz. Extracting by manifest.
3229 silly tarball no local data for eslint-plugin-react-hooks@https://registry.npmjs.org/eslint-plugin-react-hooks/-/eslint-plugin-react-hooks-7.1.1.tgz. Extracting by manifest.
3230 silly tarball no local data for eslint-plugin-react@https://registry.npmjs.org/eslint-plugin-react/-/eslint-plugin-react-7.37.5.tgz. Extracting by manifest.
3231 silly tarball no local data for eslint-plugin-jsx-a11y@https://registry.npmjs.org/eslint-plugin-jsx-a11y/-/eslint-plugin-jsx-a11y-6.10.2.tgz. Extracting by manifest.
3232 silly tarball no local data for eslint-plugin-import@https://registry.npmjs.org/eslint-plugin-import/-/eslint-plugin-import-2.32.0.tgz. Extracting by manifest.
3233 silly tarball no local data for eslint-import-resolver-typescript@https://registry.npmjs.org/eslint-import-resolver-typescript/-/eslint-import-resolver-typescript-3.10.1.tgz. Extracting by manifest.
3234 silly tarball no local data for @next/eslint-plugin-next@https://registry.npmjs.org/@next/eslint-plugin-next/-/eslint-plugin-next-16.2.10.tgz. Extracting by manifest.
3235 silly tarball no local data for eslint-import-resolver-node@https://registry.npmjs.org/eslint-import-resolver-node/-/eslint-import-resolver-node-0.3.10.tgz. Extracting by manifest.
3236 silly tarball no local data for ms@https://registry.npmjs.org/ms/-/ms-2.1.3.tgz. Extracting by manifest.
3237 silly tarball no local data for which@https://registry.npmjs.org/which/-/which-2.0.2.tgz. Extracting by manifest.
3238 silly tarball no local data for shebang-command@https://registry.npmjs.org/shebang-command/-/shebang-command-2.0.0.tgz. Extracting by manifest.
3239 silly tarball no local data for path-key@https://registry.npmjs.org/path-key/-/path-key-3.1.1.tgz. Extracting by manifest.
3240 silly tarball no local data for color-convert@https://registry.npmjs.org/color-convert/-/color-convert-2.0.1.tgz. Extracting by manifest.
3241 silly tarball no local data for color-name@https://registry.npmjs.org/color-name/-/color-name-1.1.4.tgz. Extracting by manifest.
3242 silly tarball no local data for supports-color@https://registry.npmjs.org/supports-color/-/supports-color-7.2.0.tgz. Extracting by manifest.
3243 silly tarball no local data for ansi-styles@https://registry.npmjs.org/ansi-styles/-/ansi-styles-4.3.0.tgz. Extracting by manifest.
3244 silly tarball no local data for uri-js@https://registry.npmjs.org/uri-js/-/uri-js-4.4.1.tgz. Extracting by manifest.
3245 silly tarball no local data for json-schema-traverse@https://registry.npmjs.org/json-schema-traverse/-/json-schema-traverse-0.4.1.tgz. Extracting by manifest.
3246 silly tarball no local data for fast-json-stable-stringify@https://registry.npmjs.org/fast-json-stable-stringify/-/fast-json-stable-stringify-2.1.0.tgz. Extracting by manifest.
3247 silly tarball no local data for @humanfs/types@https://registry.npmjs.org/@humanfs/types/-/types-0.15.0.tgz. Extracting by manifest.
3248 silly tarball no local data for strip-json-comments@https://registry.npmjs.org/strip-json-comments/-/strip-json-comments-3.1.1.tgz. Extracting by manifest.
3249 silly tarball no local data for levn@https://registry.npmjs.org/levn/-/levn-0.4.1.tgz. Extracting by manifest.
3250 silly tarball no local data for @humanfs/core@https://registry.npmjs.org/@humanfs/core/-/core-0.19.2.tgz. Extracting by manifest.
3251 silly tarball no local data for js-yaml@https://registry.npmjs.org/js-yaml/-/js-yaml-4.3.0.tgz. Extracting by manifest.
3252 silly tarball no local data for globals@https://registry.npmjs.org/globals/-/globals-14.0.0.tgz. Extracting by manifest.
3253 silly tarball no local data for import-fresh@https://registry.npmjs.org/import-fresh/-/import-fresh-3.3.1.tgz. Extracting by manifest.
3254 silly tarball no local data for @types/json-schema@https://registry.npmjs.org/@types/json-schema/-/json-schema-7.0.15.tgz. Extracting by manifest.
3255 silly tarball no local data for @eslint/object-schema@https://registry.npmjs.org/@eslint/object-schema/-/object-schema-2.1.7.tgz. Extracting by manifest.
3256 silly tarball no local data for optionator@https://registry.npmjs.org/optionator/-/optionator-0.9.4.tgz. Extracting by manifest.
3257 silly tarball no local data for natural-compare@https://registry.npmjs.org/natural-compare/-/natural-compare-1.4.0.tgz. Extracting by manifest.
3258 silly tarball no local data for lodash.merge@https://registry.npmjs.org/lodash.merge/-/lodash.merge-4.6.2.tgz. Extracting by manifest.
3259 silly tarball no local data for minimatch@https://registry.npmjs.org/minimatch/-/minimatch-3.1.5.tgz. Extracting by manifest.
3260 silly tarball no local data for json-stable-stringify-without-jsonify@https://registry.npmjs.org/json-stable-stringify-without-jsonify/-/json-stable-stringify-without-jsonify-1.0.1.tgz. Extracting by manifest.
3261 silly tarball no local data for is-glob@https://registry.npmjs.org/is-glob/-/is-glob-4.0.3.tgz. Extracting by manifest.
3262 silly tarball no local data for imurmurhash@https://registry.npmjs.org/imurmurhash/-/imurmurhash-0.1.4.tgz. Extracting by manifest.
3263 silly tarball no local data for ignore@https://registry.npmjs.org/ignore/-/ignore-5.3.2.tgz. Extracting by manifest.
3264 silly tarball no local data for glob-parent@https://registry.npmjs.org/glob-parent/-/glob-parent-6.0.2.tgz. Extracting by manifest.
3265 silly tarball no local data for find-up@https://registry.npmjs.org/find-up/-/find-up-5.0.0.tgz. Extracting by manifest.
3266 silly tarball no local data for file-entry-cache@https://registry.npmjs.org/file-entry-cache/-/file-entry-cache-8.0.0.tgz. Extracting by manifest.
3267 silly tarball no local data for fast-deep-equal@https://registry.npmjs.org/fast-deep-equal/-/fast-deep-equal-3.1.3.tgz. Extracting by manifest.
3268 silly tarball no local data for esutils@https://registry.npmjs.org/esutils/-/esutils-2.0.3.tgz. Extracting by manifest.
3269 silly tarball no local data for esquery@https://registry.npmjs.org/esquery/-/esquery-1.7.0.tgz. Extracting by manifest.
3270 silly tarball no local data for espree@https://registry.npmjs.org/espree/-/espree-10.4.0.tgz. Extracting by manifest.
3271 silly tarball no local data for eslint-visitor-keys@https://registry.npmjs.org/eslint-visitor-keys/-/eslint-visitor-keys-4.2.1.tgz. Extracting by manifest.
3272 silly tarball no local data for eslint-scope@https://registry.npmjs.org/eslint-scope/-/eslint-scope-8.4.0.tgz. Extracting by manifest.
3273 silly tarball no local data for escape-string-regexp@https://registry.npmjs.org/escape-string-regexp/-/escape-string-regexp-4.0.0.tgz. Extracting by manifest.
3274 silly tarball no local data for debug@https://registry.npmjs.org/debug/-/debug-4.4.3.tgz. Extracting by manifest.
3275 silly tarball no local data for cross-spawn@https://registry.npmjs.org/cross-spawn/-/cross-spawn-7.0.6.tgz. Extracting by manifest.
3276 silly tarball no local data for chalk@https://registry.npmjs.org/chalk/-/chalk-4.1.2.tgz. Extracting by manifest.
3277 silly tarball no local data for ajv@https://registry.npmjs.org/ajv/-/ajv-6.15.0.tgz. Extracting by manifest.
3278 silly tarball no local data for @types/estree@https://registry.npmjs.org/@types/estree/-/estree-1.0.9.tgz. Extracting by manifest.
3279 silly tarball no local data for @humanwhocodes/retry@https://registry.npmjs.org/@humanwhocodes/retry/-/retry-0.4.3.tgz. Extracting by manifest.
3280 silly tarball no local data for @humanwhocodes/module-importer@https://registry.npmjs.org/@humanwhocodes/module-importer/-/module-importer-1.0.1.tgz. Extracting by manifest.
3281 silly tarball no local data for @humanfs/node@https://registry.npmjs.org/@humanfs/node/-/node-0.16.8.tgz. Extracting by manifest.
3282 silly tarball no local data for @eslint/plugin-kit@https://registry.npmjs.org/@eslint/plugin-kit/-/plugin-kit-0.4.1.tgz. Extracting by manifest.
3283 silly tarball no local data for @eslint/js@https://registry.npmjs.org/@eslint/js/-/js-9.39.5.tgz. Extracting by manifest.
3284 silly tarball no local data for @eslint/eslintrc@https://registry.npmjs.org/@eslint/eslintrc/-/eslintrc-3.3.6.tgz. Extracting by manifest.
3285 silly tarball no local data for @eslint/core@https://registry.npmjs.org/@eslint/core/-/core-0.17.0.tgz. Extracting by manifest.
3286 silly tarball no local data for @eslint/config-helpers@https://registry.npmjs.org/@eslint/config-helpers/-/config-helpers-0.4.2.tgz. Extracting by manifest.
3287 silly tarball no local data for @eslint/config-array@https://registry.npmjs.org/@eslint/config-array/-/config-array-0.21.2.tgz. Extracting by manifest.
3288 silly tarball no local data for @eslint-community/regexpp@https://registry.npmjs.org/@eslint-community/regexpp/-/regexpp-4.12.2.tgz. Extracting by manifest.
3289 silly tarball no local data for @eslint-community/eslint-utils@https://registry.npmjs.org/@eslint-community/eslint-utils/-/eslint-utils-4.9.1.tgz. Extracting by manifest.
3290 silly tarball no local data for tapable@https://registry.npmjs.org/tapable/-/tapable-2.3.3.tgz. Extracting by manifest.
3291 silly tarball no local data for graceful-fs@https://registry.npmjs.org/graceful-fs/-/graceful-fs-4.2.11.tgz. Extracting by manifest.
3292 silly tarball no local data for csstype@https://registry.npmjs.org/csstype/-/csstype-3.2.3.tgz. Extracting by manifest.
3293 silly tarball no local data for undici-types@https://registry.npmjs.org/undici-types/-/undici-types-6.21.0.tgz. Extracting by manifest.
3294 silly tarball no local data for @tailwindcss/oxide-darwin-arm64@https://registry.npmjs.org/@tailwindcss/oxide-darwin-arm64/-/oxide-darwin-arm64-4.3.2.tgz. Extracting by manifest.
3295 silly tarball no local data for @jridgewell/resolve-uri@https://registry.npmjs.org/@jridgewell/resolve-uri/-/resolve-uri-3.1.2.tgz. Extracting by manifest.
3296 silly tarball no local data for @jridgewell/trace-mapping@https://registry.npmjs.org/@jridgewell/trace-mapping/-/trace-mapping-0.3.31.tgz. Extracting by manifest.
3297 silly tarball no local data for @jridgewell/sourcemap-codec@https://registry.npmjs.org/@jridgewell/sourcemap-codec/-/sourcemap-codec-1.5.5.tgz. Extracting by manifest.
3298 silly tarball no local data for @jridgewell/gen-mapping@https://registry.npmjs.org/@jridgewell/gen-mapping/-/gen-mapping-0.3.13.tgz. Extracting by manifest.
3299 silly tarball no local data for magic-string@https://registry.npmjs.org/magic-string/-/magic-string-0.30.21.tgz. Extracting by manifest.
3300 silly tarball no local data for lightningcss@https://registry.npmjs.org/lightningcss/-/lightningcss-1.32.0.tgz. Extracting by manifest.
3301 silly tarball no local data for source-map-js@https://registry.npmjs.org/source-map-js/-/source-map-js-1.2.1.tgz. Extracting by manifest.
3302 silly tarball no local data for jiti@https://registry.npmjs.org/jiti/-/jiti-2.7.0.tgz. Extracting by manifest.
3303 silly tarball no local data for enhanced-resolve@https://registry.npmjs.org/enhanced-resolve/-/enhanced-resolve-5.21.6.tgz. Extracting by manifest.
3304 silly tarball no local data for @jridgewell/remapping@https://registry.npmjs.org/@jridgewell/remapping/-/remapping-2.3.5.tgz. Extracting by manifest.
3305 silly tarball no local data for postcss@https://registry.npmjs.org/postcss/-/postcss-8.5.17.tgz. Extracting by manifest.
3306 silly tarball no local data for @tailwindcss/oxide@https://registry.npmjs.org/@tailwindcss/oxide/-/oxide-4.3.2.tgz. Extracting by manifest.
3307 silly tarball no local data for @tailwindcss/node@https://registry.npmjs.org/@tailwindcss/node/-/node-4.3.2.tgz. Extracting by manifest.
3308 silly tarball no local data for typescript@https://registry.npmjs.org/typescript/-/typescript-5.9.3.tgz. Extracting by manifest.
3309 silly tarball no local data for tailwindcss@https://registry.npmjs.org/tailwindcss/-/tailwindcss-4.3.2.tgz. Extracting by manifest.
3310 silly tarball no local data for @alloc/quick-lru@https://registry.npmjs.org/@alloc/quick-lru/-/quick-lru-5.2.0.tgz. Extracting by manifest.
3311 silly tarball no local data for react-dom@https://registry.npmjs.org/react-dom/-/react-dom-19.2.4.tgz. Extracting by manifest.
3312 silly tarball no local data for next@https://registry.npmjs.org/next/-/next-16.2.10.tgz. Extracting by manifest.
3313 silly tarball no local data for react@https://registry.npmjs.org/react/-/react-19.2.4.tgz. Extracting by manifest.
3314 silly tarball no local data for eslint@https://registry.npmjs.org/eslint/-/eslint-9.39.5.tgz. Extracting by manifest.
3315 silly tarball no local data for @types/react-dom@https://registry.npmjs.org/@types/react-dom/-/react-dom-19.2.3.tgz. Extracting by manifest.
3316 silly tarball no local data for eslint-config-next@https://registry.npmjs.org/eslint-config-next/-/eslint-config-next-16.2.10.tgz. Extracting by manifest.
3317 silly tarball no local data for @tailwindcss/postcss@https://registry.npmjs.org/@tailwindcss/postcss/-/postcss-4.3.2.tgz. Extracting by manifest.
3318 silly tarball no local data for @emnapi/runtime@https://registry.npmjs.org/@emnapi/runtime/-/runtime-1.10.0.tgz. Extracting by manifest.
3319 silly tarball no local data for @types/react@https://registry.npmjs.org/@types/react/-/react-19.2.17.tgz. Extracting by manifest.
3320 silly tarball no local data for eslint-visitor-keys@https://registry.npmjs.org/eslint-visitor-keys/-/eslint-visitor-keys-5.0.1.tgz. Extracting by manifest.
3321 silly tarball no local data for @types/node@https://registry.npmjs.org/@types/node/-/node-20.19.43.tgz. Extracting by manifest.
3322 silly tarball no local data for balanced-match@https://registry.npmjs.org/balanced-match/-/balanced-match-4.0.4.tgz. Extracting by manifest.
3323 silly tarball no local data for brace-expansion@https://registry.npmjs.org/brace-expansion/-/brace-expansion-5.0.7.tgz. Extracting by manifest.
3324 silly tarball no local data for minimatch@https://registry.npmjs.org/minimatch/-/minimatch-10.2.5.tgz. Extracting by manifest.
3325 silly tarball no local data for semver@https://registry.npmjs.org/semver/-/semver-7.8.5.tgz. Extracting by manifest.
3326 silly tarball no local data for ignore@https://registry.npmjs.org/ignore/-/ignore-7.0.6.tgz. Extracting by manifest.
3327 silly tarball no local data for semver@https://registry.npmjs.org/semver/-/semver-7.8.5.tgz. Extracting by manifest.
3328 silly tarball no local data for json5@https://registry.npmjs.org/json5/-/json5-1.0.2.tgz. Extracting by manifest.
3329 silly tarball no local data for debug@https://registry.npmjs.org/debug/-/debug-3.2.7.tgz. Extracting by manifest.
3330 silly tarball no local data for fdir@https://registry.npmjs.org/fdir/-/fdir-6.5.0.tgz. Extracting by manifest.
3331 silly tarball no local data for picomatch@https://registry.npmjs.org/picomatch/-/picomatch-4.0.5.tgz. Extracting by manifest.
3332 silly tarball no local data for semver@https://registry.npmjs.org/semver/-/semver-7.8.5.tgz. Extracting by manifest.
3333 silly tarball no local data for debug@https://registry.npmjs.org/debug/-/debug-3.2.7.tgz. Extracting by manifest.
3334 silly tarball no local data for debug@https://registry.npmjs.org/debug/-/debug-3.2.7.tgz. Extracting by manifest.
3335 silly tarball no local data for postcss@https://registry.npmjs.org/postcss/-/postcss-8.4.31.tgz. Extracting by manifest.
3336 silly tarball no local data for eslint-visitor-keys@https://registry.npmjs.org/eslint-visitor-keys/-/eslint-visitor-keys-3.4.3.tgz. Extracting by manifest.
3337 silly tarball no local data for globals@https://registry.npmjs.org/globals/-/globals-16.4.0.tgz. Extracting by manifest.
3338 silly tarball no local data for glob-parent@https://registry.npmjs.org/glob-parent/-/glob-parent-5.1.2.tgz. Extracting by manifest.
3339 http fetch GET 200 https://registry.npmjs.org/is-map/-/is-map-2.0.3.tgz 132ms (cache miss)
3340 http fetch GET 200 https://registry.npmjs.org/is-weakmap/-/is-weakmap-2.0.2.tgz 132ms (cache miss)
3341 http fetch GET 200 https://registry.npmjs.org/generator-function/-/generator-function-2.0.1.tgz 133ms (cache miss)
3342 http fetch GET 200 https://registry.npmjs.org/is-weakset/-/is-weakset-2.0.4.tgz 133ms (cache miss)
3343 http fetch GET 200 https://registry.npmjs.org/async-function/-/async-function-1.0.0.tgz 135ms (cache miss)
3344 http fetch GET 200 https://registry.npmjs.org/which-collection/-/which-collection-1.0.2.tgz 136ms (cache miss)
3345 http fetch GET 200 https://registry.npmjs.org/isexe/-/isexe-2.0.0.tgz 184ms (cache miss)
3346 http fetch GET 200 https://registry.npmjs.org/napi-postinstall/-/napi-postinstall-0.3.4.tgz 216ms (cache miss)
3347 http fetch GET 200 https://registry.npmjs.org/is-finalizationregistry/-/is-finalizationregistry-1.1.1.tgz 242ms (cache miss)
3348 http fetch GET 200 https://registry.npmjs.org/is-bigint/-/is-bigint-1.1.0.tgz 243ms (cache miss)
3349 http fetch GET 200 https://registry.npmjs.org/which-boxed-primitive/-/which-boxed-primitive-1.1.1.tgz 244ms (cache miss)
3350 http fetch GET 200 https://registry.npmjs.org/is-boolean-object/-/is-boolean-object-1.2.2.tgz 272ms (cache miss)
3351 http fetch GET 200 https://registry.npmjs.org/is-async-function/-/is-async-function-2.1.1.tgz 274ms (cache miss)
3352 http fetch GET 200 https://registry.npmjs.org/escalade/-/escalade-3.2.0.tgz 276ms (cache miss)
3353 http fetch GET 200 https://registry.npmjs.org/has-bigints/-/has-bigints-1.1.0.tgz 280ms (cache miss)
3354 http fetch GET 200 https://registry.npmjs.org/punycode/-/punycode-2.3.1.tgz 283ms (cache miss)
3355 http fetch GET 200 https://registry.npmjs.org/is-number-object/-/is-number-object-1.1.1.tgz 284ms (cache miss)
3356 http fetch GET 200 https://registry.npmjs.org/is-generator-function/-/is-generator-function-1.1.2.tgz 295ms (cache miss)
3357 http fetch POST 200 https://registry.npmjs.org/-/npm/v1/security/advisories/bulk 384ms
3358 silly audit report {
3358 silly audit report   postcss: [
3358 silly audit report     {
3358 silly audit report       id: 1117015,
3358 silly audit report       url: 'https://github.com/advisories/GHSA-qx2v-qp2m-jg93',
3358 silly audit report       title: 'PostCSS has XSS via Unescaped </style> in its CSS Stringify Output',
3358 silly audit report       severity: 'moderate',
3358 silly audit report       vulnerable_versions: '<8.5.10',
3358 silly audit report       cwe: [Array],
3358 silly audit report       cvss: [Object]
3358 silly audit report     }
3358 silly audit report   ]
3358 silly audit report }
3359 silly packumentCache corgi:https://registry.npmjs.org/postcss cache-miss
3360 http fetch GET 200 https://registry.npmjs.org/ts-api-utils/-/ts-api-utils-2.5.0.tgz 373ms (cache miss)
3361 http fetch GET 200 https://registry.npmjs.org/which-builtin-type/-/which-builtin-type-1.2.1.tgz 403ms (cache miss)
3362 http fetch GET 200 https://registry.npmjs.org/reflect.getprototypeof/-/reflect.getprototypeof-1.0.10.tgz 437ms (cache miss)
3363 http fetch GET 200 https://registry.npmjs.org/@emnapi/wasi-threads/-/wasi-threads-1.2.1.tgz 491ms (cache miss)
3364 http fetch GET 200 https://registry.npmjs.org/for-each/-/for-each-0.3.5.tgz 496ms (cache miss)
3365 http fetch GET 200 https://registry.npmjs.org/@emnapi/core/-/core-1.10.0.tgz 500ms (cache miss)
3366 http fetch GET 200 https://registry.npmjs.org/strip-bom/-/strip-bom-3.0.0.tgz 547ms (cache miss)
3367 http fetch GET 200 https://registry.npmjs.org/@typescript-eslint/types/-/types-8.63.0.tgz 552ms (cache miss)
3368 http fetch GET 200 https://registry.npmjs.org/minimist/-/minimist-1.2.8.tgz 558ms (cache miss)
3369 http fetch GET 200 https://registry.npmjs.org/@typescript-eslint/project-service/-/project-service-8.63.0.tgz 591ms (cache miss)
3370 http fetch GET 200 https://registry.npmjs.org/@typescript-eslint/visitor-keys/-/visitor-keys-8.63.0.tgz 598ms (cache miss)
3371 http fetch GET 200 https://registry.npmjs.org/@typescript-eslint/type-utils/-/type-utils-8.63.0.tgz 606ms (cache miss)
3372 http fetch GET 200 https://registry.npmjs.org/@typescript-eslint/tsconfig-utils/-/tsconfig-utils-8.63.0.tgz 612ms (cache miss)
3373 http fetch GET 200 https://registry.npmjs.org/is-number/-/is-number-7.0.0.tgz 620ms (cache miss)
3374 http fetch GET 200 https://registry.npmjs.org/client-only/-/client-only-0.0.1.tgz 630ms (cache miss)
3375 http fetch GET 200 https://registry.npmjs.org/has-flag/-/has-flag-4.0.0.tgz 630ms (cache miss)
3376 http fetch GET 200 https://registry.npmjs.org/side-channel-weakmap/-/side-channel-weakmap-1.0.2.tgz 676ms (cache miss)
3377 http fetch GET 200 https://registry.npmjs.org/shebang-regex/-/shebang-regex-3.0.0.tgz 683ms (cache miss)
3378 http fetch GET 200 https://registry.npmjs.org/side-channel-list/-/side-channel-list-1.0.1.tgz 683ms (cache miss)
3379 http fetch GET 200 https://registry.npmjs.org/side-channel-map/-/side-channel-map-1.0.1.tgz 684ms (cache miss)
3380 http fetch GET 200 https://registry.npmjs.org/@typescript-eslint/utils/-/utils-8.63.0.tgz 690ms (cache miss)
3381 http fetch GET 200 https://registry.npmjs.org/@typescript-eslint/typescript-estree/-/typescript-estree-8.63.0.tgz 697ms (cache miss)
3382 http fetch GET 200 https://registry.npmjs.org/@typescript-eslint/scope-manager/-/scope-manager-8.63.0.tgz 699ms (cache miss)
3383 http fetch GET 200 https://registry.npmjs.org/isarray/-/isarray-2.0.5.tgz 772ms (cache miss)
3384 http fetch GET 200 https://registry.npmjs.org/@typescript-eslint/parser/-/parser-8.63.0.tgz 785ms (cache miss)
3385 http fetch GET 200 https://registry.npmjs.org/path-parse/-/path-parse-1.0.7.tgz 788ms (cache miss)
3386 http fetch GET 200 https://registry.npmjs.org/queue-microtask/-/queue-microtask-1.2.3.tgz 791ms (cache miss)
3387 http fetch GET 200 https://registry.npmjs.org/supports-preserve-symlinks-flag/-/supports-preserve-symlinks-flag-1.0.0.tgz 791ms (cache miss)
3388 http fetch GET 200 https://registry.npmjs.org/node-exports-info/-/node-exports-info-1.6.2.tgz 796ms (cache miss)
3389 http fetch GET 200 https://registry.npmjs.org/@types/json5/-/json5-0.0.29.tgz 814ms (cache miss)
3390 http fetch GET 200 https://registry.npmjs.org/@typescript-eslint/eslint-plugin/-/eslint-plugin-8.63.0.tgz 832ms (cache miss)
3391 http fetch GET 200 https://registry.npmjs.org/scheduler/-/scheduler-0.27.0.tgz 831ms (cache miss)
3392 http fetch GET 200 https://registry.npmjs.org/object-assign/-/object-assign-4.1.1.tgz 850ms (cache miss)
3393 http fetch GET 200 https://registry.npmjs.org/callsites/-/callsites-3.1.0.tgz 851ms (cache miss)
3394 http fetch GET 200 https://registry.npmjs.org/loose-envify/-/loose-envify-1.4.0.tgz 854ms (cache miss)
3395 http fetch GET 200 https://registry.npmjs.org/react-is/-/react-is-16.13.1.tgz 856ms (cache miss)
3396 http fetch GET 200 https://registry.npmjs.org/nanoid/-/nanoid-3.3.15.tgz 859ms (cache miss)
3397 http fetch GET 200 https://registry.npmjs.org/p-limit/-/p-limit-3.1.0.tgz 874ms (cache miss)
3398 http fetch GET 200 https://registry.npmjs.org/yocto-queue/-/yocto-queue-0.1.0.tgz 874ms (cache miss)
3399 http fetch GET 200 https://registry.npmjs.org/word-wrap/-/word-wrap-1.2.5.tgz 897ms (cache miss)
3400 http fetch GET 200 https://registry.npmjs.org/deep-is/-/deep-is-0.1.4.tgz 930ms (cache miss)
3401 http fetch GET 200 https://registry.npmjs.org/fast-levenshtein/-/fast-levenshtein-2.0.6.tgz 930ms (cache miss)
3402 http fetch GET 200 https://registry.npmjs.org/tslib/-/tslib-2.8.1.tgz 994ms (cache miss)
3403 http fetch GET 200 https://registry.npmjs.org/@img/colour/-/colour-1.1.0.tgz 1046ms (cache miss)
3404 http fetch GET 200 https://registry.npmjs.org/@img/sharp-darwin-arm64/-/sharp-darwin-arm64-0.34.5.tgz 1122ms (cache miss)
3405 http fetch GET 200 https://registry.npmjs.org/@emnapi/runtime/-/runtime-1.11.2.tgz 1122ms (cache miss)
3406 http fetch GET 200 https://registry.npmjs.org/@napi-rs/wasm-runtime/-/wasm-runtime-1.1.6.tgz 1145ms (cache miss)
3407 http fetch GET 200 https://registry.npmjs.org/concat-map/-/concat-map-0.0.1.tgz 1181ms (cache miss)
3408 http fetch GET 200 https://registry.npmjs.org/balanced-match/-/balanced-match-1.0.2.tgz 1186ms (cache miss)
3409 http fetch GET 200 https://registry.npmjs.org/@swc/helpers/-/helpers-0.5.15.tgz 1218ms (cache miss)
3410 http fetch GET 200 https://registry.npmjs.org/sharp/-/sharp-0.34.5.tgz 1235ms (cache miss)
3411 http fetch GET 200 https://registry.npmjs.org/styled-jsx/-/styled-jsx-5.1.6.tgz 1236ms (cache miss)
3412 http fetch GET 200 https://registry.npmjs.org/brace-expansion/-/brace-expansion-1.1.16.tgz 1284ms (cache miss)
3413 http fetch GET 200 https://registry.npmjs.org/to-regex-range/-/to-regex-range-5.0.1.tgz 1296ms (cache miss)
3414 http fetch GET 200 https://registry.npmjs.org/fill-range/-/fill-range-7.1.1.tgz 1337ms (cache miss)
3415 http fetch GET 200 https://registry.npmjs.org/picomatch/-/picomatch-2.3.2.tgz 1348ms (cache miss)
3416 http fetch GET 200 https://registry.npmjs.org/braces/-/braces-3.0.3.tgz 1369ms (cache miss)
3417 http fetch GET 200 https://registry.npmjs.org/@next/env/-/env-16.2.10.tgz 1374ms (cache miss)
3418 http fetch GET 200 https://registry.npmjs.org/p-locate/-/p-locate-5.0.0.tgz 1377ms (cache miss)
3419 http fetch GET 200 https://registry.npmjs.org/yallist/-/yallist-3.1.1.tgz 1388ms (cache miss)
3420 http fetch GET 200 https://registry.npmjs.org/@tybys/wasm-util/-/wasm-util-0.10.3.tgz 1393ms (cache miss)
3421 http fetch GET 200 https://registry.npmjs.org/detect-libc/-/detect-libc-2.1.2.tgz 1427ms (cache miss)
3422 http fetch GET 200 https://registry.npmjs.org/type-check/-/type-check-0.4.0.tgz 1444ms (cache miss)
3423 http fetch GET 200 https://registry.npmjs.org/prelude-ls/-/prelude-ls-1.2.1.tgz 1468ms (cache miss)
3424 http fetch GET 200 https://registry.npmjs.org/json-buffer/-/json-buffer-3.0.1.tgz 1569ms (cache miss)
3425 http fetch GET 200 https://registry.npmjs.org/language-subtag-registry/-/language-subtag-registry-0.3.23.tgz 1577ms (cache miss)
3426 http fetch GET 200 https://registry.npmjs.org/set-function-name/-/set-function-name-2.0.2.tgz 1587ms (cache miss)
3427 http fetch GET 200 https://registry.npmjs.org/is-extglob/-/is-extglob-2.1.1.tgz 1595ms (cache miss)
3428 http fetch GET 200 https://registry.npmjs.org/argparse/-/argparse-2.0.1.tgz 1600ms (cache miss)
3429 http fetch GET 200 https://registry.npmjs.org/resolve-from/-/resolve-from-4.0.0.tgz 1610ms (cache miss)
3430 http fetch GET 200 https://registry.npmjs.org/side-channel/-/side-channel-1.1.1.tgz 1633ms (cache miss)
3431 http fetch GET 200 https://registry.npmjs.org/parent-module/-/parent-module-1.0.1.tgz 1635ms (cache miss)
3432 http fetch GET 200 https://registry.npmjs.org/resolve-pkg-maps/-/resolve-pkg-maps-1.0.0.tgz 1720ms (cache miss)
3433 http fetch GET 200 https://registry.npmjs.org/hermes-estree/-/hermes-estree-0.25.1.tgz 1725ms (cache miss)
3434 http fetch GET 200 https://registry.npmjs.org/dunder-proto/-/dunder-proto-1.0.1.tgz 1754ms (cache miss)
3435 http fetch GET 200 https://registry.npmjs.org/functions-have-names/-/functions-have-names-1.2.3.tgz 1793ms (cache miss)
3436 http fetch GET 200 https://registry.npmjs.org/is-document.all/-/is-document.all-1.0.0.tgz 1794ms (cache miss)
3437 http fetch GET 200 https://registry.npmjs.org/keyv/-/keyv-4.5.4.tgz 1806ms (cache miss)
3438 http fetch GET 200 https://registry.npmjs.org/path-exists/-/path-exists-4.0.0.tgz 1847ms (cache miss)
3439 http fetch GET 200 https://registry.npmjs.org/locate-path/-/locate-path-6.0.0.tgz 1846ms (cache miss)
3440 http fetch GET 200 https://registry.npmjs.org/flatted/-/flatted-3.4.2.tgz 1847ms (cache miss)
3441 http fetch GET 200 https://registry.npmjs.org/flat-cache/-/flat-cache-4.0.1.tgz 1863ms (cache miss)
3442 http fetch GET 200 https://registry.npmjs.org/reusify/-/reusify-1.1.0.tgz 1872ms (cache miss)
3443 http fetch GET 200 https://registry.npmjs.org/run-parallel/-/run-parallel-1.2.0.tgz 1941ms (cache miss)
3444 http fetch GET 200 https://registry.npmjs.org/fastq/-/fastq-1.20.1.tgz 1944ms (cache miss)
3445 http fetch GET 200 https://registry.npmjs.org/micromatch/-/micromatch-4.0.8.tgz 1996ms (cache miss)
3446 http fetch GET 200 https://registry.npmjs.org/merge2/-/merge2-1.4.1.tgz 1997ms (cache miss)
3447 http fetch GET 200 https://registry.npmjs.org/acorn-jsx/-/acorn-jsx-5.3.2.tgz 2029ms (cache miss)
3448 http fetch GET 200 https://registry.npmjs.org/esrecurse/-/esrecurse-4.3.0.tgz 2081ms (cache miss)
3449 http fetch GET 200 https://registry.npmjs.org/update-browserslist-db/-/update-browserslist-db-1.2.3.tgz 2094ms (cache miss)
3450 http fetch GET 200 https://registry.npmjs.org/node-releases/-/node-releases-2.0.51.tgz 2109ms (cache miss)
3451 http fetch GET 200 https://registry.npmjs.org/electron-to-chromium/-/electron-to-chromium-1.5.389.tgz 2137ms (cache miss)
3452 http fetch GET 200 https://registry.npmjs.org/baseline-browser-mapping/-/baseline-browser-mapping-2.10.43.tgz 2203ms (cache miss)
3453 http fetch GET 200 https://registry.npmjs.org/@nodelib/fs.scandir/-/fs.scandir-2.1.5.tgz 2206ms (cache miss)
3454 http fetch GET 200 https://registry.npmjs.org/acorn/-/acorn-8.17.0.tgz 2219ms (cache miss)
3455 http fetch GET 200 https://registry.npmjs.org/lru-cache/-/lru-cache-5.1.1.tgz 2259ms (cache miss)
3456 http fetch GET 200 https://registry.npmjs.org/caniuse-lite/-/caniuse-lite-1.0.30001805.tgz 2269ms (cache miss)
3457 http fetch GET 200 https://registry.npmjs.org/@unrs/resolver-binding-darwin-arm64/-/resolver-binding-darwin-arm64-1.12.2.tgz 2300ms (cache miss)
3458 http fetch GET 200 https://registry.npmjs.org/jsesc/-/jsesc-3.1.0.tgz 2298ms (cache miss)
3459 http fetch GET 200 https://registry.npmjs.org/picocolors/-/picocolors-1.1.1.tgz 2315ms (cache miss)
3460 http fetch GET 200 https://registry.npmjs.org/browserslist/-/browserslist-4.28.6.tgz 2328ms (cache miss)
3461 http fetch GET 200 https://registry.npmjs.org/@nodelib/fs.walk/-/fs.walk-1.2.8.tgz 2333ms (cache miss)
3462 http fetch GET 200 https://registry.npmjs.org/js-tokens/-/js-tokens-4.0.0.tgz 2338ms (cache miss)
3463 http fetch GET 200 https://registry.npmjs.org/@nodelib/fs.stat/-/fs.stat-2.0.5.tgz 2340ms (cache miss)
3464 http fetch GET 200 https://registry.npmjs.org/@babel/helper-string-parser/-/helper-string-parser-7.29.7.tgz 2344ms (cache miss)
3465 http fetch GET 200 https://registry.npmjs.org/gensync/-/gensync-1.0.0-beta.2.tgz 2365ms (cache miss)
3466 http fetch GET 200 https://registry.npmjs.org/convert-source-map/-/convert-source-map-2.0.0.tgz 2397ms (cache miss)
3467 http fetch GET 200 https://registry.npmjs.org/@babel/helper-module-imports/-/helper-module-imports-7.29.7.tgz 2415ms (cache miss)
3468 http fetch GET 200 https://registry.npmjs.org/json5/-/json5-2.2.3.tgz 2413ms (cache miss)
3469 http fetch GET 200 https://registry.npmjs.org/@babel/helper-globals/-/helper-globals-7.29.7.tgz 2447ms (cache miss)
3470 http fetch GET 200 https://registry.npmjs.org/@babel/helper-validator-option/-/helper-validator-option-7.29.7.tgz 2474ms (cache miss)
3471 http fetch GET 200 https://registry.npmjs.org/zod-validation-error/-/zod-validation-error-4.0.2.tgz 2577ms (cache miss)
3472 http fetch GET 200 https://registry.npmjs.org/@babel/compat-data/-/compat-data-7.29.7.tgz 2603ms (cache miss)
3473 http fetch GET 200 https://registry.npmjs.org/@babel/helper-validator-identifier/-/helper-validator-identifier-7.29.7.tgz 2721ms (cache miss)
3474 http fetch GET 200 https://registry.npmjs.org/@babel/template/-/template-7.29.7.tgz 2764ms (cache miss)
3475 http fetch GET 200 https://registry.npmjs.org/@babel/helper-module-transforms/-/helper-module-transforms-7.29.7.tgz 2808ms (cache miss)
3476 http fetch GET 200 https://registry.npmjs.org/@babel/generator/-/generator-7.29.7.tgz 2906ms (cache miss)
3477 http fetch GET 200 https://registry.npmjs.org/@babel/helper-compilation-targets/-/helper-compilation-targets-7.29.7.tgz 2938ms (cache miss)
3478 http fetch GET 200 https://registry.npmjs.org/@babel/code-frame/-/code-frame-7.29.7.tgz 2973ms (cache miss)
3479 http fetch GET 200 https://registry.npmjs.org/iterator.prototype/-/iterator.prototype-1.1.5.tgz 3043ms (cache miss)
3480 http fetch GET 200 https://registry.npmjs.org/string.prototype.repeat/-/string.prototype.repeat-1.0.0.tgz 3107ms (cache miss)
3481 http fetch GET 200 https://registry.npmjs.org/@babel/traverse/-/traverse-7.29.7.tgz 3115ms (cache miss)
3482 http fetch GET 200 https://registry.npmjs.org/string.prototype.matchall/-/string.prototype.matchall-4.0.12.tgz 3177ms (cache miss)
3483 http fetch GET 200 https://registry.npmjs.org/prop-types/-/prop-types-15.8.1.tgz 3206ms (cache miss)
3484 http fetch GET 200 https://registry.npmjs.org/@babel/types/-/types-7.29.7.tgz 3214ms (cache miss)
3485 http fetch GET 200 https://registry.npmjs.org/estraverse/-/estraverse-5.3.0.tgz 3253ms (cache miss)
3486 http fetch GET 200 https://registry.npmjs.org/hermes-parser/-/hermes-parser-0.25.1.tgz 3304ms (cache miss)
3487 http fetch GET 200 https://registry.npmjs.org/array.prototype.tosorted/-/array.prototype.tosorted-1.1.4.tgz 3303ms (cache miss)
3488 http fetch GET 200 https://registry.npmjs.org/@babel/helpers/-/helpers-7.29.7.tgz 3329ms (cache miss)
3489 http fetch GET 200 https://registry.npmjs.org/array.prototype.findlast/-/array.prototype.findlast-1.2.5.tgz 3366ms (cache miss)
3490 http fetch GET 200 https://registry.npmjs.org/es-iterator-helpers/-/es-iterator-helpers-1.4.0.tgz 3370ms (cache miss)
3491 http fetch GET 200 https://registry.npmjs.org/language-tags/-/language-tags-1.0.9.tgz 3420ms (cache miss)
3492 http fetch GET 200 https://registry.npmjs.org/string.prototype.includes/-/string.prototype.includes-2.0.1.tgz 3447ms (cache miss)
3493 http fetch GET 200 https://registry.npmjs.org/jsx-ast-utils/-/jsx-ast-utils-3.3.5.tgz 3498ms (cache miss)
3494 http fetch GET 200 https://registry.npmjs.org/emoji-regex/-/emoji-regex-9.2.2.tgz 3507ms (cache miss)
3495 http fetch GET 200 https://registry.npmjs.org/damerau-levenshtein/-/damerau-levenshtein-1.0.8.tgz 3524ms (cache miss)
3496 http fetch GET 200 https://registry.npmjs.org/object.entries/-/object.entries-1.1.9.tgz 3555ms (cache miss)
3497 http fetch GET 200 https://registry.npmjs.org/@babel/core/-/core-7.29.7.tgz 3576ms (cache miss)
3498 http fetch GET 200 https://registry.npmjs.org/ast-types-flow/-/ast-types-flow-0.0.8.tgz 3575ms (cache miss)
3499 http fetch GET 200 https://registry.npmjs.org/axobject-query/-/axobject-query-4.1.0.tgz 3579ms (cache miss)
3500 http fetch GET 200 https://registry.npmjs.org/axe-core/-/axe-core-4.12.1.tgz 3713ms (cache miss)
3501 http fetch GET 200 https://registry.npmjs.org/is-symbol/-/is-symbol-1.1.1.tgz 3758ms (cache miss)
3502 http fetch GET 200 https://registry.npmjs.org/aria-query/-/aria-query-5.3.2.tgz 3765ms (cache miss)
3503 http fetch GET 200 https://registry.npmjs.org/is-date-object/-/is-date-object-1.1.0.tgz 3806ms (cache miss)
3504 http fetch GET 200 https://registry.npmjs.org/es-abstract-get/-/es-abstract-get-1.0.0.tgz 3808ms (cache miss)
3505 http fetch GET 200 https://registry.npmjs.org/unbox-primitive/-/unbox-primitive-1.1.0.tgz 3838ms (cache miss)
3506 http fetch GET 200 https://registry.npmjs.org/typed-array-length/-/typed-array-length-1.0.8.tgz 3844ms (cache miss)
3507 http fetch GET 200 https://registry.npmjs.org/which-typed-array/-/which-typed-array-1.1.22.tgz 3845ms (cache miss)
3508 http fetch GET 200 https://registry.npmjs.org/typed-array-byte-offset/-/typed-array-byte-offset-1.0.4.tgz 3872ms (cache miss)
3509 http fetch GET 200 https://registry.npmjs.org/possible-typed-array-names/-/possible-typed-array-names-1.1.0.tgz 3874ms (cache miss)
3510 http fetch GET 200 https://registry.npmjs.org/typed-array-byte-length/-/typed-array-byte-length-1.0.3.tgz 3917ms (cache miss)
3511 http fetch GET 200 https://registry.npmjs.org/typed-array-buffer/-/typed-array-buffer-1.0.3.tgz 3941ms (cache miss)
3512 http fetch GET 200 https://registry.npmjs.org/string.prototype.trimstart/-/string.prototype.trimstart-1.0.8.tgz 3955ms (cache miss)
3513 http fetch GET 200 https://registry.npmjs.org/@img/sharp-libvips-darwin-arm64/-/sharp-libvips-darwin-arm64-1.2.4.tgz 4007ms (cache miss)
3514 http fetch GET 200 https://registry.npmjs.org/string.prototype.trim/-/string.prototype.trim-1.2.11.tgz 3993ms (cache miss)
3515 http fetch GET 200 https://registry.npmjs.org/stop-iteration-iterator/-/stop-iteration-iterator-1.1.0.tgz 3999ms (cache miss)
3516 http fetch GET 200 https://registry.npmjs.org/set-proto/-/set-proto-1.0.0.tgz 4009ms (cache miss)
3517 http fetch GET 200 https://registry.npmjs.org/safe-push-apply/-/safe-push-apply-1.0.0.tgz 4033ms (cache miss)
3518 http fetch GET 200 https://registry.npmjs.org/safe-regex-test/-/safe-regex-test-1.1.0.tgz 4033ms (cache miss)
3519 http fetch GET 200 https://registry.npmjs.org/safe-array-concat/-/safe-array-concat-1.1.4.tgz 4045ms (cache miss)
3520 http fetch GET 200 https://registry.npmjs.org/own-keys/-/own-keys-1.0.1.tgz 4058ms (cache miss)
3521 http fetch GET 200 https://registry.npmjs.org/regexp.prototype.flags/-/regexp.prototype.flags-1.5.4.tgz 4060ms (cache miss)
3522 http fetch GET 200 https://registry.npmjs.org/object.assign/-/object.assign-4.1.7.tgz 4080ms (cache miss)
3523 http fetch GET 200 https://registry.npmjs.org/object-inspect/-/object-inspect-1.13.4.tgz 4085ms (cache miss)
3524 http fetch GET 200 https://registry.npmjs.org/is-weakref/-/is-weakref-1.1.1.tgz 4114ms (cache miss)
3525 http fetch GET 200 https://registry.npmjs.org/is-typed-array/-/is-typed-array-1.1.15.tgz 4116ms (cache miss)
3526 http fetch GET 200 https://registry.npmjs.org/is-shared-array-buffer/-/is-shared-array-buffer-1.0.4.tgz 4118ms (cache miss)
3527 http fetch GET 200 https://registry.npmjs.org/has-tostringtag/-/has-tostringtag-1.0.2.tgz 4124ms (cache miss)
3528 http fetch GET 200 https://registry.npmjs.org/is-set/-/is-set-2.0.3.tgz 4145ms (cache miss)
3529 http fetch GET 200 https://registry.npmjs.org/is-negative-zero/-/is-negative-zero-2.0.3.tgz 4147ms (cache miss)
3530 http fetch GET 200 https://registry.npmjs.org/is-data-view/-/is-data-view-1.0.2.tgz 4151ms (cache miss)
3531 http fetch GET 200 https://registry.npmjs.org/@babel/parser/-/parser-7.29.7.tgz 4168ms (cache miss)
3532 http fetch GET 200 https://registry.npmjs.org/is-callable/-/is-callable-1.2.7.tgz 4161ms (cache miss)
3533 http fetch GET 200 https://registry.npmjs.org/is-array-buffer/-/is-array-buffer-3.0.5.tgz 4181ms (cache miss)
3534 http fetch GET 200 https://registry.npmjs.org/internal-slot/-/internal-slot-1.1.0.tgz 4181ms (cache miss)
3535 http fetch GET 200 https://registry.npmjs.org/has-symbols/-/has-symbols-1.1.0.tgz 4180ms (cache miss)
3536 http fetch GET 200 https://registry.npmjs.org/has-proto/-/has-proto-1.2.0.tgz 4198ms (cache miss)
3537 http fetch GET 200 https://registry.npmjs.org/globalthis/-/globalthis-1.0.4.tgz 4212ms (cache miss)
3538 http fetch GET 200 https://registry.npmjs.org/get-symbol-description/-/get-symbol-description-1.1.0.tgz 4212ms (cache miss)
3539 http fetch GET 200 https://registry.npmjs.org/is-regex/-/is-regex-1.2.1.tgz 4213ms (cache miss)
3540 http fetch GET 200 https://registry.npmjs.org/get-proto/-/get-proto-1.0.1.tgz 4220ms (cache miss)
3541 http fetch GET 200 https://registry.npmjs.org/es-set-tostringtag/-/es-set-tostringtag-2.1.0.tgz 4228ms (cache miss)
3542 http fetch GET 200 https://registry.npmjs.org/data-view-byte-offset/-/data-view-byte-offset-1.0.1.tgz 4231ms (cache miss)
3543 http fetch GET 200 https://registry.npmjs.org/data-view-byte-length/-/data-view-byte-length-1.0.2.tgz 4231ms (cache miss)
3544 http fetch GET 200 https://registry.npmjs.org/es-to-primitive/-/es-to-primitive-1.3.4.tgz 4239ms (cache miss)
3545 http fetch GET 200 https://registry.npmjs.org/data-view-buffer/-/data-view-buffer-1.0.2.tgz 4276ms (cache miss)
3546 http fetch GET 200 https://registry.npmjs.org/arraybuffer.prototype.slice/-/arraybuffer.prototype.slice-1.0.4.tgz 4277ms (cache miss)
3547 http fetch GET 200 https://registry.npmjs.org/object-keys/-/object-keys-1.1.1.tgz 4279ms (cache miss)
3548 http fetch GET 200 https://registry.npmjs.org/array-buffer-byte-length/-/array-buffer-byte-length-1.0.2.tgz 4280ms (cache miss)
3549 http fetch GET 200 https://registry.npmjs.org/gopd/-/gopd-1.2.0.tgz 4281ms (cache miss)
3550 http fetch GET 200 https://registry.npmjs.org/has-property-descriptors/-/has-property-descriptors-1.0.2.tgz 4286ms (cache miss)
3551 http fetch GET 200 https://registry.npmjs.org/available-typed-arrays/-/available-typed-arrays-1.0.7.tgz 4290ms (cache miss)
3552 http fetch GET 200 https://registry.npmjs.org/define-data-property/-/define-data-property-1.1.4.tgz 4298ms (cache miss)
3553 http fetch GET 200 https://registry.npmjs.org/set-function-length/-/set-function-length-1.2.2.tgz 4313ms (cache miss)
3554 http fetch GET 200 https://registry.npmjs.org/es-define-property/-/es-define-property-1.0.1.tgz 4313ms (cache miss)
3555 http fetch GET 200 https://registry.npmjs.org/function-bind/-/function-bind-1.1.2.tgz 4314ms (cache miss)
3556 http fetch GET 200 https://registry.npmjs.org/call-bind-apply-helpers/-/call-bind-apply-helpers-1.0.2.tgz 4315ms (cache miss)
3557 http fetch GET 200 https://registry.npmjs.org/es-shim-unscopables/-/es-shim-unscopables-1.1.0.tgz 4352ms (cache miss)
3558 http fetch GET 200 https://registry.npmjs.org/is-string/-/is-string-1.1.1.tgz 4352ms (cache miss)
3559 http fetch GET 200 https://registry.npmjs.org/es-errors/-/es-errors-1.3.0.tgz 4362ms (cache miss)
3560 http fetch GET 200 https://registry.npmjs.org/math-intrinsics/-/math-intrinsics-1.1.0.tgz 4362ms (cache miss)
3561 http fetch GET 200 https://registry.npmjs.org/get-intrinsic/-/get-intrinsic-1.3.0.tgz 4367ms (cache miss)
3562 http fetch GET 200 https://registry.npmjs.org/define-properties/-/define-properties-1.2.1.tgz 4367ms (cache miss)
3563 http fetch GET 200 https://registry.npmjs.org/es-object-atoms/-/es-object-atoms-1.1.2.tgz 4377ms (cache miss)
3564 http fetch GET 200 https://registry.npmjs.org/call-bind/-/call-bind-1.0.9.tgz 4393ms (cache miss)
3565 http fetch GET 200 https://registry.npmjs.org/object.values/-/object.values-1.2.1.tgz 4403ms (cache miss)
3566 http fetch GET 200 https://registry.npmjs.org/zod/-/zod-4.4.3.tgz 4417ms (cache miss)
3567 http fetch GET 200 https://registry.npmjs.org/string.prototype.trimend/-/string.prototype.trimend-1.0.10.tgz 4407ms (cache miss)
3568 http fetch GET 200 https://registry.npmjs.org/tsconfig-paths/-/tsconfig-paths-3.15.0.tgz 4410ms (cache miss)
3569 http fetch GET 200 https://registry.npmjs.org/function.prototype.name/-/function.prototype.name-1.2.0.tgz 4447ms (cache miss)
3570 http fetch GET 200 https://registry.npmjs.org/semver/-/semver-6.3.1.tgz 4448ms (cache miss)
3571 http fetch GET 200 https://registry.npmjs.org/call-bound/-/call-bound-1.0.4.tgz 4449ms (cache miss)
3572 http fetch GET 200 https://registry.npmjs.org/object.groupby/-/object.groupby-1.0.3.tgz 4452ms (cache miss)
3573 http fetch GET 200 https://registry.npmjs.org/hasown/-/hasown-2.0.4.tgz 4470ms (cache miss)
3574 http fetch GET 200 https://registry.npmjs.org/object.fromentries/-/object.fromentries-2.0.8.tgz 4470ms (cache miss)
3575 http fetch GET 200 https://registry.npmjs.org/eslint-module-utils/-/eslint-module-utils-2.14.0.tgz 4473ms (cache miss)
3576 http fetch GET 200 https://registry.npmjs.org/doctrine/-/doctrine-2.1.0.tgz 4481ms (cache miss)
3577 http fetch GET 200 https://registry.npmjs.org/array-includes/-/array-includes-3.1.9.tgz 4487ms (cache miss)
3578 http fetch GET 200 https://registry.npmjs.org/array.prototype.flatmap/-/array.prototype.flatmap-1.3.3.tgz 4492ms (cache miss)
3579 http fetch GET 200 https://registry.npmjs.org/array.prototype.findlastindex/-/array.prototype.findlastindex-1.2.6.tgz 4516ms (cache miss)
3580 http fetch GET 200 https://registry.npmjs.org/array.prototype.flat/-/array.prototype.flat-1.3.3.tgz 4518ms (cache miss)
3581 http fetch GET 200 https://registry.npmjs.org/unrs-resolver/-/unrs-resolver-1.12.2.tgz 4524ms (cache miss)
3582 http fetch GET 200 https://registry.npmjs.org/stable-hash/-/stable-hash-0.0.5.tgz 4527ms (cache miss)
3583 http fetch GET 200 https://registry.npmjs.org/tinyglobby/-/tinyglobby-0.2.17.tgz 4531ms (cache miss)
3584 http fetch GET 200 https://registry.npmjs.org/is-bun-module/-/is-bun-module-2.0.0.tgz 4544ms (cache miss)
3585 http fetch GET 200 https://registry.npmjs.org/is-core-module/-/is-core-module-2.16.2.tgz 4589ms (cache miss)
3586 http fetch GET 200 https://registry.npmjs.org/fast-glob/-/fast-glob-3.3.1.tgz 4614ms (cache miss)
3587 http fetch GET 200 https://registry.npmjs.org/resolve/-/resolve-2.0.0-next.7.tgz 4614ms (cache miss)
3588 http fetch GET 200 https://registry.npmjs.org/typescript-eslint/-/typescript-eslint-8.63.0.tgz 4627ms (cache miss)
3589 http fetch GET 200 https://registry.npmjs.org/get-tsconfig/-/get-tsconfig-4.14.0.tgz 4657ms (cache miss)
3590 http fetch GET 200 https://registry.npmjs.org/eslint-import-resolver-typescript/-/eslint-import-resolver-typescript-3.10.1.tgz 4673ms (cache miss)
3591 http fetch GET 200 https://registry.npmjs.org/ms/-/ms-2.1.3.tgz 4772ms (cache miss)
3592 http fetch GET 200 https://registry.npmjs.org/eslint-import-resolver-node/-/eslint-import-resolver-node-0.3.10.tgz 4776ms (cache miss)
3593 http fetch GET 200 https://registry.npmjs.org/eslint-plugin-jsx-a11y/-/eslint-plugin-jsx-a11y-6.10.2.tgz 4793ms (cache miss)
3594 http fetch GET 200 https://registry.npmjs.org/es-abstract/-/es-abstract-1.24.2.tgz 4849ms (cache miss)
3595 http fetch GET 200 https://registry.npmjs.org/shebang-command/-/shebang-command-2.0.0.tgz 4850ms (cache miss)
3596 http fetch GET 200 https://registry.npmjs.org/which/-/which-2.0.2.tgz 4857ms (cache miss)
3597 http fetch GET 200 https://registry.npmjs.org/eslint-plugin-import/-/eslint-plugin-import-2.32.0.tgz 4858ms (cache miss)
3598 http fetch GET 200 https://registry.npmjs.org/path-key/-/path-key-3.1.1.tgz 4870ms (cache miss)
3599 http fetch GET 200 https://registry.npmjs.org/@rtsao/scc/-/scc-1.1.0.tgz 4873ms (cache miss)
3600 http fetch GET 200 https://registry.npmjs.org/@nolyfill/is-core-module/-/is-core-module-1.0.39.tgz 4906ms (cache miss)
3601 http fetch GET 200 https://registry.npmjs.org/color-convert/-/color-convert-2.0.1.tgz 4920ms (cache miss)
3602 http fetch GET 200 https://registry.npmjs.org/color-name/-/color-name-1.1.4.tgz 4930ms (cache miss)
3603 http fetch GET 200 https://registry.npmjs.org/supports-color/-/supports-color-7.2.0.tgz 4941ms (cache miss)
3604 http fetch GET 200 https://registry.npmjs.org/eslint-plugin-react/-/eslint-plugin-react-7.37.5.tgz 4944ms (cache miss)
3605 http fetch GET 200 https://registry.npmjs.org/json-schema-traverse/-/json-schema-traverse-0.4.1.tgz 4982ms (cache miss)
3606 http fetch GET 200 https://registry.npmjs.org/ansi-styles/-/ansi-styles-4.3.0.tgz 4987ms (cache miss)
3607 http fetch GET 200 https://registry.npmjs.org/strip-json-comments/-/strip-json-comments-3.1.1.tgz 4991ms (cache miss)
3608 http fetch GET 200 https://registry.npmjs.org/fast-json-stable-stringify/-/fast-json-stable-stringify-2.1.0.tgz 4992ms (cache miss)
3609 http fetch GET 200 https://registry.npmjs.org/@next/eslint-plugin-next/-/eslint-plugin-next-16.2.10.tgz 4998ms (cache miss)
3610 http fetch GET 200 https://registry.npmjs.org/levn/-/levn-0.4.1.tgz 5030ms (cache miss)
3611 http fetch GET 200 https://registry.npmjs.org/globals/-/globals-14.0.0.tgz 5080ms (cache miss)
3612 http fetch GET 200 https://registry.npmjs.org/import-fresh/-/import-fresh-3.3.1.tgz 5102ms (cache miss)
3613 http fetch GET 200 https://registry.npmjs.org/js-yaml/-/js-yaml-4.3.0.tgz 5103ms (cache miss)
3614 http fetch GET 200 https://registry.npmjs.org/uri-js/-/uri-js-4.4.1.tgz 5123ms (cache miss)
3615 http fetch GET 200 https://registry.npmjs.org/natural-compare/-/natural-compare-1.4.0.tgz 5141ms (cache miss)
3616 http fetch GET 200 https://registry.npmjs.org/optionator/-/optionator-0.9.4.tgz 5159ms (cache miss)
3617 http fetch GET 200 https://registry.npmjs.org/lodash.merge/-/lodash.merge-4.6.2.tgz 5162ms (cache miss)
3618 http fetch GET 200 https://registry.npmjs.org/minimatch/-/minimatch-3.1.5.tgz 5173ms (cache miss)
3619 http fetch GET 200 https://registry.npmjs.org/json-stable-stringify-without-jsonify/-/json-stable-stringify-without-jsonify-1.0.1.tgz 5189ms (cache miss)
3620 http fetch GET 200 https://registry.npmjs.org/is-glob/-/is-glob-4.0.3.tgz 5227ms (cache miss)
3621 http fetch GET 200 https://registry.npmjs.org/imurmurhash/-/imurmurhash-0.1.4.tgz 5229ms (cache miss)
3622 http fetch GET 200 https://registry.npmjs.org/ignore/-/ignore-5.3.2.tgz 5240ms (cache miss)
3623 http fetch GET 200 https://registry.npmjs.org/glob-parent/-/glob-parent-6.0.2.tgz 5247ms (cache miss)
3624 http fetch GET 200 https://registry.npmjs.org/file-entry-cache/-/file-entry-cache-8.0.0.tgz 5259ms (cache miss)
3625 http fetch GET 200 https://registry.npmjs.org/find-up/-/find-up-5.0.0.tgz 5259ms (cache miss)
3626 http fetch GET 200 https://registry.npmjs.org/@humanfs/core/-/core-0.19.2.tgz 5261ms (cache miss)
3627 http fetch GET 200 https://registry.npmjs.org/fast-deep-equal/-/fast-deep-equal-3.1.3.tgz 5267ms (cache miss)
3628 http fetch GET 200 https://registry.npmjs.org/esutils/-/esutils-2.0.3.tgz 5273ms (cache miss)
3629 http fetch GET 200 https://registry.npmjs.org/esquery/-/esquery-1.7.0.tgz 5337ms (cache miss)
3630 http fetch GET 200 https://registry.npmjs.org/espree/-/espree-10.4.0.tgz 5338ms (cache miss)
3631 http fetch GET 200 https://registry.npmjs.org/eslint-scope/-/eslint-scope-8.4.0.tgz 5345ms (cache miss)
3632 http fetch GET 200 https://registry.npmjs.org/@types/json-schema/-/json-schema-7.0.15.tgz 5351ms (cache miss)
3633 http fetch GET 200 https://registry.npmjs.org/eslint-visitor-keys/-/eslint-visitor-keys-4.2.1.tgz 5355ms (cache miss)
3634 http fetch GET 200 https://registry.npmjs.org/escape-string-regexp/-/escape-string-regexp-4.0.0.tgz 5381ms (cache miss)
3635 http fetch GET 200 https://registry.npmjs.org/debug/-/debug-4.4.3.tgz 5381ms (cache miss)
3636 http fetch GET 200 https://registry.npmjs.org/cross-spawn/-/cross-spawn-7.0.6.tgz 5385ms (cache miss)
3637 http fetch GET 200 https://registry.npmjs.org/@eslint/object-schema/-/object-schema-2.1.7.tgz 5390ms (cache miss)
3638 http fetch GET 200 https://registry.npmjs.org/chalk/-/chalk-4.1.2.tgz 5386ms (cache miss)
3639 http fetch GET 200 https://registry.npmjs.org/@humanfs/types/-/types-0.15.0.tgz 5402ms (cache miss)
3640 http fetch GET 200 https://registry.npmjs.org/eslint-plugin-react-hooks/-/eslint-plugin-react-hooks-7.1.1.tgz 5523ms (cache miss)
3641 http fetch GET 200 https://registry.npmjs.org/ajv/-/ajv-6.15.0.tgz 5556ms (cache miss)
3642 http fetch GET 200 https://registry.npmjs.org/tapable/-/tapable-2.3.3.tgz 5625ms (cache miss)
3643 http fetch GET 200 https://registry.npmjs.org/@types/estree/-/estree-1.0.9.tgz 5645ms (cache miss)
3644 http fetch GET 200 https://registry.npmjs.org/@humanwhocodes/retry/-/retry-0.4.3.tgz 5656ms (cache miss)
3645 http fetch GET 200 https://registry.npmjs.org/@humanwhocodes/module-importer/-/module-importer-1.0.1.tgz 5660ms (cache miss)
3646 http fetch GET 200 https://registry.npmjs.org/graceful-fs/-/graceful-fs-4.2.11.tgz 5705ms (cache miss)
3647 http fetch GET 200 https://registry.npmjs.org/@eslint/config-helpers/-/config-helpers-0.4.2.tgz 5723ms (cache miss)
3648 http fetch GET 200 https://registry.npmjs.org/@eslint/config-array/-/config-array-0.21.2.tgz 5744ms (cache miss)
3649 http fetch GET 200 https://registry.npmjs.org/csstype/-/csstype-3.2.3.tgz 5754ms (cache miss)
3650 http fetch GET 200 https://registry.npmjs.org/undici-types/-/undici-types-6.21.0.tgz 5757ms (cache miss)
3651 http fetch GET 200 https://registry.npmjs.org/@eslint-community/regexpp/-/regexpp-4.12.2.tgz 5795ms (cache miss)
3652 http fetch GET 200 https://registry.npmjs.org/@humanfs/node/-/node-0.16.8.tgz 5857ms (cache miss)
3653 http fetch GET 200 https://registry.npmjs.org/@jridgewell/trace-mapping/-/trace-mapping-0.3.31.tgz 5860ms (cache miss)
3654 http fetch GET 200 https://registry.npmjs.org/@jridgewell/gen-mapping/-/gen-mapping-0.3.13.tgz 5873ms (cache miss)
3655 http fetch GET 200 https://registry.npmjs.org/magic-string/-/magic-string-0.30.21.tgz 5892ms (cache miss)
3656 http fetch GET 200 https://registry.npmjs.org/@eslint/js/-/js-9.39.5.tgz 5905ms (cache miss)
3657 http fetch GET 200 https://registry.npmjs.org/@eslint/plugin-kit/-/plugin-kit-0.4.1.tgz 5934ms (cache miss)
3658 http fetch GET 200 https://registry.npmjs.org/@eslint/core/-/core-0.17.0.tgz 5938ms (cache miss)
3659 http fetch GET 200 https://registry.npmjs.org/lightningcss/-/lightningcss-1.32.0.tgz 5952ms (cache miss)
3660 http fetch GET 200 https://registry.npmjs.org/source-map-js/-/source-map-js-1.2.1.tgz 6001ms (cache miss)
3661 http fetch GET 200 https://registry.npmjs.org/enhanced-resolve/-/enhanced-resolve-5.21.6.tgz 6008ms (cache miss)
3662 http fetch GET 200 https://registry.npmjs.org/postcss/-/postcss-8.5.17.tgz 6063ms (cache miss)
3663 http fetch GET 200 https://registry.npmjs.org/@jridgewell/resolve-uri/-/resolve-uri-3.1.2.tgz 6159ms (cache miss)
3664 http fetch GET 200 https://registry.npmjs.org/@alloc/quick-lru/-/quick-lru-5.2.0.tgz 6279ms (cache miss)
3665 http fetch GET 200 https://registry.npmjs.org/@eslint-community/eslint-utils/-/eslint-utils-4.9.1.tgz 6285ms (cache miss)
3666 http fetch GET 200 https://registry.npmjs.org/@jridgewell/sourcemap-codec/-/sourcemap-codec-1.5.5.tgz 6321ms (cache miss)
3667 http fetch GET 200 https://registry.npmjs.org/@jridgewell/remapping/-/remapping-2.3.5.tgz 6467ms (cache miss)
3668 http fetch GET 200 https://registry.npmjs.org/@tailwindcss/oxide/-/oxide-4.3.2.tgz 6537ms (cache miss)
3669 http fetch GET 200 https://registry.npmjs.org/@eslint/eslintrc/-/eslintrc-3.3.6.tgz 6556ms (cache miss)
3670 http fetch GET 200 https://registry.npmjs.org/tailwindcss/-/tailwindcss-4.3.2.tgz 6551ms (cache miss)
3671 http fetch GET 200 https://registry.npmjs.org/@tailwindcss/node/-/node-4.3.2.tgz 6600ms (cache miss)
3672 http fetch GET 200 https://registry.npmjs.org/react/-/react-19.2.4.tgz 6612ms (cache miss)
3673 http fetch GET 200 https://registry.npmjs.org/@types/react-dom/-/react-dom-19.2.3.tgz 6622ms (cache miss)
3674 http fetch GET 200 https://registry.npmjs.org/@tailwindcss/oxide-darwin-arm64/-/oxide-darwin-arm64-4.3.2.tgz 6743ms (cache miss)
3675 http fetch GET 200 https://registry.npmjs.org/eslint-config-next/-/eslint-config-next-16.2.10.tgz 6755ms (cache miss)
3676 http fetch GET 200 https://registry.npmjs.org/eslint-visitor-keys/-/eslint-visitor-keys-5.0.1.tgz 6855ms (cache miss)
3677 http fetch GET 200 https://registry.npmjs.org/balanced-match/-/balanced-match-4.0.4.tgz 6868ms (cache miss)
3678 http fetch GET 200 https://registry.npmjs.org/brace-expansion/-/brace-expansion-5.0.7.tgz 6944ms (cache miss)
3679 http fetch GET 200 https://registry.npmjs.org/minimatch/-/minimatch-10.2.5.tgz 6999ms (cache miss)
3680 http fetch GET 200 https://registry.npmjs.org/@emnapi/runtime/-/runtime-1.10.0.tgz 7114ms (cache miss)
3681 http fetch GET 200 https://registry.npmjs.org/ignore/-/ignore-7.0.6.tgz 7146ms (cache miss)
3682 http fetch GET 200 https://registry.npmjs.org/@types/react/-/react-19.2.17.tgz 7148ms (cache miss)
3683 http fetch GET 200 https://registry.npmjs.org/@types/node/-/node-20.19.43.tgz 7165ms (cache miss)
3684 http fetch GET 200 https://registry.npmjs.org/semver/-/semver-7.8.5.tgz 7205ms (cache miss)
3685 http fetch GET 200 https://registry.npmjs.org/semver/-/semver-7.8.5.tgz 7260ms (cache miss)
3686 http fetch GET 200 https://registry.npmjs.org/@tailwindcss/postcss/-/postcss-4.3.2.tgz 7289ms (cache miss)
3687 http fetch GET 200 https://registry.npmjs.org/jiti/-/jiti-2.7.0.tgz 7295ms (cache miss)
3688 http fetch GET 200 https://registry.npmjs.org/json5/-/json5-1.0.2.tgz 7296ms (cache miss)
3689 http fetch GET 200 https://registry.npmjs.org/debug/-/debug-3.2.7.tgz 7337ms (cache miss)
3690 http fetch GET 200 https://registry.npmjs.org/fdir/-/fdir-6.5.0.tgz 7339ms (cache miss)
3691 http fetch GET 200 https://registry.npmjs.org/semver/-/semver-7.8.5.tgz 7372ms (cache miss)
3692 http fetch GET 200 https://registry.npmjs.org/debug/-/debug-3.2.7.tgz 7403ms (cache miss)
3693 http fetch GET 200 https://registry.npmjs.org/debug/-/debug-3.2.7.tgz 7429ms (cache miss)
3694 http fetch GET 200 https://registry.npmjs.org/eslint-visitor-keys/-/eslint-visitor-keys-3.4.3.tgz 7485ms (cache miss)
3695 http fetch GET 200 https://registry.npmjs.org/globals/-/globals-16.4.0.tgz 7494ms (cache miss)
3696 http fetch GET 200 https://registry.npmjs.org/postcss/-/postcss-8.4.31.tgz 7524ms (cache miss)
3697 http fetch GET 200 https://registry.npmjs.org/glob-parent/-/glob-parent-5.1.2.tgz 7557ms (cache miss)
3698 http fetch GET 200 https://registry.npmjs.org/picomatch/-/picomatch-4.0.5.tgz 7586ms (cache miss)
3699 http fetch GET 200 https://registry.npmjs.org/eslint/-/eslint-9.39.5.tgz 7724ms (cache miss)
3700 http fetch GET 200 https://registry.npmjs.org/postcss 7442ms (cache miss)
3701 silly packumentCache corgi:https://registry.npmjs.org/postcss set size:undefined disposed:false
3702 silly packumentCache corgi:https://registry.npmjs.org/next cache-miss
3703 http fetch GET 200 https://registry.npmjs.org/next 800ms (cache miss)
3704 silly packumentCache corgi:https://registry.npmjs.org/next set size:undefined disposed:false
3705 http fetch GET 200 https://registry.npmjs.org/lightningcss-darwin-arm64/-/lightningcss-darwin-arm64-1.32.0.tgz 8862ms (cache miss)
3706 http fetch GET 200 https://registry.npmjs.org/react-dom/-/react-dom-19.2.4.tgz 9180ms (cache miss)
3707 http fetch GET 200 https://registry.npmjs.org/typescript/-/typescript-5.9.3.tgz 12793ms (cache miss)
3708 http fetch GET 200 https://registry.npmjs.org/@next/swc-darwin-arm64/-/swc-darwin-arm64-16.2.10.tgz 16310ms (cache miss)
3709 http fetch GET 200 https://registry.npmjs.org/next/-/next-16.2.10.tgz 20652ms (cache miss)
3710 info run sharp@0.34.5 install node_modules/sharp node install/check.js || npm run build
3711 info run sharp@0.34.5 install { code: 0, signal: null }
3712 info run unrs-resolver@1.12.2 postinstall node_modules/unrs-resolver node postinstall.js
3713 info run unrs-resolver@1.12.2 postinstall { code: 0, signal: null }
3714 silly ADD node_modules/is-weakset
3715 silly ADD node_modules/is-weakmap
3716 silly ADD node_modules/is-map
3717 silly ADD node_modules/generator-function
3718 silly ADD node_modules/async-function
3719 silly ADD node_modules/which-collection
3720 silly ADD node_modules/is-generator-function
3721 silly ADD node_modules/is-finalizationregistry
3722 silly ADD node_modules/is-async-function
3723 silly ADD node_modules/is-number-object
3724 silly ADD node_modules/is-boolean-object
3725 silly ADD node_modules/is-bigint
3726 silly ADD node_modules/isexe
3727 silly ADD node_modules/punycode
3728 silly ADD node_modules/escalade
3729 silly ADD node_modules/@tybys/wasm-util
3730 silly ADD node_modules/@emnapi/wasi-threads
3731 silly ADD node_modules/@napi-rs/wasm-runtime
3732 silly ADD node_modules/@emnapi/core
3733 silly ADD node_modules/napi-postinstall
3734 silly ADD node_modules/@unrs/resolver-binding-win32-x64-msvc
3735 silly ADD node_modules/@unrs/resolver-binding-win32-ia32-msvc
3736 silly ADD node_modules/@unrs/resolver-binding-win32-arm64-msvc
3737 silly ADD node_modules/@unrs/resolver-binding-wasm32-wasi
3738 silly ADD node_modules/@unrs/resolver-binding-wasm32-wasi/node_modules/@emnapi/runtime
3739 silly ADD node_modules/@unrs/resolver-binding-openharmony-arm64
3740 silly ADD node_modules/@unrs/resolver-binding-linux-x64-musl
3741 silly ADD node_modules/@unrs/resolver-binding-linux-x64-gnu
3742 silly ADD node_modules/@unrs/resolver-binding-linux-s390x-gnu
3743 silly ADD node_modules/@unrs/resolver-binding-linux-riscv64-musl
3744 silly ADD node_modules/@unrs/resolver-binding-linux-riscv64-gnu
3745 silly ADD node_modules/@unrs/resolver-binding-linux-ppc64-gnu
3746 silly ADD node_modules/@unrs/resolver-binding-linux-loong64-musl
3747 silly ADD node_modules/@unrs/resolver-binding-linux-loong64-gnu
3748 silly ADD node_modules/@unrs/resolver-binding-linux-arm64-musl
3749 silly ADD node_modules/@unrs/resolver-binding-linux-arm64-gnu
3750 silly ADD node_modules/@unrs/resolver-binding-linux-arm-musleabihf
3751 silly ADD node_modules/@unrs/resolver-binding-linux-arm-gnueabihf
3752 silly ADD node_modules/@unrs/resolver-binding-freebsd-x64
3753 silly ADD node_modules/@unrs/resolver-binding-darwin-x64
3754 silly ADD node_modules/@unrs/resolver-binding-darwin-arm64
3755 silly ADD node_modules/@unrs/resolver-binding-android-arm64
3756 silly ADD node_modules/@unrs/resolver-binding-android-arm-eabi
3757 silly ADD node_modules/which-boxed-primitive
3758 silly ADD node_modules/has-bigints
3759 silly ADD node_modules/@typescript-eslint/tsconfig-utils
3760 silly ADD node_modules/@typescript-eslint/project-service
3761 silly ADD node_modules/@typescript-eslint/types
3762 silly ADD node_modules/ts-api-utils
3763 silly ADD node_modules/@typescript-eslint/visitor-keys
3764 silly ADD node_modules/@typescript-eslint/visitor-keys/node_modules/eslint-visitor-keys
3765 silly ADD node_modules/@typescript-eslint/type-utils
3766 silly ADD node_modules/@typescript-eslint/scope-manager
3767 silly ADD node_modules/@typescript-eslint/utils
3768 silly ADD node_modules/@typescript-eslint/typescript-estree
3769 silly ADD node_modules/@typescript-eslint/typescript-estree/node_modules/balanced-match
3770 silly ADD node_modules/@typescript-eslint/typescript-estree/node_modules/brace-expansion
3771 silly ADD node_modules/@typescript-eslint/typescript-estree/node_modules/semver
3772 silly ADD node_modules/@typescript-eslint/typescript-estree/node_modules/minimatch
3773 silly ADD node_modules/@typescript-eslint/parser
3774 silly ADD node_modules/@typescript-eslint/eslint-plugin
3775 silly ADD node_modules/@typescript-eslint/eslint-plugin/node_modules/ignore
3776 silly ADD node_modules/which-builtin-type
3777 silly ADD node_modules/reflect.getprototypeof
3778 silly ADD node_modules/for-each
3779 silly ADD node_modules/strip-bom
3780 silly ADD node_modules/minimist
3781 silly ADD node_modules/@types/json5
3782 silly ADD node_modules/is-number
3783 silly ADD node_modules/has-flag
3784 silly ADD node_modules/client-only
3785 silly ADD node_modules/side-channel-weakmap
3786 silly ADD node_modules/side-channel-map
3787 silly ADD node_modules/side-channel-list
3788 silly ADD node_modules/shebang-regex
3789 silly ADD node_modules/@emnapi/runtime
3790 silly ADD node_modules/@img/sharp-win32-x64
3791 silly ADD node_modules/@img/sharp-win32-ia32
3792 silly ADD node_modules/@img/sharp-win32-arm64
3793 silly ADD node_modules/@img/sharp-wasm32
3794 silly ADD node_modules/@img/sharp-linuxmusl-x64
3795 silly ADD node_modules/@img/sharp-linuxmusl-arm64
3796 silly ADD node_modules/@img/sharp-linux-x64
3797 silly ADD node_modules/@img/sharp-linux-s390x
3798 silly ADD node_modules/@img/sharp-linux-riscv64
3799 silly ADD node_modules/@img/sharp-linux-ppc64
3800 silly ADD node_modules/@img/sharp-linux-arm64
3801 silly ADD node_modules/@img/sharp-linux-arm
3802 silly ADD node_modules/@img/sharp-libvips-linuxmusl-x64
3803 silly ADD node_modules/@img/sharp-libvips-linuxmusl-arm64
3804 silly ADD node_modules/@img/sharp-libvips-linux-x64
3805 silly ADD node_modules/@img/sharp-libvips-linux-s390x
3806 silly ADD node_modules/@img/sharp-libvips-linux-riscv64
3807 silly ADD node_modules/@img/sharp-libvips-linux-ppc64
3808 silly ADD node_modules/@img/sharp-libvips-linux-arm64
3809 silly ADD node_modules/@img/sharp-libvips-linux-arm
3810 silly ADD node_modules/@img/sharp-libvips-darwin-x64
3811 silly ADD node_modules/@img/sharp-libvips-darwin-arm64
3812 silly ADD node_modules/@img/sharp-darwin-x64
3813 silly ADD node_modules/@img/sharp-darwin-arm64
3814 silly ADD node_modules/@img/colour
3815 silly ADD node_modules/isarray
3816 silly ADD node_modules/queue-microtask
3817 silly ADD node_modules/supports-preserve-symlinks-flag
3818 silly ADD node_modules/path-parse
3819 silly ADD node_modules/node-exports-info
3820 silly ADD node_modules/scheduler
3821 silly ADD node_modules/react-is
3822 silly ADD node_modules/object-assign
3823 silly ADD node_modules/loose-envify
3824 silly ADD node_modules/nanoid
3825 silly ADD node_modules/callsites
3826 silly ADD node_modules/yocto-queue
3827 silly ADD node_modules/p-limit
3828 silly ADD node_modules/word-wrap
3829 silly ADD node_modules/fast-levenshtein
3830 silly ADD node_modules/deep-is
3831 silly ADD node_modules/tslib
3832 silly ADD node_modules/styled-jsx
3833 silly ADD node_modules/sharp
3834 silly ADD node_modules/sharp/node_modules/semver
3835 silly ADD node_modules/@swc/helpers
3836 silly ADD node_modules/@next/swc-win32-x64-msvc
3837 silly ADD node_modules/@next/swc-win32-arm64-msvc
3838 silly ADD node_modules/@next/swc-linux-x64-musl
3839 silly ADD node_modules/@next/swc-linux-x64-gnu
3840 silly ADD node_modules/@next/swc-linux-arm64-musl
3841 silly ADD node_modules/@next/swc-linux-arm64-gnu
3842 silly ADD node_modules/@next/swc-darwin-x64
3843 silly ADD node_modules/@next/swc-darwin-arm64
3844 silly ADD node_modules/@next/env
3845 silly ADD node_modules/concat-map
3846 silly ADD node_modules/balanced-match
3847 silly ADD node_modules/brace-expansion
3848 silly ADD node_modules/to-regex-range
3849 silly ADD node_modules/fill-range
3850 silly ADD node_modules/picomatch
3851 silly ADD node_modules/braces
3852 silly ADD node_modules/yallist
3853 silly ADD node_modules/p-locate
3854 silly ADD node_modules/lightningcss-win32-x64-msvc
3855 silly ADD node_modules/lightningcss-win32-arm64-msvc
3856 silly ADD node_modules/lightningcss-linux-x64-musl
3857 silly ADD node_modules/lightningcss-linux-x64-gnu
3858 silly ADD node_modules/lightningcss-linux-arm64-musl
3859 silly ADD node_modules/lightningcss-linux-arm64-gnu
3860 silly ADD node_modules/lightningcss-linux-arm-gnueabihf
3861 silly ADD node_modules/lightningcss-freebsd-x64
3862 silly ADD node_modules/lightningcss-darwin-x64
3863 silly ADD node_modules/lightningcss-darwin-arm64
3864 silly ADD node_modules/lightningcss-android-arm64
3865 silly ADD node_modules/detect-libc
3866 silly ADD node_modules/type-check
3867 silly ADD node_modules/prelude-ls
3868 silly ADD node_modules/language-subtag-registry
3869 silly ADD node_modules/json-buffer
3870 silly ADD node_modules/argparse
3871 silly ADD node_modules/set-function-name
3872 silly ADD node_modules/is-extglob
3873 silly ADD node_modules/side-channel
3874 silly ADD node_modules/resolve-from
3875 silly ADD node_modules/parent-module
3876 silly ADD node_modules/hermes-estree
3877 silly ADD node_modules/resolve-pkg-maps
3878 silly ADD node_modules/dunder-proto
3879 silly ADD node_modules/is-document.all
3880 silly ADD node_modules/functions-have-names
3881 silly ADD node_modules/keyv
3882 silly ADD node_modules/flatted
3883 silly ADD node_modules/path-exists
3884 silly ADD node_modules/locate-path
3885 silly ADD node_modules/flat-cache
3886 silly ADD node_modules/reusify
3887 silly ADD node_modules/run-parallel
3888 silly ADD node_modules/fastq
3889 silly ADD node_modules/@nodelib/fs.scandir
3890 silly ADD node_modules/micromatch
3891 silly ADD node_modules/merge2
3892 silly ADD node_modules/@nodelib/fs.walk
3893 silly ADD node_modules/@nodelib/fs.stat
3894 silly ADD node_modules/acorn-jsx
3895 silly ADD node_modules/acorn
3896 silly ADD node_modules/esrecurse
3897 silly ADD node_modules/update-browserslist-db
3898 silly ADD node_modules/node-releases
3899 silly ADD node_modules/electron-to-chromium
3900 silly ADD node_modules/caniuse-lite
3901 silly ADD node_modules/baseline-browser-mapping
3902 silly ADD node_modules/@babel/helper-string-parser
3903 silly ADD node_modules/@babel/helper-globals
3904 silly ADD node_modules/@babel/helper-module-imports
3905 silly ADD node_modules/lru-cache
3906 silly ADD node_modules/browserslist
3907 silly ADD node_modules/@babel/helper-validator-option
3908 silly ADD node_modules/@babel/compat-data
3909 silly ADD node_modules/jsesc
3910 silly ADD node_modules/picocolors
3911 silly ADD node_modules/js-tokens
3912 silly ADD node_modules/@babel/helper-validator-identifier
3913 silly ADD node_modules/json5
3914 silly ADD node_modules/gensync
3915 silly ADD node_modules/convert-source-map
3916 silly ADD node_modules/@babel/types
3917 silly ADD node_modules/@babel/traverse
3918 silly ADD node_modules/@babel/template
3919 silly ADD node_modules/@babel/helpers
3920 silly ADD node_modules/@babel/helper-module-transforms
3921 silly ADD node_modules/@babel/helper-compilation-targets
3922 silly ADD node_modules/@babel/generator
3923 silly ADD node_modules/@babel/code-frame
3924 silly ADD node_modules/zod-validation-error
3925 silly ADD node_modules/zod
3926 silly ADD node_modules/hermes-parser
3927 silly ADD node_modules/@babel/parser
3928 silly ADD node_modules/@babel/core
3929 silly ADD node_modules/iterator.prototype
3930 silly ADD node_modules/string.prototype.repeat
3931 silly ADD node_modules/string.prototype.matchall
3932 silly ADD node_modules/prop-types
3933 silly ADD node_modules/object.entries
3934 silly ADD node_modules/estraverse
3935 silly ADD node_modules/es-iterator-helpers
3936 silly ADD node_modules/array.prototype.tosorted
3937 silly ADD node_modules/array.prototype.findlast
3938 silly ADD node_modules/string.prototype.includes
3939 silly ADD node_modules/language-tags
3940 silly ADD node_modules/jsx-ast-utils
3941 silly ADD node_modules/emoji-regex
3942 silly ADD node_modules/damerau-levenshtein
3943 silly ADD node_modules/axobject-query
3944 silly ADD node_modules/axe-core
3945 silly ADD node_modules/ast-types-flow
3946 silly ADD node_modules/aria-query
3947 silly ADD node_modules/is-symbol
3948 silly ADD node_modules/is-date-object
3949 silly ADD node_modules/es-abstract-get
3950 silly ADD node_modules/has-tostringtag
3951 silly ADD node_modules/possible-typed-array-names
3952 silly ADD node_modules/which-typed-array
3953 silly ADD node_modules/unbox-primitive
3954 silly ADD node_modules/typed-array-length
3955 silly ADD node_modules/typed-array-byte-offset
3956 silly ADD node_modules/typed-array-byte-length
3957 silly ADD node_modules/typed-array-buffer
3958 silly ADD node_modules/string.prototype.trimstart
3959 silly ADD node_modules/string.prototype.trim
3960 silly ADD node_modules/stop-iteration-iterator
3961 silly ADD node_modules/set-proto
3962 silly ADD node_modules/safe-regex-test
3963 silly ADD node_modules/safe-push-apply
3964 silly ADD node_modules/safe-array-concat
3965 silly ADD node_modules/regexp.prototype.flags
3966 silly ADD node_modules/own-keys
3967 silly ADD node_modules/object.assign
3968 silly ADD node_modules/object-inspect
3969 silly ADD node_modules/is-weakref
3970 silly ADD node_modules/is-typed-array
3971 silly ADD node_modules/is-shared-array-buffer
3972 silly ADD node_modules/is-set
3973 silly ADD node_modules/is-regex
3974 silly ADD node_modules/is-negative-zero
3975 silly ADD node_modules/is-data-view
3976 silly ADD node_modules/is-callable
3977 silly ADD node_modules/is-array-buffer
3978 silly ADD node_modules/internal-slot
3979 silly ADD node_modules/has-symbols
3980 silly ADD node_modules/has-proto
3981 silly ADD node_modules/globalthis
3982 silly ADD node_modules/get-symbol-description
3983 silly ADD node_modules/get-proto
3984 silly ADD node_modules/function.prototype.name
3985 silly ADD node_modules/es-to-primitive
3986 silly ADD node_modules/es-set-tostringtag
3987 silly ADD node_modules/data-view-byte-offset
3988 silly ADD node_modules/data-view-byte-length
3989 silly ADD node_modules/data-view-buffer
3990 silly ADD node_modules/available-typed-arrays
3991 silly ADD node_modules/arraybuffer.prototype.slice
3992 silly ADD node_modules/array-buffer-byte-length
3993 silly ADD node_modules/gopd
3994 silly ADD node_modules/object-keys
3995 silly ADD node_modules/has-property-descriptors
3996 silly ADD node_modules/define-data-property
3997 silly ADD node_modules/function-bind
3998 silly ADD node_modules/set-function-length
3999 silly ADD node_modules/es-define-property
4000 silly ADD node_modules/call-bind-apply-helpers
4001 silly ADD node_modules/es-shim-unscopables
4002 silly ADD node_modules/es-errors
4003 silly ADD node_modules/math-intrinsics
4004 silly ADD node_modules/is-string
4005 silly ADD node_modules/get-intrinsic
4006 silly ADD node_modules/es-object-atoms
4007 silly ADD node_modules/es-abstract
4008 silly ADD node_modules/define-properties
4009 silly ADD node_modules/call-bound
4010 silly ADD node_modules/call-bind
4011 silly ADD node_modules/tsconfig-paths
4012 silly ADD node_modules/tsconfig-paths/node_modules/json5
4013 silly ADD node_modules/string.prototype.trimend
4014 silly ADD node_modules/semver
4015 silly ADD node_modules/object.values
4016 silly ADD node_modules/object.groupby
4017 silly ADD node_modules/object.fromentries
4018 silly ADD node_modules/hasown
4019 silly ADD node_modules/eslint-module-utils
4020 silly ADD node_modules/eslint-module-utils/node_modules/debug
4021 silly ADD node_modules/doctrine
4022 silly ADD node_modules/array.prototype.flatmap
4023 silly ADD node_modules/array.prototype.flat
4024 silly ADD node_modules/array.prototype.findlastindex
4025 silly ADD node_modules/array-includes
4026 silly ADD node_modules/@rtsao/scc
4027 silly ADD node_modules/unrs-resolver
4028 silly ADD node_modules/tinyglobby
4029 silly ADD node_modules/tinyglobby/node_modules/picomatch
4030 silly ADD node_modules/tinyglobby/node_modules/fdir
4031 silly ADD node_modules/stable-hash
4032 silly ADD node_modules/is-bun-module
4033 silly ADD node_modules/is-bun-module/node_modules/semver
4034 silly ADD node_modules/get-tsconfig
4035 silly ADD node_modules/@nolyfill/is-core-module
4036 silly ADD node_modules/resolve
4037 silly ADD node_modules/is-core-module
4038 silly ADD node_modules/fast-glob
4039 silly ADD node_modules/fast-glob/node_modules/glob-parent
4040 silly ADD node_modules/typescript-eslint
4041 silly ADD node_modules/eslint-plugin-react-hooks
4042 silly ADD node_modules/eslint-plugin-react
4043 silly ADD node_modules/eslint-plugin-jsx-a11y
4044 silly ADD node_modules/eslint-plugin-import
4045 silly ADD node_modules/eslint-plugin-import/node_modules/debug
4046 silly ADD node_modules/eslint-import-resolver-typescript
4047 silly ADD node_modules/eslint-import-resolver-node
4048 silly ADD node_modules/eslint-import-resolver-node/node_modules/debug
4049 silly ADD node_modules/@next/eslint-plugin-next
4050 silly ADD node_modules/ms
4051 silly ADD node_modules/which
4052 silly ADD node_modules/shebang-command
4053 silly ADD node_modules/path-key
4054 silly ADD node_modules/color-name
4055 silly ADD node_modules/color-convert
4056 silly ADD node_modules/supports-color
4057 silly ADD node_modules/ansi-styles
4058 silly ADD node_modules/uri-js
4059 silly ADD node_modules/json-schema-traverse
4060 silly ADD node_modules/fast-json-stable-stringify
4061 silly ADD node_modules/@humanfs/types
4062 silly ADD node_modules/@humanfs/core
4063 silly ADD node_modules/levn
4064 silly ADD node_modules/strip-json-comments
4065 silly ADD node_modules/js-yaml
4066 silly ADD node_modules/import-fresh
4067 silly ADD node_modules/globals
4068 silly ADD node_modules/@types/json-schema
4069 silly ADD node_modules/@eslint/object-schema
4070 silly ADD node_modules/optionator
4071 silly ADD node_modules/natural-compare
4072 silly ADD node_modules/minimatch
4073 silly ADD node_modules/lodash.merge
4074 silly ADD node_modules/json-stable-stringify-without-jsonify
4075 silly ADD node_modules/is-glob
4076 silly ADD node_modules/imurmurhash
4077 silly ADD node_modules/ignore
4078 silly ADD node_modules/glob-parent
4079 silly ADD node_modules/find-up
4080 silly ADD node_modules/file-entry-cache
4081 silly ADD node_modules/fast-deep-equal
4082 silly ADD node_modules/esutils
4083 silly ADD node_modules/esquery
4084 silly ADD node_modules/espree
4085 silly ADD node_modules/eslint-visitor-keys
4086 silly ADD node_modules/eslint-scope
4087 silly ADD node_modules/escape-string-regexp
4088 silly ADD node_modules/debug
4089 silly ADD node_modules/cross-spawn
4090 silly ADD node_modules/chalk
4091 silly ADD node_modules/ajv
4092 silly ADD node_modules/@types/estree
4093 silly ADD node_modules/@humanwhocodes/retry
4094 silly ADD node_modules/@humanwhocodes/module-importer
4095 silly ADD node_modules/@humanfs/node
4096 silly ADD node_modules/@eslint/plugin-kit
4097 silly ADD node_modules/@eslint/js
4098 silly ADD node_modules/@eslint/eslintrc
4099 silly ADD node_modules/@eslint/core
4100 silly ADD node_modules/@eslint/config-helpers
4101 silly ADD node_modules/@eslint/config-array
4102 silly ADD node_modules/@eslint-community/regexpp
4103 silly ADD node_modules/@eslint-community/eslint-utils
4104 silly ADD node_modules/@eslint-community/eslint-utils/node_modules/eslint-visitor-keys
4105 silly ADD node_modules/tapable
4106 silly ADD node_modules/graceful-fs
4107 silly ADD node_modules/csstype
4108 silly ADD node_modules/undici-types
4109 silly ADD node_modules/@tailwindcss/oxide-win32-x64-msvc
4110 silly ADD node_modules/@tailwindcss/oxide-win32-arm64-msvc
4111 silly ADD node_modules/@tailwindcss/oxide-wasm32-wasi
4112 silly ADD node_modules/@tailwindcss/oxide-linux-x64-musl
4113 silly ADD node_modules/@tailwindcss/oxide-linux-x64-gnu
4114 silly ADD node_modules/@tailwindcss/oxide-linux-arm64-musl
4115 silly ADD node_modules/@tailwindcss/oxide-linux-arm64-gnu
4116 silly ADD node_modules/@tailwindcss/oxide-linux-arm-gnueabihf
4117 silly ADD node_modules/@tailwindcss/oxide-freebsd-x64
4118 silly ADD node_modules/@tailwindcss/oxide-darwin-x64
4119 silly ADD node_modules/@tailwindcss/oxide-darwin-arm64
4120 silly ADD node_modules/@tailwindcss/oxide-android-arm64
4121 silly ADD node_modules/@jridgewell/resolve-uri
4122 silly ADD node_modules/@jridgewell/sourcemap-codec
4123 silly ADD node_modules/@jridgewell/trace-mapping
4124 silly ADD node_modules/@jridgewell/gen-mapping
4125 silly ADD node_modules/source-map-js
4126 silly ADD node_modules/magic-string
4127 silly ADD node_modules/lightningcss
4128 silly ADD node_modules/jiti
4129 silly ADD node_modules/enhanced-resolve
4130 silly ADD node_modules/@jridgewell/remapping
4131 silly ADD node_modules/postcss
4132 silly ADD node_modules/@tailwindcss/oxide
4133 silly ADD node_modules/@tailwindcss/node
4134 silly ADD node_modules/@alloc/quick-lru
4135 silly ADD node_modules/typescript
4136 silly ADD node_modules/tailwindcss
4137 silly ADD node_modules/react-dom
4138 silly ADD node_modules/react
4139 silly ADD node_modules/next
4140 silly ADD node_modules/next/node_modules/postcss
4141 silly ADD node_modules/eslint-config-next
4142 silly ADD node_modules/eslint-config-next/node_modules/globals
4143 silly ADD node_modules/eslint
4144 silly ADD node_modules/@types/react-dom
4145 silly ADD node_modules/@types/react
4146 silly ADD node_modules/@types/node
4147 silly ADD node_modules/@tailwindcss/postcss
4148 verbose cwd /Users/asfanshanu/Desktop/hijamabyasfan
4149 verbose os Darwin 25.5.0
4150 verbose node v24.11.0
4151 verbose npm  v11.6.1
4152 notice
4152 notice New minor version of npm available! 11.6.1 -> 11.18.0
4152 notice Changelog: https://github.com/npm/cli/releases/tag/v11.18.0
4152 notice To update run: npm install -g npm@11.18.0
4152 notice  { force: true, Symbol(proc-log.meta): true }
4153 verbose exit 0
4154 info ok
